gate-hermetic: HARDKAS_HOME=C:\Users\jrodr\AppData\Local\Temp\hardkas-hermetic-home-qjr6Ze (empty)
gate-hermetic: DOCKER_HOST=tcp://127.0.0.1:1; preload=C:\Users\jrodr\Documents\kaslabdevs\GitHub\HardKas-repo\scripts\hermetic\no-network-preload.cjs; denied loopback ports=16210,17210,18210
gate-hermetic: vitest run --coverage.enabled=false

 RUN  v2.1.9 C:/Users/jrodr/Documents/kaslabdevs/GitHub/HardKas-repo

 ✓ packages/artifacts/test/adversarial/wave2-a-derive-tx-status.test.ts (15 tests) 69ms
 ❯ packages/tx-builder/test/generator-plan.test.ts (0 test)
 ❯ packages/artifacts/test/adversarial/wave1-3-b1-parent-migrated-forge.test.ts (9 tests | 4 failed) 357ms
   × B1 · a MigrationReceipt never turns a missing parent into a valid one > positive: a genuine migration with the legacy source present verifies strict through the normal parent path 29ms
     → WASM_TOOLCHAIN_NOT_INSTALLED: kaspa-wasm 2.1.0 is not installed at C:\Users\jrodr\AppData\Local\Temp\hardkas-hermetic-home-qjr6Ze\toolchains\kaspa-wasm\2.1.0.
Install it with: hardkas toolchain install kaspa-wasm
   × B1 · a MigrationReceipt never turns a missing parent into a valid one > the same genuine migration WITHOUT the source in the store fails strict with PARENT_MISSING (the source must stay) 11ms
     → WASM_TOOLCHAIN_NOT_INSTALLED: kaspa-wasm 2.1.0 is not installed at C:\Users\jrodr\AppData\Local\Temp\hardkas-hermetic-home-qjr6Ze\toolchains\kaspa-wasm\2.1.0.
Install it with: hardkas toolchain install kaspa-wasm
   × B1-bis · a descendant is not a re-issue: supersession requires schema continuity and a coherent receipt > case 1 (attack) · legacy plan L → legitimate v5 signed child S + forged FULL receipt old=L,new=S → undefined; L stays MIGRATION_REQUIRED 16ms
     → error:PARENT_CORRUPT: expected false to be true // Object.is equality
   × B1-bis · a descendant is not a re-issue: supersession requires schema continuity and a coherent receipt > case 2 (genuine) · plan → re-issued plan keeps returning the pair and the re-issue is a strict member of the store 24ms
     → WASM_TOOLCHAIN_NOT_INSTALLED: kaspa-wasm 2.1.0 is not installed at C:\Users\jrodr\AppData\Local\Temp\hardkas-hermetic-home-qjr6Ze\toolchains\kaspa-wasm\2.1.0.
Install it with: hardkas toolchain install kaspa-wasm
 ✓ packages/testnet-qualification/test/runner.unit.test.ts (8 tests) 62ms
 ❯ packages/cli/test/demo-cut-t-a14b-tx-status.test.ts (10 tests | 9 failed) 149ms
   × Demo-cut · T-A14b · tx status / tx wait present the derived Q4 state > walks SUBMITTED → MEMPOOL_ACCEPTED → ACCEPTED(n) → CONFIRMED(n) → FINALIZED, each equal to sdk.tx.status, nothing asserted beyond it 31ms
     → COINBASE_MATURITY_UNRESOLVED: Cannot resolve the coinbase maturity for network 'simulated' (WASM_TOOLCHAIN_NOT_INSTALLED: kaspa-wasm 2.1.0 is not installed at C:\Users\jrodr\AppData\Local\Temp\hardkas-hermetic-home-qjr6Ze\toolchains\kaspa-wasm\2.1.0.
Install it with: hardkas toolchain install kaspa-wasm). Provide an explicit override.
   × Demo-cut · T-A14b · tx status / tx wait present the derived Q4 state > REORGED, REJECTED_BY_NODE and INSUFFICIENT_EVIDENCE come straight from the model 14ms
     → COINBASE_MATURITY_UNRESOLVED: Cannot resolve the coinbase maturity for network 'simulated' (WASM_TOOLCHAIN_NOT_INSTALLED: kaspa-wasm 2.1.0 is not installed at C:\Users\jrodr\AppData\Local\Temp\hardkas-hermetic-home-qjr6Ze\toolchains\kaspa-wasm\2.1.0.
Install it with: hardkas toolchain install kaspa-wasm). Provide an explicit override.
   × Demo-cut · T-A14b · tx status / tx wait present the derived Q4 state > a submission the node rejected is REJECTED_BY_NODE, and `tx wait` fails on it instead of waiting 13ms
     → COINBASE_MATURITY_UNRESOLVED: Cannot resolve the coinbase maturity for network 'simulated' (WASM_TOOLCHAIN_NOT_INSTALLED: kaspa-wasm 2.1.0 is not installed at C:\Users\jrodr\AppData\Local\Temp\hardkas-hermetic-home-qjr6Ze\toolchains\kaspa-wasm\2.1.0.
Install it with: hardkas toolchain install kaspa-wasm). Provide an explicit override.
   × Demo-cut · T-A14b · tx status / tx wait present the derived Q4 state > `tx wait --until confirmed` follows the evidence to CONFIRMED, one persisted observation per look 13ms
     → COINBASE_MATURITY_UNRESOLVED: Cannot resolve the coinbase maturity for network 'simulated' (WASM_TOOLCHAIN_NOT_INSTALLED: kaspa-wasm 2.1.0 is not installed at C:\Users\jrodr\AppData\Local\Temp\hardkas-hermetic-home-qjr6Ze\toolchains\kaspa-wasm\2.1.0.
Install it with: hardkas toolchain install kaspa-wasm). Provide an explicit override.
   × Demo-cut · T-A14b · tx status / tx wait present the derived Q4 state > `tx wait --until accepted` stops at ACCEPTED; a timeout names the last derived state and never claims confirmation 12ms
     → COINBASE_MATURITY_UNRESOLVED: Cannot resolve the coinbase maturity for network 'simulated' (WASM_TOOLCHAIN_NOT_INSTALLED: kaspa-wasm 2.1.0 is not installed at C:\Users\jrodr\AppData\Local\Temp\hardkas-hermetic-home-qjr6Ze\toolchains\kaspa-wasm\2.1.0.
Install it with: hardkas toolchain install kaspa-wasm). Provide an explicit override.
   × Demo-cut · T-A14b · tx status / tx wait present the derived Q4 state > `tx wait --until confirmed` returns only once the node's UTXO view reflects the transaction (a trailing view is waited out) 13ms
     → COINBASE_MATURITY_UNRESOLVED: Cannot resolve the coinbase maturity for network 'simulated' (WASM_TOOLCHAIN_NOT_INSTALLED: kaspa-wasm 2.1.0 is not installed at C:\Users\jrodr\AppData\Local\Temp\hardkas-hermetic-home-qjr6Ze\toolchains\kaspa-wasm\2.1.0.
Install it with: hardkas toolchain install kaspa-wasm). Provide an explicit override.
   × Demo-cut · T-A14b · tx status / tx wait present the derived Q4 state > a UTXO view that never reflects the transaction fails explicitly and bounded, naming what is missing; the state stays CONFIRMED 12ms
     → COINBASE_MATURITY_UNRESOLVED: Cannot resolve the coinbase maturity for network 'simulated' (WASM_TOOLCHAIN_NOT_INSTALLED: kaspa-wasm 2.1.0 is not installed at C:\Users\jrodr\AppData\Local\Temp\hardkas-hermetic-home-qjr6Ze\toolchains\kaspa-wasm\2.1.0.
Install it with: hardkas toolchain install kaspa-wasm). Provide an explicit override.
   × Demo-cut · T-A14b · tx status / tx wait present the derived Q4 state > without a verifiable plan for the txId in this workspace the view is not checked, and the wait says so 13ms
     → COINBASE_MATURITY_UNRESOLVED: Cannot resolve the coinbase maturity for network 'simulated' (WASM_TOOLCHAIN_NOT_INSTALLED: kaspa-wasm 2.1.0 is not installed at C:\Users\jrodr\AppData\Local\Temp\hardkas-hermetic-home-qjr6Ze\toolchains\kaspa-wasm\2.1.0.
Install it with: hardkas toolchain install kaspa-wasm). Provide an explicit override.
   × Demo-cut · T-A14b · tx status / tx wait present the derived Q4 state > a simulator txId is SYNTHETIC_EXECUTED: status and wait say there is no network, and take no observation 14ms
     → COINBASE_MATURITY_UNRESOLVED: Cannot resolve the coinbase maturity for network 'simulated' (WASM_TOOLCHAIN_NOT_INSTALLED: kaspa-wasm 2.1.0 is not installed at C:\Users\jrodr\AppData\Local\Temp\hardkas-hermetic-home-qjr6Ze\toolchains\kaspa-wasm\2.1.0.
Install it with: hardkas toolchain install kaspa-wasm). Provide an explicit override.
 ✓ packages/artifacts/test/wave6-lineage-cycle-safety.test.ts (17 tests) 9920ms
   ✓ Wave 6 · LINEAGE-1 · cycle-safe canonical lineage resolver (IC-5′ re-base) > 13. chain exceeding configured depth throws LINEAGE_DEPTH_EXCEEDED 9537ms
 ❯ packages/cli/test/wave1-3-verify-cli.test.ts (10 tests | 10 skipped) 30ms
 ❯ packages/sdk/test/adversarial/wave2-a-tx-observer.test.ts (7 tests | 5 failed) 99ms
   × Wave 2(a) · SDK: submission cursor, persisted observations, derived status, blue-score waits > the submission carries the observer's cursor (submitPoint); status derives SUBMITTED until something is observed 29ms
     → COINBASE_MATURITY_UNRESOLVED: Cannot resolve the coinbase maturity for network 'simulated' (WASM_TOOLCHAIN_NOT_INSTALLED: kaspa-wasm 2.1.0 is not installed at C:\Users\jrodr\AppData\Local\Temp\hardkas-hermetic-home-qjr6Ze\toolchains\kaspa-wasm\2.1.0.
Install it with: hardkas toolchain install kaspa-wasm). Provide an explicit override.
   × Wave 2(a) · SDK: submission cursor, persisted observations, derived status, blue-score waits > observe persists FULL observations under observations/ and status follows the evidence: MEMPOOL_ACCEPTED → ACCEPTED → CONFIRMED(policy) 15ms
     → COINBASE_MATURITY_UNRESOLVED: Cannot resolve the coinbase maturity for network 'simulated' (WASM_TOOLCHAIN_NOT_INSTALLED: kaspa-wasm 2.1.0 is not installed at C:\Users\jrodr\AppData\Local\Temp\hardkas-hermetic-home-qjr6Ze\toolchains\kaspa-wasm\2.1.0.
Install it with: hardkas toolchain install kaspa-wasm). Provide an explicit override.
   × Wave 2(a) · SDK: submission cursor, persisted observations, derived status, blue-score waits > waitForConfirmations counts blue-score depth (a large DAA delta does not confirm) and waitForAccepted returns on acceptance 15ms
     → COINBASE_MATURITY_UNRESOLVED: Cannot resolve the coinbase maturity for network 'simulated' (WASM_TOOLCHAIN_NOT_INSTALLED: kaspa-wasm 2.1.0 is not installed at C:\Users\jrodr\AppData\Local\Temp\hardkas-hermetic-home-qjr6Ze\toolchains\kaspa-wasm\2.1.0.
Install it with: hardkas toolchain install kaspa-wasm). Provide an explicit override.
   × Wave 2(a) · SDK: submission cursor, persisted observations, derived status, blue-score waits > a reorg is derived from the evidence (REORGED), then a new acceptance is ACCEPTED again 14ms
     → COINBASE_MATURITY_UNRESOLVED: Cannot resolve the coinbase maturity for network 'simulated' (WASM_TOOLCHAIN_NOT_INSTALLED: kaspa-wasm 2.1.0 is not installed at C:\Users\jrodr\AppData\Local\Temp\hardkas-hermetic-home-qjr6Ze\toolchains\kaspa-wasm\2.1.0.
Install it with: hardkas toolchain install kaspa-wasm). Provide an explicit override.
   × Wave 2(a) · SDK: submission cursor, persisted observations, derived status, blue-score waits > a planted LEGACY (v4) observation never decides; the simulator's txId derives SYNTHETIC_EXECUTED and cannot be observed 14ms
     → COINBASE_MATURITY_UNRESOLVED: Cannot resolve the coinbase maturity for network 'simulated' (WASM_TOOLCHAIN_NOT_INSTALLED: kaspa-wasm 2.1.0 is not installed at C:\Users\jrodr\AppData\Local\Temp\hardkas-hermetic-home-qjr6Ze\toolchains\kaspa-wasm\2.1.0.
Install it with: hardkas toolchain install kaspa-wasm). Provide an explicit override.
node : stderr | packages/toolkit/test/wallet-watch-utxocontext.test.ts > Surface Cut 3b · R4: the watch contract on 
the new engine > a throwing listener does not stop delivery
En línea: 1 Carácter: 849
+ ... 0=Get-Date; node scripts/gate-hermetic.mjs --deny-ports 16210,17210,1 ...
+                 ~~~~~~~~~~~~~~~~~~~~~~~~~~~~~~~~~~~~~~~~~~~~~~~~~~~~~~~~~
    + CategoryInfo          : NotSpecified: (stderr | packag...t stop delivery:String) [], RemoteException
    + FullyQualifiedErrorId : NativeCommandError
 
{"timestamp":"2026-10-02T20:09:59.092Z","level":"error","event":"Wallet watch listener failed","context":{"error":{}}}

 ✓ packages/toolkit/test/wallet-watch-utxocontext.test.ts (13 tests) 23ms
stdout | packages/tx-builder/test/determinism.test.ts > P1.12 Deterministic Transaction Canonicalization > Test D: Hardcoded Cross-Platform Hash Fixture & Fixed Metadata Assertions
[Test D Info] Node Version: v24.15.0
[Test D Info] OS Platform: win32
[Test D Info] Canonical Hash version: 3
[Test D Info] Calculated Canonical Hash: 7aeb49fe1b07d0d8860c2b62cd72f882c550a1642974cbd7b0bedf7cf56d4469

 ❯ packages/tx-builder/test/determinism.test.ts (5 tests | 4 failed) 14ms
   × P1.12 Deterministic Transaction Canonicalization > Test A: RPC Order Randomization - shuffles available UTXOs and produces identical plans 8ms
     → WASM_TOOLCHAIN_NOT_INSTALLED: kaspa-wasm 2.1.0 is not installed at C:\Users\jrodr\AppData\Local\Temp\hardkas-hermetic-home-qjr6Ze\toolchains\kaspa-wasm\2.1.0.
Install it with: hardkas toolchain install kaspa-wasm
   × P1.12 Deterministic Transaction Canonicalization > Test B & C: Stable Plan Hash & Replay Stability 1ms
     → WASM_TOOLCHAIN_NOT_INSTALLED: kaspa-wasm 2.1.0 is not installed at C:\Users\jrodr\AppData\Local\Temp\hardkas-hermetic-home-qjr6Ze\toolchains\kaspa-wasm\2.1.0.
Install it with: hardkas toolchain install kaspa-wasm
   × P1.12 Deterministic Transaction Canonicalization > Test E: Equal Amount Tie-Breaking 1ms
     → WASM_TOOLCHAIN_NOT_INSTALLED: kaspa-wasm 2.1.0 is not installed at C:\Users\jrodr\AppData\Local\Temp\hardkas-hermetic-home-qjr6Ze\toolchains\kaspa-wasm\2.1.0.
Install it with: hardkas toolchain install kaspa-wasm
   × P1.12 Deterministic Transaction Canonicalization > Test F: Output Canonicalization + Change Separate Field 1ms
     → WASM_TOOLCHAIN_NOT_INSTALLED: kaspa-wasm 2.1.0 is not installed at C:\Users\jrodr\AppData\Local\Temp\hardkas-hermetic-home-qjr6Ze\toolchains\kaspa-wasm\2.1.0.
Install it with: hardkas toolchain install kaspa-wasm
 ✓ packages/artifacts/test/adversarial/wave1-2-resolver.test.ts (11 tests) 488ms
 ✓ packages/testnet-qualification/test/receipt-redactor.unit.test.ts (16 tests) 126ms
 ✓ packages/simulator/test/ghostdag.test.ts (23 tests) 11ms
 ✓ packages/artifacts/test/wave11-resolver-exact-id.test.ts (16 tests) 160ms
 ✓ packages/artifacts/test/artifact-handle.test.ts (17 tests) 234ms
 ❯ packages/sdk/test/adversarial/wave1-4-binding.test.ts (10 tests | 10 failed) 159ms
   × Wave 1.4 · signed↔plan binding (Q2-B) > a signed produced by the SDK is a synthetic authorization bound to its plan; send executes it with the synthetic txId 30ms
     → COINBASE_MATURITY_UNRESOLVED: Cannot resolve the coinbase maturity for network 'simulated' (WASM_TOOLCHAIN_NOT_INSTALLED: kaspa-wasm 2.1.0 is not installed at C:\Users\jrodr\AppData\Local\Temp\hardkas-hermetic-home-qjr6Ze\toolchains\kaspa-wasm\2.1.0.
Install it with: hardkas toolchain install kaspa-wasm). Provide an explicit override.
   × Wave 1.4 · signed↔plan binding (Q2-B) > T-C4b · the plan is swapped in the store for a redirected, re-hashed plan: send refuses and the state does not change 15ms
     → COINBASE_MATURITY_UNRESOLVED: Cannot resolve the coinbase maturity for network 'simulated' (WASM_TOOLCHAIN_NOT_INSTALLED: kaspa-wasm 2.1.0 is not installed at C:\Users\jrodr\AppData\Local\Temp\hardkas-hermetic-home-qjr6Ze\toolchains\kaspa-wasm\2.1.0.
Install it with: hardkas toolchain install kaspa-wasm). Provide an explicit override.
   × Wave 1.4 · signed↔plan binding (Q2-B) > T-B4 · a redirected + re-hashed plan is a new identity: signing it binds to THAT identity, and it never executes under the original's authorization 14ms
     → COINBASE_MATURITY_UNRESOLVED: Cannot resolve the coinbase maturity for network 'simulated' (WASM_TOOLCHAIN_NOT_INSTALLED: kaspa-wasm 2.1.0 is not installed at C:\Users\jrodr\AppData\Local\Temp\hardkas-hermetic-home-qjr6Ze\toolchains\kaspa-wasm\2.1.0.
Install it with: hardkas toolchain install kaspa-wasm). Provide an explicit override.
   × Wave 1.4 · signed↔plan binding (Q2-B) > T-B6 · a wrong signer is refused at authorization time and, if forged, at execution time; it never shares the identity 14ms
     → COINBASE_MATURITY_UNRESOLVED: Cannot resolve the coinbase maturity for network 'simulated' (WASM_TOOLCHAIN_NOT_INSTALLED: kaspa-wasm 2.1.0 is not installed at C:\Users\jrodr\AppData\Local\Temp\hardkas-hermetic-home-qjr6Ze\toolchains\kaspa-wasm\2.1.0.
Install it with: hardkas toolchain install kaspa-wasm). Provide an explicit override.
   × Wave 1.4 · signed↔plan binding (Q2-B) > T-B7 · an authorization that names another plan is refused (AUTHORIZATION_PLAN_MISMATCH), whichever field is forged 14ms
     → COINBASE_MATURITY_UNRESOLVED: Cannot resolve the coinbase maturity for network 'simulated' (WASM_TOOLCHAIN_NOT_INSTALLED: kaspa-wasm 2.1.0 is not installed at C:\Users\jrodr\AppData\Local\Temp\hardkas-hermetic-home-qjr6Ze\toolchains\kaspa-wasm\2.1.0.
Install it with: hardkas toolchain install kaspa-wasm). Provide an explicit override.
   × Wave 1.4 · signed↔plan binding (Q2-B) > IC-6′.5 · a legacy `format: "simulated"` signed is unbound: send and simulate refuse with LEGACY_UNBOUND_SIGNED 13ms
     → COINBASE_MATURITY_UNRESOLVED: Cannot resolve the coinbase maturity for network 'simulated' (WASM_TOOLCHAIN_NOT_INSTALLED: kaspa-wasm 2.1.0 is not installed at C:\Users\jrodr\AppData\Local\Temp\hardkas-hermetic-home-qjr6Ze\toolchains\kaspa-wasm\2.1.0.
Install it with: hardkas toolchain install kaspa-wasm). Provide an explicit override.
   × Wave 1.4 · signed↔plan binding (Q2-B) > IC-4′.4 · a LEGACY (v4) plan is never executed, even under a well-formed synthetic authorization 12ms
     → COINBASE_MATURITY_UNRESOLVED: Cannot resolve the coinbase maturity for network 'simulated' (WASM_TOOLCHAIN_NOT_INSTALLED: kaspa-wasm 2.1.0 is not installed at C:\Users\jrodr\AppData\Local\Temp\hardkas-hermetic-home-qjr6Ze\toolchains\kaspa-wasm\2.1.0.
Install it with: hardkas toolchain install kaspa-wasm). Provide an explicit override.
   × Wave 1.4 · signed↔plan binding (Q2-B) > T-DBL · a second send of the same authorization executes nothing and returns the same submission 14ms
     → COINBASE_MATURITY_UNRESOLVED: Cannot resolve the coinbase maturity for network 'simulated' (WASM_TOOLCHAIN_NOT_INSTALLED: kaspa-wasm 2.1.0 is not installed at C:\Users\jrodr\AppData\Local\Temp\hardkas-hermetic-home-qjr6Ze\toolchains\kaspa-wasm\2.1.0.
Install it with: hardkas toolchain install kaspa-wasm). Provide an explicit override.
   × Wave 1.4 · signed↔plan binding (Q2-B) > multisig · the threshold set is a synthetic authorization bound to the plan; a set that excludes the plan's `from` is refused 14ms
     → COINBASE_MATURITY_UNRESOLVED: Cannot resolve the coinbase maturity for network 'simulated' (WASM_TOOLCHAIN_NOT_INSTALLED: kaspa-wasm 2.1.0 is not installed at C:\Users\jrodr\AppData\Local\Temp\hardkas-hermetic-home-qjr6Ze\toolchains\kaspa-wasm\2.1.0.
Install it with: hardkas toolchain install kaspa-wasm). Provide an explicit override.
   × Wave 1.4 · signed↔plan binding (Q2-B) > T-DET · identical inputs in two fresh workspaces yield identical plan, authorization and receipt identities and txIds 18ms
     → COINBASE_MATURITY_UNRESOLVED: Cannot resolve the coinbase maturity for network 'simulated' (WASM_TOOLCHAIN_NOT_INSTALLED: kaspa-wasm 2.1.0 is not installed at C:\Users\jrodr\AppData\Local\Temp\hardkas-hermetic-home-qjr6Ze\toolchains\kaspa-wasm\2.1.0.
Install it with: hardkas toolchain install kaspa-wasm). Provide an explicit override.
 ❯ packages/sdk/test/lifecycle-trust.test.ts (9 tests | 8 failed) 175ms
   × 0.12.0-rc.26 Lifecycle Integrity & Trust Boundary Tests > 1. Fake policyRefs rehashed must fail verification under strict mode 36ms
     → COINBASE_MATURITY_UNRESOLVED: Cannot resolve the coinbase maturity for network 'simulated' (WASM_TOOLCHAIN_NOT_INSTALLED: kaspa-wasm 2.1.0 is not installed at C:\Users\jrodr\AppData\Local\Temp\hardkas-hermetic-home-qjr6Ze\toolchains\kaspa-wasm\2.1.0.
Install it with: hardkas toolchain install kaspa-wasm). Provide an explicit override.
   × 0.12.0-rc.26 Lifecycle Integrity & Trust Boundary Tests > 2. Policy DENY must fail plan creation and verification 27ms
     → expected [Function] to throw error including 'POLICY_VIOLATION' but got 'COINBASE_MATURITY_UNRESOLVED: Cannot …'
   × 0.12.0-rc.26 Lifecycle Integrity & Trust Boundary Tests > 3. Deleted/missing policyRefs must fail strict verification 15ms
     → COINBASE_MATURITY_UNRESOLVED: Cannot resolve the coinbase maturity for network 'simulated' (WASM_TOOLCHAIN_NOT_INSTALLED: kaspa-wasm 2.1.0 is not installed at C:\Users\jrodr\AppData\Local\Temp\hardkas-hermetic-home-qjr6Ze\toolchains\kaspa-wasm\2.1.0.
Install it with: hardkas toolchain install kaspa-wasm). Provide an explicit override.
   × 0.12.0-rc.26 Lifecycle Integrity & Trust Boundary Tests > 4. Missing policyRefs fails if strict verify runs 15ms
     → COINBASE_MATURITY_UNRESOLVED: Cannot resolve the coinbase maturity for network 'simulated' (WASM_TOOLCHAIN_NOT_INSTALLED: kaspa-wasm 2.1.0 is not installed at C:\Users\jrodr\AppData\Local\Temp\hardkas-hermetic-home-qjr6Ze\toolchains\kaspa-wasm\2.1.0.
Install it with: hardkas toolchain install kaspa-wasm). Provide an explicit override.
   × 0.12.0-rc.26 Lifecycle Integrity & Trust Boundary Tests > 6. Corrupted lineage parentArtifactId must fail verification 15ms
     → COINBASE_MATURITY_UNRESOLVED: Cannot resolve the coinbase maturity for network 'simulated' (WASM_TOOLCHAIN_NOT_INSTALLED: kaspa-wasm 2.1.0 is not installed at C:\Users\jrodr\AppData\Local\Temp\hardkas-hermetic-home-qjr6Ze\toolchains\kaspa-wasm\2.1.0.
Install it with: hardkas toolchain install kaspa-wasm). Provide an explicit override.
   × 0.12.0-rc.26 Lifecycle Integrity & Trust Boundary Tests > 7. Corrupted lineage sequence must fail verification 14ms
     → COINBASE_MATURITY_UNRESOLVED: Cannot resolve the coinbase maturity for network 'simulated' (WASM_TOOLCHAIN_NOT_INSTALLED: kaspa-wasm 2.1.0 is not installed at C:\Users\jrodr\AppData\Local\Temp\hardkas-hermetic-home-qjr6Ze\toolchains\kaspa-wasm\2.1.0.
Install it with: hardkas toolchain install kaspa-wasm). Provide an explicit override.
   × 0.12.0-rc.26 Lifecycle Integrity & Trust Boundary Tests > 8. Simulate signed without plan context must fail with parent_plan_unresolved error 13ms
     → COINBASE_MATURITY_UNRESOLVED: Cannot resolve the coinbase maturity for network 'simulated' (WASM_TOOLCHAIN_NOT_INSTALLED: kaspa-wasm 2.1.0 is not installed at C:\Users\jrodr\AppData\Local\Temp\hardkas-hermetic-home-qjr6Ze\toolchains\kaspa-wasm\2.1.0.
Install it with: hardkas toolchain install kaspa-wasm). Provide an explicit override.
   × 0.12.0-rc.26 Lifecycle Integrity & Trust Boundary Tests > 9. Replay rejecting lineage transitions 14ms
     → COINBASE_MATURITY_UNRESOLVED: Cannot resolve the coinbase maturity for network 'simulated' (WASM_TOOLCHAIN_NOT_INSTALLED: kaspa-wasm 2.1.0 is not installed at C:\Users\jrodr\AppData\Local\Temp\hardkas-hermetic-home-qjr6Ze\toolchains\kaspa-wasm\2.1.0.
Install it with: hardkas toolchain install kaspa-wasm). Provide an explicit override.
 ✓ packages/artifacts/test/adversarial/wave2-d-submission-fee.test.ts (9 tests) 26ms
 ❯ packages/core/test/silverscript-runner.test.ts (14 tests | 8 failed) 26ms
   × prepareSilverVmTests > puts the record's constructor arguments on every test and keeps the rest 7ms
     → WASM_TOOLCHAIN_NOT_INSTALLED: kaspa-wasm 2.1.0 is not installed at C:\Users\jrodr\AppData\Local\Temp\hardkas-hermetic-home-qjr6Ze\toolchains\kaspa-wasm\2.1.0.
Install it with: hardkas toolchain install kaspa-wasm
   × prepareSilverVmTests > signs a signature slot for its account over the scenario 1ms
     → WASM_TOOLCHAIN_NOT_INSTALLED: kaspa-wasm 2.1.0 is not installed at C:\Users\jrodr\AppData\Local\Temp\hardkas-hermetic-home-qjr6Ze\toolchains\kaspa-wasm\2.1.0.
Install it with: hardkas toolchain install kaspa-wasm
   × prepareSilverVmTests > signs the runner's default scenario when a test has no tx 1ms
     → WASM_TOOLCHAIN_NOT_INSTALLED: kaspa-wasm 2.1.0 is not installed at C:\Users\jrodr\AppData\Local\Temp\hardkas-hermetic-home-qjr6Ze\toolchains\kaspa-wasm\2.1.0.
Install it with: hardkas toolchain install kaspa-wasm
   × prepareSilverVmTests > rejects what the runner would ignore or HardKAS cannot vouch for 5ms
     → expected 'WASM_TOOLCHAIN_NOT_INSTALLED' to be 'SILVER_TEST_FILE_INVALID' // Object.is equality
   × prepareSilverVmTests > allows signature slots only where the entry takes a sig, with a signer, in a plain P2SH scenario 1ms
     → expected 'WASM_TOOLCHAIN_NOT_INSTALLED' to be 'SILVER_TEST_SIGNER_UNAVAILABLE' // Object.is equality
   × prepareSilverVmTests > never echoes what a signer returned 1ms
     → expected 'WASM_TOOLCHAIN_NOT_INSTALLED' to be 'SILVER_TEST_SIGNER_FAILED' // Object.is equality
   × runSilverVmTests (stand-in runner) > takes the runner's exit status as the verdict, one process per test 1ms
     → WASM_TOOLCHAIN_NOT_INSTALLED: kaspa-wasm 2.1.0 is not installed at C:\Users\jrodr\AppData\Local\Temp\hardkas-hermetic-home-qjr6Ze\toolchains\kaspa-wasm\2.1.0.
Install it with: hardkas toolchain install kaspa-wasm
   × runSilverVmTests (stand-in runner) > treats a silent success, a timeout and a runner that does not start as errors, never verdicts 1ms
     → expected 'WASM_TOOLCHAIN_NOT_INSTALLED' to be 'SILVER_RUNNER_OUTPUT_UNRECOGNIZED' // Object.is equality
 ❯ packages/kaspa-rpc/test/upstream.test.ts (19 tests | 1 failed) 1179ms
   ✓ upstream session: connection, errors and timeouts > a connection that never opens times out as a connection error 1029ms
   × Node/Windows compatibility: the SDK's WebSocket (node-websocket-compat.ts) > officialRpcFactory gives the SDK the `ws` WebSocket when the global is still Node's 91ms
     → WASM_TOOLCHAIN_NOT_INSTALLED: kaspa-wasm 2.1.0 is not installed at C:\Users\jrodr\AppData\Local\Temp\hardkas-hermetic-home-qjr6Ze\toolchains\kaspa-wasm\2.1.0.
Install it with: hardkas toolchain install kaspa-wasm
 ❯ packages/sdk/test/multisig-adversarial.test.ts (9 tests | 8 failed | 1 skipped) 336ms
   × Multisig Adversarial Suite > Case 1 & 4: Should support threshold 2 of 3 and reject append on signed 177ms
     → COINBASE_MATURITY_UNRESOLVED: Cannot resolve the coinbase maturity for network 'simulated' (WASM_TOOLCHAIN_NOT_INSTALLED: kaspa-wasm 2.1.0 is not installed at C:\Users\jrodr\AppData\Local\Temp\hardkas-hermetic-home-qjr6Ze\toolchains\kaspa-wasm\2.1.0.
Install it with: hardkas toolchain install kaspa-wasm). Provide an explicit override.
   × Multisig Adversarial Suite > Case 2: Should reject duplicate signature 23ms
     → COINBASE_MATURITY_UNRESOLVED: Cannot resolve the coinbase maturity for network 'simulated' (WASM_TOOLCHAIN_NOT_INSTALLED: kaspa-wasm 2.1.0 is not installed at C:\Users\jrodr\AppData\Local\Temp\hardkas-hermetic-home-qjr6Ze\toolchains\kaspa-wasm\2.1.0.
Install it with: hardkas toolchain install kaspa-wasm). Provide an explicit override.
   × Multisig Adversarial Suite > Case 3: Should reject unauthorized signer 20ms
     → COINBASE_MATURITY_UNRESOLVED: Cannot resolve the coinbase maturity for network 'simulated' (WASM_TOOLCHAIN_NOT_INSTALLED: kaspa-wasm 2.1.0 is not installed at C:\Users\jrodr\AppData\Local\Temp\hardkas-hermetic-home-qjr6Ze\toolchains\kaspa-wasm\2.1.0.
Install it with: hardkas toolchain install kaspa-wasm). Provide an explicit override.
   × Multisig Adversarial Suite > Case 6: Random signature order order-invariance check (100 iterations) 21ms
     → COINBASE_MATURITY_UNRESOLVED: Cannot resolve the coinbase maturity for network 'simulated' (WASM_TOOLCHAIN_NOT_INSTALLED: kaspa-wasm 2.1.0 is not installed at C:\Users\jrodr\AppData\Local\Temp\hardkas-hermetic-home-qjr6Ze\toolchains\kaspa-wasm\2.1.0.
Install it with: hardkas toolchain install kaspa-wasm). Provide an explicit override.
   × Multisig Adversarial Suite > Case 7: Manual corruption of signatures[] array 21ms
     → COINBASE_MATURITY_UNRESOLVED: Cannot resolve the coinbase maturity for network 'simulated' (WASM_TOOLCHAIN_NOT_INSTALLED: kaspa-wasm 2.1.0 is not installed at C:\Users\jrodr\AppData\Local\Temp\hardkas-hermetic-home-qjr6Ze\toolchains\kaspa-wasm\2.1.0.
Install it with: hardkas toolchain install kaspa-wasm). Provide an explicit override.
   × Multisig Adversarial Suite > Case 8: Manual corruption of threshold value 20ms
     → COINBASE_MATURITY_UNRESOLVED: Cannot resolve the coinbase maturity for network 'simulated' (WASM_TOOLCHAIN_NOT_INSTALLED: kaspa-wasm 2.1.0 is not installed at C:\Users\jrodr\AppData\Local\Temp\hardkas-hermetic-home-qjr6Ze\toolchains\kaspa-wasm\2.1.0.
Install it with: hardkas toolchain install kaspa-wasm). Provide an explicit override.
   × Multisig Adversarial Suite > Case 9: Manual corruption of requiredSigners list 29ms
     → COINBASE_MATURITY_UNRESOLVED: Cannot resolve the coinbase maturity for network 'simulated' (WASM_TOOLCHAIN_NOT_INSTALLED: kaspa-wasm 2.1.0 is not installed at C:\Users\jrodr\AppData\Local\Temp\hardkas-hermetic-home-qjr6Ze\toolchains\kaspa-wasm\2.1.0.
Install it with: hardkas toolchain install kaspa-wasm). Provide an explicit override.
   × Multisig Adversarial Suite > Case 10: Lineage walk from partial and signed 25ms
     → COINBASE_MATURITY_UNRESOLVED: Cannot resolve the coinbase maturity for network 'simulated' (WASM_TOOLCHAIN_NOT_INSTALLED: kaspa-wasm 2.1.0 is not installed at C:\Users\jrodr\AppData\Local\Temp\hardkas-hermetic-home-qjr6Ze\toolchains\kaspa-wasm\2.1.0.
Install it with: hardkas toolchain install kaspa-wasm). Provide an explicit override.
 ❯ packages/sdk/test/adversarial/wave1-3-producers.test.ts (6 tests | 5 failed) 110ms
   × Wave 1.3 · SDK producers > N6 · the workflow artifact is a version-5 artifact without a top-level artifactId, resolvable warm and cold 35ms
     → expected 'failed' to be 'completed' // Object.is equality
   × Wave 1.3 · SDK producers > R-iii · a real send writes an immutable txSubmission.v1 with the signed reference, the node's txId and the submit result; no post-send state 16ms
     → COINBASE_MATURITY_UNRESOLVED: Cannot resolve the coinbase maturity for network 'simulated' (WASM_TOOLCHAIN_NOT_INSTALLED: kaspa-wasm 2.1.0 is not installed at C:\Users\jrodr\AppData\Local\Temp\hardkas-hermetic-home-qjr6Ze\toolchains\kaspa-wasm\2.1.0.
Install it with: hardkas toolchain install kaspa-wasm). Provide an explicit override.
   × Wave 1.3 · SDK producers > R-iii · a rejected submit is recorded as a submission too (what HardKAS did), with the node's answer authenticated 15ms
     → COINBASE_MATURITY_UNRESOLVED: Cannot resolve the coinbase maturity for network 'simulated' (WASM_TOOLCHAIN_NOT_INSTALLED: kaspa-wasm 2.1.0 is not installed at C:\Users\jrodr\AppData\Local\Temp\hardkas-hermetic-home-qjr6Ze\toolchains\kaspa-wasm\2.1.0.
Install it with: hardkas toolchain install kaspa-wasm). Provide an explicit override.
   × Wave 1.3 · SDK producers > R-iii · two distinct submissions for one txId are an ambiguity, never a silent pick 13ms
     → COINBASE_MATURITY_UNRESOLVED: Cannot resolve the coinbase maturity for network 'simulated' (WASM_TOOLCHAIN_NOT_INSTALLED: kaspa-wasm 2.1.0 is not installed at C:\Users\jrodr\AppData\Local\Temp\hardkas-hermetic-home-qjr6Ze\toolchains\kaspa-wasm\2.1.0.
Install it with: hardkas toolchain install kaspa-wasm). Provide an explicit override.
   × Wave 1.3 · SDK producers > D-Q1.f · sdk.artifacts.migrate re-issues a legacy v4 plan as v5 plus a MigrationReceipt; the source stays as written 13ms
     → COINBASE_MATURITY_UNRESOLVED: Cannot resolve the coinbase maturity for network 'simulated' (WASM_TOOLCHAIN_NOT_INSTALLED: kaspa-wasm 2.1.0 is not installed at C:\Users\jrodr\AppData\Local\Temp\hardkas-hermetic-home-qjr6Ze\toolchains\kaspa-wasm\2.1.0.
Install it with: hardkas toolchain install kaspa-wasm). Provide an explicit override.
 ❯ packages/cli/test/wave2-b-planner-convergence.test.ts (4 tests | 4 failed) 175ms
   × Wave 2(b) · canonical planner in the CLI (AUD-17) and explicit change (AUD-28) > T-A17c · the simulator plans through the canonical synthetic planner and says so 6ms
     → COINBASE_MATURITY_UNRESOLVED: Cannot resolve the coinbase maturity for network 'simulated' (WASM_TOOLCHAIN_NOT_INSTALLED: kaspa-wasm 2.1.0 is not installed at C:\Users\jrodr\AppData\Local\Temp\hardkas-hermetic-home-qjr6Ze\toolchains\kaspa-wasm\2.1.0.
Install it with: hardkas toolchain install kaspa-wasm). Provide an explicit override.
   × Wave 2(b) · canonical planner in the CLI (AUD-17) and explicit change (AUD-28) > T-A17a · a real network plans through the upstream Generator (KASPA_WASM_GENERATOR) with the CLI read guards intact 2ms
     → COINBASE_MATURITY_UNRESOLVED: Cannot resolve the coinbase maturity for network 'simnet' (WASM_TOOLCHAIN_NOT_INSTALLED: kaspa-wasm 2.1.0 is not installed at C:\Users\jrodr\AppData\Local\Temp\hardkas-hermetic-home-qjr6Ze\toolchains\kaspa-wasm\2.1.0.
Install it with: hardkas toolchain install kaspa-wasm). Provide an explicit override.
   × Wave 2(b) · canonical planner in the CLI (AUD-17) and explicit change (AUD-28) > T-A17b · the same intention through the CLI and the SDK yields the same inputs, fee and mass 1ms
     → COINBASE_MATURITY_UNRESOLVED: Cannot resolve the coinbase maturity for network 'simnet' (WASM_TOOLCHAIN_NOT_INSTALLED: kaspa-wasm 2.1.0 is not installed at C:\Users\jrodr\AppData\Local\Temp\hardkas-hermetic-home-qjr6Ze\toolchains\kaspa-wasm\2.1.0.
Install it with: hardkas toolchain install kaspa-wasm). Provide an explicit override.
   × Wave 2(b) · canonical planner in the CLI (AUD-17) and explicit change (AUD-28) > T-A28 · an explicit change destination reaches the plan through the CLI (real and simulator), the SDK and the toolkit 2ms
     → COINBASE_MATURITY_UNRESOLVED: Cannot resolve the coinbase maturity for network 'simnet' (WASM_TOOLCHAIN_NOT_INSTALLED: kaspa-wasm 2.1.0 is not installed at C:\Users\jrodr\AppData\Local\Temp\hardkas-hermetic-home-qjr6Ze\toolchains\kaspa-wasm\2.1.0.
Install it with: hardkas toolchain install kaspa-wasm). Provide an explicit override.
 ✓ packages/artifacts/test/wave10-receipt-lookup.test.ts (12 tests) 104ms
 ✓ packages/artifacts/test/adversarial/wave1-3-migration.test.ts (11 tests) 29ms
 ❯ packages/sdk/test/wave1-def1c-canonical-identity.test.ts (8 tests | 7 failed) 1426ms
   × DEF-1c · canonical receipt identity is one across runtime/persistence/return > SDK-returned receipt.contentHash equals persisted receipt.contentHash on disk 1294ms
     → COINBASE_MATURITY_UNRESOLVED: Cannot resolve the coinbase maturity for network 'simulated' (WASM_TOOLCHAIN_NOT_INSTALLED: kaspa-wasm 2.1.0 is not installed at C:\Users\jrodr\AppData\Local\Temp\hardkas-hermetic-home-qjr6Ze\toolchains\kaspa-wasm\2.1.0.
Install it with: hardkas toolchain install kaspa-wasm). Provide an explicit override.
   × DEF-1c · canonical receipt identity is one across runtime/persistence/return > persisted receipt's parentArtifactId resolves to the signed artifact on disk (fresh-process restart) 22ms
     → COINBASE_MATURITY_UNRESOLVED: Cannot resolve the coinbase maturity for network 'simulated' (WASM_TOOLCHAIN_NOT_INSTALLED: kaspa-wasm 2.1.0 is not installed at C:\Users\jrodr\AppData\Local\Temp\hardkas-hermetic-home-qjr6Ze\toolchains\kaspa-wasm\2.1.0.
Install it with: hardkas toolchain install kaspa-wasm). Provide an explicit override.
   × DEF-1c · canonical receipt identity is one across runtime/persistence/return > preStateHash and postStateHash survive as execution/state evidence, never as artifact parents 19ms
     → COINBASE_MATURITY_UNRESOLVED: Cannot resolve the coinbase maturity for network 'simulated' (WASM_TOOLCHAIN_NOT_INSTALLED: kaspa-wasm 2.1.0 is not installed at C:\Users\jrodr\AppData\Local\Temp\hardkas-hermetic-home-qjr6Ze\toolchains\kaspa-wasm\2.1.0.
Install it with: hardkas toolchain install kaspa-wasm). Provide an explicit override.
   × DEF-1c · canonical receipt identity is one across runtime/persistence/return > schema-owned lifecycle fields land on the canonical receipt (single construction) 22ms
     → COINBASE_MATURITY_UNRESOLVED: Cannot resolve the coinbase maturity for network 'simulated' (WASM_TOOLCHAIN_NOT_INSTALLED: kaspa-wasm 2.1.0 is not installed at C:\Users\jrodr\AppData\Local\Temp\hardkas-hermetic-home-qjr6Ze\toolchains\kaspa-wasm\2.1.0.
Install it with: hardkas toolchain install kaspa-wasm). Provide an explicit override.
   × DEF-1c · canonical receipt identity is one across runtime/persistence/return > execution-derived values (feeSompi, mass, spent/created UTXOs) survive on the canonical receipt 20ms
     → COINBASE_MATURITY_UNRESOLVED: Cannot resolve the coinbase maturity for network 'simulated' (WASM_TOOLCHAIN_NOT_INSTALLED: kaspa-wasm 2.1.0 is not installed at C:\Users\jrodr\AppData\Local\Temp\hardkas-hermetic-home-qjr6Ze\toolchains\kaspa-wasm\2.1.0.
Install it with: hardkas toolchain install kaspa-wasm). Provide an explicit override.
   × DEF-1c · canonical receipt identity is one across runtime/persistence/return > trace's parent is the canonical receipt (not a state hash, not a different identity) 21ms
     → COINBASE_MATURITY_UNRESOLVED: Cannot resolve the coinbase maturity for network 'simulated' (WASM_TOOLCHAIN_NOT_INSTALLED: kaspa-wasm 2.1.0 is not installed at C:\Users\jrodr\AppData\Local\Temp\hardkas-hermetic-home-qjr6Ze\toolchains\kaspa-wasm\2.1.0.
Install it with: hardkas toolchain install kaspa-wasm). Provide an explicit override.
   × DEF-1c · canonical receipt identity is one across runtime/persistence/return > duplicate simulator execution with identical deterministic inputs produces an identical canonical identity — no wrapper-timestamp fork 21ms
     → COINBASE_MATURITY_UNRESOLVED: Cannot resolve the coinbase maturity for network 'simulated' (WASM_TOOLCHAIN_NOT_INSTALLED: kaspa-wasm 2.1.0 is not installed at C:\Users\jrodr\AppData\Local\Temp\hardkas-hermetic-home-qjr6Ze\toolchains\kaspa-wasm\2.1.0.
Install it with: hardkas toolchain install kaspa-wasm). Provide an explicit override.
 ✓ packages/artifacts/test/wave1-h-persistence-failure.test.ts (3 tests) 39ms
 ❯ packages/artifacts/test/adversarial/wave1-2-references.test.ts (11 tests | 5 failed) 104ms
   × Wave 1.2 · persisted references resolve only by verified identity > baseline: a plan bound to a DENY policy fails strict semantics with POLICY_VIOLATION 27ms
     → WASM_TOOLCHAIN_NOT_INSTALLED: kaspa-wasm 2.1.0 is not installed at C:\Users\jrodr\AppData\Local\Temp\hardkas-hermetic-home-qjr6Ze\toolchains\kaspa-wasm\2.1.0.
Install it with: hardkas toolchain install kaspa-wasm
   × Wave 1.2 · persisted references resolve only by verified identity > T-P7 (AUD-10) · an ALLOW impostor claiming the DENY policy's identity via top-level artifactId is never the reference target 15ms
     → WASM_TOOLCHAIN_NOT_INSTALLED: kaspa-wasm 2.1.0 is not installed at C:\Users\jrodr\AppData\Local\Temp\hardkas-hermetic-home-qjr6Ze\toolchains\kaspa-wasm\2.1.0.
Install it with: hardkas toolchain install kaspa-wasm
   × Wave 1.2 · persisted references resolve only by verified identity > T-AUX02 · references are never resolved relative to process.cwd() 16ms
     → WASM_TOOLCHAIN_NOT_INSTALLED: kaspa-wasm 2.1.0 is not installed at C:\Users\jrodr\AppData\Local\Temp\hardkas-hermetic-home-qjr6Ze\toolchains\kaspa-wasm\2.1.0.
Install it with: hardkas toolchain install kaspa-wasm
   × Wave 1.2 · persisted references resolve only by verified identity > IC-5′.6 · a persisted reference that is a label (not a 64-hex artifactId) is REFERENCE_INVALID, not resolved 13ms
     → WASM_TOOLCHAIN_NOT_INSTALLED: kaspa-wasm 2.1.0 is not installed at C:\Users\jrodr\AppData\Local\Temp\hardkas-hermetic-home-qjr6Ze\toolchains\kaspa-wasm\2.1.0.
Install it with: hardkas toolchain install kaspa-wasm
   × Wave 1.2 · persisted references resolve only by verified identity > IC-5′.6 · a referenced policy whose stored copy was tampered is REFERENCE_HASH_MISMATCH (verified before use) 15ms
     → WASM_TOOLCHAIN_NOT_INSTALLED: kaspa-wasm 2.1.0 is not installed at C:\Users\jrodr\AppData\Local\Temp\hardkas-hermetic-home-qjr6Ze\toolchains\kaspa-wasm\2.1.0.
Install it with: hardkas toolchain install kaspa-wasm
 ❯ packages/sdk/test/adversarial/wave2-d-send-fee.test.ts (6 tests | 6 failed) 94ms
   × Wave 2(d) · the submission records a derived fee or insufficient evidence; a divergent signed is refused > the plan's destination scripts derived without WASM equal what kaspa-wasm builds for the same addresses 28ms
     → COINBASE_MATURITY_UNRESOLVED: Cannot resolve the coinbase maturity for network 'simnet' (WASM_TOOLCHAIN_NOT_INSTALLED: kaspa-wasm 2.1.0 is not installed at C:\Users\jrodr\AppData\Local\Temp\hardkas-hermetic-home-qjr6Ze\toolchains\kaspa-wasm\2.1.0.
Install it with: hardkas toolchain install kaspa-wasm). Provide an explicit override.
   × Wave 2(d) · the submission records a derived fee or insufficient evidence; a divergent signed is refused > 1 · plan and signed economically identical ⇒ fee derived (Σ plan inputs − Σ signed outputs), authenticated in the submission 14ms
     → COINBASE_MATURITY_UNRESOLVED: Cannot resolve the coinbase maturity for network 'simnet' (WASM_TOOLCHAIN_NOT_INSTALLED: kaspa-wasm 2.1.0 is not installed at C:\Users\jrodr\AppData\Local\Temp\hardkas-hermetic-home-qjr6Ze\toolchains\kaspa-wasm\2.1.0.
Install it with: hardkas toolchain install kaspa-wasm). Provide an explicit override.
   × Wave 2(d) · the submission records a derived fee or insufficient evidence; a divergent signed is refused > 2 · the signed change is 7 sompi smaller ⇒ SIGNED_PLAN_MISMATCH: nothing is broadcast, nothing is written, no 'fee + 7' 12ms
     → COINBASE_MATURITY_UNRESOLVED: Cannot resolve the coinbase maturity for network 'simnet' (WASM_TOOLCHAIN_NOT_INSTALLED: kaspa-wasm 2.1.0 is not installed at C:\Users\jrodr\AppData\Local\Temp\hardkas-hermetic-home-qjr6Ze\toolchains\kaspa-wasm\2.1.0.
Install it with: hardkas toolchain install kaspa-wasm). Provide an explicit override.
   × Wave 2(d) · the submission records a derived fee or insufficient evidence; a divergent signed is refused > 3 · the signed payment amount differs with the same inputs ⇒ SIGNED_PLAN_MISMATCH 13ms
     → COINBASE_MATURITY_UNRESOLVED: Cannot resolve the coinbase maturity for network 'simnet' (WASM_TOOLCHAIN_NOT_INSTALLED: kaspa-wasm 2.1.0 is not installed at C:\Users\jrodr\AppData\Local\Temp\hardkas-hermetic-home-qjr6Ze\toolchains\kaspa-wasm\2.1.0.
Install it with: hardkas toolchain install kaspa-wasm). Provide an explicit override.
   × Wave 2(d) · the submission records a derived fee or insufficient evidence; a divergent signed is refused > 4 · extra, omitted or reordered outputs, a redirected destination or a foreign input ⇒ SIGNED_PLAN_MISMATCH 13ms
     → COINBASE_MATURITY_UNRESOLVED: Cannot resolve the coinbase maturity for network 'simnet' (WASM_TOOLCHAIN_NOT_INSTALLED: kaspa-wasm 2.1.0 is not installed at C:\Users\jrodr\AppData\Local\Temp\hardkas-hermetic-home-qjr6Ze\toolchains\kaspa-wasm\2.1.0.
Install it with: hardkas toolchain install kaspa-wasm). Provide an explicit override.
   × Wave 2(d) · the submission records a derived fee or insufficient evidence; a divergent signed is refused > an opaque payload yields `insufficient-evidence` with the reason; no submission ever writes a default fee of 0 13ms
     → COINBASE_MATURITY_UNRESOLVED: Cannot resolve the coinbase maturity for network 'simnet' (WASM_TOOLCHAIN_NOT_INSTALLED: kaspa-wasm 2.1.0 is not installed at C:\Users\jrodr\AppData\Local\Temp\hardkas-hermetic-home-qjr6Ze\toolchains\kaspa-wasm\2.1.0.
Install it with: hardkas toolchain install kaspa-wasm). Provide an explicit override.
 ✓ packages/artifacts/test/adversarial/wave1-1-canonical-v5.test.ts (12 tests) 23ms
 ✓ packages/testnet-qualification/test/submission-guard.unit.test.ts (12 tests) 12ms
 ❯ packages/cli/test/wave2-c-pending-spend.test.ts (7 tests | 6 failed) 167ms
   × Wave 2(c) · AUD-19 · pending-spend exclusion with mempool evidence > T-A19 · with a mempool transaction spending outpoint A, the CLI plan never selects A and records the evidence it filtered against 5ms
     → COINBASE_MATURITY_UNRESOLVED: Cannot resolve the coinbase maturity for network 'simnet' (WASM_TOOLCHAIN_NOT_INSTALLED: kaspa-wasm 2.1.0 is not installed at C:\Users\jrodr\AppData\Local\Temp\hardkas-hermetic-home-qjr6Ze\toolchains\kaspa-wasm\2.1.0.
Install it with: hardkas toolchain install kaspa-wasm). Provide an explicit override.
   × Wave 2(c) · AUD-19 · pending-spend exclusion with mempool evidence > T-A19 · a mempool transaction merely PAYING the sender excludes nothing 1ms
     → COINBASE_MATURITY_UNRESOLVED: Cannot resolve the coinbase maturity for network 'simnet' (WASM_TOOLCHAIN_NOT_INSTALLED: kaspa-wasm 2.1.0 is not installed at C:\Users\jrodr\AppData\Local\Temp\hardkas-hermetic-home-qjr6Ze\toolchains\kaspa-wasm\2.1.0.
Install it with: hardkas toolchain install kaspa-wasm). Provide an explicit override.
   × Wave 2(c) · AUD-19 · pending-spend exclusion with mempool evidence > T-A19 · every spendable outpoint pending ⇒ an explicit PENDING_SPEND_ALL_EXCLUDED, not a generic insufficient-funds 4ms
     → expected 'COINBASE_MATURITY_UNRESOLVED' to be 'PENDING_SPEND_ALL_EXCLUDED' // Object.is equality
   × Wave 2(c) · AUD-19 · pending-spend exclusion with mempool evidence > T-A19 · no mempool evidence (RPC failure, or a client that cannot ask) ⇒ no plan, PENDING_SPEND_EVIDENCE_UNAVAILABLE 2ms
     → expected 'COINBASE_MATURITY_UNRESOLVED' to be 'PENDING_SPEND_EVIDENCE_UNAVAILABLE' // Object.is equality
   × Wave 2(c) · AUD-19 · pending-spend exclusion with mempool evidence > T-A19 · the SDK applies the same exclusion and refusal; CLI ≡ SDK under the same mempool 1ms
     → COINBASE_MATURITY_UNRESOLVED: Cannot resolve the coinbase maturity for network 'simnet' (WASM_TOOLCHAIN_NOT_INSTALLED: kaspa-wasm 2.1.0 is not installed at C:\Users\jrodr\AppData\Local\Temp\hardkas-hermetic-home-qjr6Ze\toolchains\kaspa-wasm\2.1.0.
Install it with: hardkas toolchain install kaspa-wasm). Provide an explicit override.
   × Wave 2(c) · AUD-19 · pending-spend exclusion with mempool evidence > the simulator records no pending-spend evidence (it has no mempool) and says nothing about one 2ms
     → COINBASE_MATURITY_UNRESOLVED: Cannot resolve the coinbase maturity for network 'simulated' (WASM_TOOLCHAIN_NOT_INSTALLED: kaspa-wasm 2.1.0 is not installed at C:\Users\jrodr\AppData\Local\Temp\hardkas-hermetic-home-qjr6Ze\toolchains\kaspa-wasm\2.1.0.
Install it with: hardkas toolchain install kaspa-wasm). Provide an explicit override.
 ✓ packages/testnet-qualification/test/receipt.unit.test.ts (18 tests) 50ms
 ✓ packages/query/test/phase6-query.test.ts (14 tests) 35ms
 ✓ packages/artifacts/test/adversarial/wave1-3-domain-digest.test.ts (11 tests) 330ms
 ❯ packages/cli/test/demo-ready-e02-live-dag-planning.test.ts (6 tests | 6 failed) 285ms
   × Demo-ready · E02 · planning on a live DAG is UTXO-scoped > A · the DAG advances several times while one plan is built; inputs intact, mempool clean ⇒ the plan is valid 122ms
     → COINBASE_MATURITY_UNRESOLVED: Cannot resolve the coinbase maturity for network 'simnet' (WASM_TOOLCHAIN_NOT_INSTALLED: kaspa-wasm 2.1.0 is not installed at C:\Users\jrodr\AppData\Local\Temp\hardkas-hermetic-home-qjr6Ze\toolchains\kaspa-wasm\2.1.0.
Install it with: hardkas toolchain install kaspa-wasm). Provide an explicit override.
   × Demo-ready · E02 · planning on a live DAG is UTXO-scoped > control · no block arrives while planning ⇒ one attempt, identical fingerprints, same evidence shape 2ms
     → COINBASE_MATURITY_UNRESOLVED: Cannot resolve the coinbase maturity for network 'simnet' (WASM_TOOLCHAIN_NOT_INSTALLED: kaspa-wasm 2.1.0 is not installed at C:\Users\jrodr\AppData\Local\Temp\hardkas-hermetic-home-qjr6Ze\toolchains\kaspa-wasm\2.1.0.
Install it with: hardkas toolchain install kaspa-wasm). Provide an explicit override.
   × Demo-ready · E02 · planning on a live DAG is UTXO-scoped > B · a selected input missing when the node is re-read is never planned: bounded retries, then SELECTED_UTXO_INVALIDATED 5ms
     → expected 'COINBASE_MATURITY_UNRESOLVED' to be 'SELECTED_UTXO_INVALIDATED' // Object.is equality
   × Demo-ready · E02 · planning on a live DAG is UTXO-scoped > B · an input spent between selection and re-validation makes the attempt retry; the retry plans on what is still unspent 1ms
     → COINBASE_MATURITY_UNRESOLVED: Cannot resolve the coinbase maturity for network 'simnet' (WASM_TOOLCHAIN_NOT_INSTALLED: kaspa-wasm 2.1.0 is not installed at C:\Users\jrodr\AppData\Local\Temp\hardkas-hermetic-home-qjr6Ze\toolchains\kaspa-wasm\2.1.0.
Install it with: hardkas toolchain install kaspa-wasm). Provide an explicit override.
   × Demo-ready · E02 · planning on a live DAG is UTXO-scoped > C · a selected input the observed mempool shows being spent after planning is never planned: retries, then SELECTED_UTXO_INVALIDATED 1ms
     → expected 'COINBASE_MATURITY_UNRESOLVED' to be 'SELECTED_UTXO_INVALIDATED' // Object.is equality
   × Demo-ready · E02 · planning on a live DAG is UTXO-scoped > C · once the observed mempool shows the input being spent, the retry excludes it through the pending-spend evidence 1ms
     → COINBASE_MATURITY_UNRESOLVED: Cannot resolve the coinbase maturity for network 'simnet' (WASM_TOOLCHAIN_NOT_INSTALLED: kaspa-wasm 2.1.0 is not installed at C:\Users\jrodr\AppData\Local\Temp\hardkas-hermetic-home-qjr6Ze\toolchains\kaspa-wasm\2.1.0.
Install it with: hardkas toolchain install kaspa-wasm). Provide an explicit override.
 ❯ packages/cli/test/scaffold-versions.test.ts (12 tests | 5 failed) 14430ms
   × scaffold-versions — end-to-end via `hardkas init` > generated package.json for `hardkas init` pins @hardkas/* to the CLI's exact version 2872ms
     → Command failed: node --import tsx "C:\Users\jrodr\Documents\kaslabdevs\GitHub\HardKas-repo\packages\cli\src\index.ts" init "C:\Users\jrodr\AppData\Local\Temp\hardkas-scaffold-test-kYQiQp" --template basic --network simulated --accounts 3 --json
   × scaffold-versions — end-to-end via `hardkas init` > scaffold output HardKAS dep set is deterministic across runs on the same CLI 2915ms
     → Command failed: node --import tsx "C:\Users\jrodr\Documents\kaslabdevs\GitHub\HardKas-repo\packages\cli\src\index.ts" init "C:\Users\jrodr\AppData\Local\Temp\hardkas-scaffold-test-oC15MY" --template basic --network simulated --accounts 3 --json
   × scaffold-versions — end-to-end via `hardkas init` > regression: `hardkas init` does not scaffold @kaspa/core-lib, which nothing in HardKAS uses 2905ms
     → Command failed: node --import tsx "C:\Users\jrodr\Documents\kaslabdevs\GitHub\HardKas-repo\packages\cli\src\index.ts" init "C:\Users\jrodr\AppData\Local\Temp\hardkas-scaffold-test-dJBcDh" --template basic --network simulated --accounts 3 --json
   × scaffold-versions — end-to-end via `hardkas init` > regression: `latest` never appears in generated @hardkas/* dep values (bug historically observed on rc.21) 2918ms
     → Command failed: node --import tsx "C:\Users\jrodr\Documents\kaslabdevs\GitHub\HardKas-repo\packages\cli\src\index.ts" init "C:\Users\jrodr\AppData\Local\Temp\hardkas-scaffold-test-LxoKCz" --template basic --network simulated --accounts 3 --json
   × scaffold-versions — post-publish coherence property > `CLI release X -> hardkas init -> generated @hardkas/* deps === X` 2810ms
     → Command failed: node --import tsx "C:\Users\jrodr\Documents\kaslabdevs\GitHub\HardKas-repo\packages\cli\src\index.ts" init "C:\Users\jrodr\AppData\Local\Temp\hardkas-scaffold-test-nWbhbP" --template basic --network simulated --accounts 3 --json
 ✓ packages/cli/test/l2-smoke.test.ts (13 tests) 56ms
 ❯ packages/localnet/test/wave1-3-domain-digests.test.ts (8 tests | 3 failed) 21ms
   × Wave 1.3 · T-N7 replay uses the digest of the receipt's declared version > a current (v5) receipt records current digests and replays cleanly 7ms
     → WASM_TOOLCHAIN_NOT_INSTALLED: kaspa-wasm 2.1.0 is not installed at C:\Users\jrodr\AppData\Local\Temp\hardkas-hermetic-home-qjr6Ze\toolchains\kaspa-wasm\2.1.0.
Install it with: hardkas toolchain install kaspa-wasm
   × Wave 1.3 · T-N7 replay uses the digest of the receipt's declared version > a legacy v4 receipt (digests from canonical v4) replays with the legacy digest: no false preStateHash divergence 1ms
     → WASM_TOOLCHAIN_NOT_INSTALLED: kaspa-wasm 2.1.0 is not installed at C:\Users\jrodr\AppData\Local\Temp\hardkas-hermetic-home-qjr6Ze\toolchains\kaspa-wasm\2.1.0.
Install it with: hardkas toolchain install kaspa-wasm
   × Wave 1.3 · T-N7 replay uses the digest of the receipt's declared version > control: a v5 receipt carrying legacy digests diverges (the declared version decides, nothing is retried) 1ms
     → WASM_TOOLCHAIN_NOT_INSTALLED: kaspa-wasm 2.1.0 is not installed at C:\Users\jrodr\AppData\Local\Temp\hardkas-hermetic-home-qjr6Ze\toolchains\kaspa-wasm\2.1.0.
Install it with: hardkas toolchain install kaspa-wasm
stderr | packages/dev-server/test/escrow-fail-closed.test.ts > escrow routes fail closed > fund refuses to spend from 
an account other than the buyer and persists nothing
Fund error: Error: WASM_TOOLCHAIN_NOT_INSTALLED: kaspa-wasm 2.1.0 is not installed at 
C:\Users\jrodr\AppData\Local\Temp\hardkas-hermetic-home-qjr6Ze\toolchains\kaspa-wasm\2.1.0.
Install it with: hardkas toolchain install kaspa-wasm
    at Module.loadManagedKaspaWasmSync 
(C:\Users\jrodr\Documents\kaslabdevs\GitHub\HardKas-repo\packages\core\src\kaspa-wasm.ts:23:17)
    at loadKaspaWasmSync 
(C:\Users\jrodr\Documents\kaslabdevs\GitHub\HardKas-repo\packages\accounts\src\signer-backend.ts:32:10)
    at loadKaspaWasm 
(C:\Users\jrodr\Documents\kaslabdevs\GitHub\HardKas-repo\packages\accounts\src\signer-backend.ts:43:12)
    at findDevAccount 
(C:\Users\jrodr\Documents\kaslabdevs\GitHub\HardKas-repo\packages\dev-server\src\routes\escrow.ts:106:19)
    at processTicksAndRejections (node:internal/process/task_queues:104:5)
    at Array.<anonymous> 
(C:\Users\jrodr\Documents\kaslabdevs\GitHub\HardKas-repo\packages\dev-server\src\routes\escrow.ts:154:26)
    at 
C:\Users\jrodr\Documents\kaslabdevs\GitHub\HardKas-repo\packages\dev-server\test\escrow-fail-closed.test.ts:117:17
    at file:///C:/Users/jrodr/Documents/kaslabdevs/GitHub/HardKas-repo/node_modules/.pnpm/@vitest+runner@2.1.9/node_mod
ules/@vitest/runner/dist/index.js:533:5
    at runTest (file:///C:/Users/jrodr/Documents/kaslabdevs/GitHub/HardKas-repo/node_modules/.pnpm/@vitest+runner@2.1.9
/node_modules/@vitest/runner/dist/index.js:1056:11)
    at runSuite (file:///C:/Users/jrodr/Documents/kaslabdevs/GitHub/HardKas-repo/node_modules/.pnpm/@vitest+runner@2.1.
9/node_modules/@vitest/runner/dist/index.js:1205:15) {
  code: 'WASM_TOOLCHAIN_NOT_INSTALLED'
}

 ❯ packages/dev-server/test/escrow-fail-closed.test.ts (10 tests | 3 failed) 263ms
   × escrow routes fail closed > fund refuses to spend from an account other than the buyer and persists nothing 241ms
     → expected 'WASM_TOOLCHAIN_NOT_INSTALLED: kaspa-w…' to match /^ESCROW_BUYER_ACCOUNT_NOT_FOUND/
   × escrow routes fail closed > sign refuses to sign without the signer's key and stores no signature 2ms
     → expected 'WASM_TOOLCHAIN_NOT_INSTALLED: kaspa-w…' to match /^ESCROW_SIGNER_NOT_FOUND/
   × escrow routes fail closed > sign finds the signer by its x-only key, and still refuses a draft that does not rebuild to its id 3ms
     → WASM_TOOLCHAIN_NOT_INSTALLED: kaspa-wasm 2.1.0 is not installed at C:\Users\jrodr\AppData\Local\Temp\hardkas-hermetic-home-qjr6Ze\toolchains\kaspa-wasm\2.1.0.
Install it with: hardkas toolchain install kaspa-wasm
 ✓ packages/core/test/wave3-def15-fund-recipient-semantics.test.ts (23 tests) 7ms
 ❯ packages/sdk/test/adversarial/wave1-2-sdk-identity.test.ts (6 tests | 4 failed) 143ms
   × Wave 1.2 · SDK identity resolution > T-S2 · labels and txIds need their namespace; tx never returns the signed; warm ≡ cold 22ms
     → COINBASE_MATURITY_UNRESOLVED: Cannot resolve the coinbase maturity for network 'simulated' (WASM_TOOLCHAIN_NOT_INSTALLED: kaspa-wasm 2.1.0 is not installed at C:\Users\jrodr\AppData\Local\Temp\hardkas-hermetic-home-qjr6Ze\toolchains\kaspa-wasm\2.1.0.
Install it with: hardkas toolchain install kaspa-wasm). Provide an explicit override.
   × Wave 1.2 · SDK identity resolution > persisted policy references are artifactIds: a label fails closed, an unknown id is REFERENCE_MISSING, no raw fallback 17ms
     → expected 'COINBASE_MATURITY_UNRESOLVED' to be 'NAMESPACE_REQUIRED' // Object.is equality
   × Wave 1.2 · SDK identity resolution > T-N5 · a planted receipt with the expected txId and status accepted neither skips execution nor is returned 13ms
     → COINBASE_MATURITY_UNRESOLVED: Cannot resolve the coinbase maturity for network 'simulated' (WASM_TOOLCHAIN_NOT_INSTALLED: kaspa-wasm 2.1.0 is not installed at C:\Users\jrodr\AppData\Local\Temp\hardkas-hermetic-home-qjr6Ze\toolchains\kaspa-wasm\2.1.0.
Install it with: hardkas toolchain install kaspa-wasm). Provide an explicit override.
   × Wave 1.2 · SDK identity resolution > simulate/send resolve the parent plan by lineage.parentArtifactId (store) or an explicit plan whose identity matches 14ms
     → COINBASE_MATURITY_UNRESOLVED: Cannot resolve the coinbase maturity for network 'simulated' (WASM_TOOLCHAIN_NOT_INSTALLED: kaspa-wasm 2.1.0 is not installed at C:\Users\jrodr\AppData\Local\Temp\hardkas-hermetic-home-qjr6Ze\toolchains\kaspa-wasm\2.1.0.
Install it with: hardkas toolchain install kaspa-wasm). Provide an explicit override.
 ✓ packages/testnet-qualification/test/remote-node.unit.test.ts (12 tests) 13ms
 ❯ packages/cli/test/e39-toolchain-bootstrap.test.ts (9 tests | 1 failed) 6003ms
   × E39 · hardkas init and the pinned kaspa-wasm > reuses a verified install of the pin and says so 9ms
     → the gate must provide HARDKAS_HOME with kaspa-wasm 2.1.0: expected false to be true // Object.is equality
   ✓ E39 · hardkas init and the pinned kaspa-wasm > with --skip-toolchain on an empty home, creates the project and says what is missing and how to install it 944ms
   ✓ E39 · hardkas init and the pinned kaspa-wasm > stops with an error that names the retry command when the install fails, after creating the project 926ms
   ✓ E39 · hardkas init and the pinned kaspa-wasm > --json reports the toolchain step 946ms
   ✓ E39 · hardkas init and the pinned kaspa-wasm > accounts real generate without the pinned SDK names WASM_TOOLCHAIN_NOT_INSTALLED and the install command 2962ms
stdout | packages/cli/test/wave1-3-cli-helpers.test.ts > Wave 1.3 · artifact create writes no identity copy (IC-7.3) > the created artifact has a deterministic contentHash as its only identity
{
  "type": "test-type",
  "schemaValid": true,
  "payload": {
    "key": "value",
    "b": 2,
    "a": 1
  },
  "createdAt": 1790971853377,
  "hashVersion": 5,
  "contentHash": "c34b27e42fb5c703d9cd97dd77e24e771369725f5584c3f6da5183c7640a655d"
}

stdout | packages/cli/test/wave1-3-cli-helpers.test.ts > Wave 1.3 · artifact create writes no identity copy (IC-7.3) > the created artifact has a deterministic contentHash as its only identity
{
  "type": "test-type",
  "schemaValid": true,
  "payload": {
    "key": "value",
    "b": 2,
    "a": 1
  },
  "createdAt": 1790971853380,
  "hashVersion": 5,
  "contentHash": "c34b27e42fb5c703d9cd97dd77e24e771369725f5584c3f6da5183c7640a655d"
}

 ✓ packages/cli/test/wave1-3-cli-helpers.test.ts (9 tests) 23ms
 ↓ packages/cli/test/workflow-corpus.test.ts (5 tests | 5 skipped)
 ✓ packages/testnet-qualification/test/daa-observer.unit.test.ts (10 tests) 10ms
 ❯ packages/tx-builder/test/mass-upstream.test.ts (9 tests | 8 failed) 17ms
   × M4: mass/fee authority is the pinned SDK > matches the node on the gauntlet transaction: mass 24396, fee 2439600 7ms
     → WASM_TOOLCHAIN_NOT_INSTALLED: kaspa-wasm 2.1.0 is not installed at C:\Users\jrodr\AppData\Local\Temp\hardkas-hermetic-home-qjr6Ze\toolchains\kaspa-wasm\2.1.0.
Install it with: hardkas toolchain install kaspa-wasm
   × M4: mass/fee authority is the pinned SDK > matches the node on the rc17 rejection: 1 P2PK input, 2 P2PK outputs = mass 2036 1ms
     → WASM_TOOLCHAIN_NOT_INSTALLED: kaspa-wasm 2.1.0 is not installed at C:\Users\jrodr\AppData\Local\Temp\hardkas-hermetic-home-qjr6Ze\toolchains\kaspa-wasm\2.1.0.
Install it with: hardkas toolchain install kaspa-wasm
   × M4: mass/fee authority is the pinned SDK > computes on the unsigned transaction: the SDK would double-count signatures on a signed one 1ms
     → WASM_TOOLCHAIN_NOT_INSTALLED: kaspa-wasm 2.1.0 is not installed at C:\Users\jrodr\AppData\Local\Temp\hardkas-hermetic-home-qjr6Ze\toolchains\kaspa-wasm\2.1.0.
Install it with: hardkas toolchain install kaspa-wasm
   × M4: mass/fee authority is the pinned SDK > treats outpoint ids and unparseable identities as mass-neutral placeholders, and says so 1ms
     → WASM_TOOLCHAIN_NOT_INSTALLED: kaspa-wasm 2.1.0 is not installed at C:\Users\jrodr\AppData\Local\Temp\hardkas-hermetic-home-qjr6Ze\toolchains\kaspa-wasm\2.1.0.
Install it with: hardkas toolchain install kaspa-wasm
   × M4: mass/fee authority is the pinned SDK > includes storage mass, which depends on amounts (KIP-9) 1ms
     → WASM_TOOLCHAIN_NOT_INSTALLED: kaspa-wasm 2.1.0 is not installed at C:\Users\jrodr\AppData\Local\Temp\hardkas-hermetic-home-qjr6Ze\toolchains\kaspa-wasm\2.1.0.
Install it with: hardkas toolchain install kaspa-wasm
   × M4: mass/fee authority is the pinned SDK > refuses a fee override below the node's minimum 4ms
     → expected [Function] to throw error matching /FEE_BELOW_NETWORK_MINIMUM/ but got 'WASM_TOOLCHAIN_NOT_INSTALLED: kaspa-w…'
   × M4: mass/fee authority is the pinned SDK > charges the whole remainder as fee when change would be dust, keeping value conservation exact 1ms
     → WASM_TOOLCHAIN_NOT_INSTALLED: kaspa-wasm 2.1.0 is not installed at C:\Users\jrodr\AppData\Local\Temp\hardkas-hermetic-home-qjr6Ze\toolchains\kaspa-wasm\2.1.0.
Install it with: hardkas toolchain install kaspa-wasm
   × M4: mass/fee authority is the pinned SDK > verification recomputes with the SDK and flags a fee below the node's minimum 1ms
     → WASM_TOOLCHAIN_NOT_INSTALLED: kaspa-wasm 2.1.0 is not installed at C:\Users\jrodr\AppData\Local\Temp\hardkas-hermetic-home-qjr6Ze\toolchains\kaspa-wasm\2.1.0.
Install it with: hardkas toolchain install kaspa-wasm

  ⚠️  [SECURITY WARNING] Plaintext private keys detected in legacy account store for: alice
     Location: C:\Users\jrodr\AppData\Local\Temp\hk-def13-SR4aCX\.hardkas\accounts.real.json
     Recommendation: Re-import these accounts using encrypted keystores.

stderr | packages/accounts/test/wave0-def13-transactional-import.test.ts > DEF-13 · on-disk store is byte-unchanged on 
failed second import > collision on a persisted store leaves the file byte-identical

  ⚠️  [SECURITY WARNING] Plaintext private keys detected in legacy account store for: alice
     Location: C:\Users\jrodr\AppData\Local\Temp\hk-def13-vZAQ93\.hardkas\accounts.real.json
     Recommendation: Re-import these accounts using encrypted keystores.


 ✓ packages/accounts/test/wave0-def13-transactional-import.test.ts (7 tests) 418ms
 ✓ packages/sdk/test/wave7-replay-mode-guard.test.ts (5 tests) 251ms
 ✓ packages/query-store/test/wave1-2-n2-collision.test.ts (5 tests) 220ms
 ✓ packages/cli/test/wave8-single-envelope.test.ts (6 tests) 5832ms
   ✓ Wave 8 · DEF-18 · single authoritative failure envelope (replay verify) > REPLAY_MODE_UNSUPPORTED · stdout parses as exactly one JSON document 1007ms
   ✓ Wave 8 · DEF-18 · single authoritative failure envelope (replay verify) > REPLAY_MODE_UNSUPPORTED · exit code is non-zero 1002ms
   ✓ Wave 8 · DEF-18 · single authoritative failure envelope (replay verify) > ARTIFACT_INPUT_IS_DIRECTORY · stdout parses as exactly one JSON document 1052ms
   ✓ Wave 8 · DEF-18 · single authoritative failure envelope (replay verify) > human-mode typed failure · no JSON document on stdout · one presentation 932ms
   ✓ Wave 8 · DEF-18 · single authoritative failure envelope (replay verify) > stream ownership · JSON failure envelope on stdout only 921ms
   ✓ Wave 8 · DEF-18 · single authoritative failure envelope (replay verify) > missing artifact · single envelope with typed code, not UNKNOWN_ERROR 906ms
 ✓ packages/artifacts/test/adversarial/wave1-1-producers-immutability.test.ts (6 tests) 33ms
 ✓ packages/tx-builder/test/utxo-context-reconnect.test.ts (6 tests) 7ms
 ❯ packages/artifacts/test/corruption.test.ts (13 tests | 1 failed) 26ms
   × Corruption Corpus Hardening > should reject fee-mismatch.json in strict mode 9ms
     → WASM_TOOLCHAIN_NOT_INSTALLED: kaspa-wasm 2.1.0 is not installed at C:\Users\jrodr\AppData\Local\Temp\hardkas-hermetic-home-qjr6Ze\toolchains\kaspa-wasm\2.1.0.
Install it with: hardkas toolchain install kaspa-wasm
stderr | packages/accounts/test/wave0-sec1-secret-boundary.test.ts > SEC-1 · loadRealAccountStoreSync automatically 
attaches redactors > accounts loaded from disk are self-redacting in console output

  ⚠️  [SECURITY WARNING] Plaintext private keys detected in legacy account store for: alice
     Location: C:\Users\jrodr\AppData\Local\Temp\hk-sec1-t2Kpot\.hardkas\accounts.real.json
     Recommendation: Re-import these accounts using encrypted keystores.


 ✓ packages/accounts/test/wave0-sec1-secret-boundary.test.ts (11 tests) 25ms
 ✓ packages/testnet-qualification/test/funding-input.unit.test.ts (13 tests) 12ms
 ✓ packages/artifacts/test/adversarial/wave1-1-hash-version-gate.test.ts (7 tests) 27ms
 ✓ packages/core/test/toolchains.test.ts (12 tests | 1 skipped) 100ms
 ✓ packages/artifacts/test/adversarial/wave1-3-verify-fail-closed.test.ts (9 tests) 15ms
 ❯ packages/sdk/test/hardening.test.ts (6 tests | 2 failed) 46ms
   × Core Hardening Sprint Regressions > [VULN-01] should throw a strict error if scriptPublicKey is missing in WASM signing 6ms
     → WASM_TOOLCHAIN_NOT_INSTALLED: kaspa-wasm 2.1.0 is not installed at C:\Users\jrodr\AppData\Local\Temp\hardkas-hermetic-home-qjr6Ze\toolchains\kaspa-wasm\2.1.0.
Install it with: hardkas toolchain install kaspa-wasm
   × Core Hardening Sprint Regressions > [VULN-03] should produce an immutable receipt and seal tracePath before hashing 22ms
     → COINBASE_MATURITY_UNRESOLVED: Cannot resolve the coinbase maturity for network 'simulated' (WASM_TOOLCHAIN_NOT_INSTALLED: kaspa-wasm 2.1.0 is not installed at C:\Users\jrodr\AppData\Local\Temp\hardkas-hermetic-home-qjr6Ze\toolchains\kaspa-wasm\2.1.0.
Install it with: hardkas toolchain install kaspa-wasm). Provide an explicit override.
 ✓ packages/cli/test/wave5-discovery-delegation.test.ts (7 tests) 7092ms
   ✓ Wave 5 · DEF-17 · CLI discovery delegation > hardkas why <artifactId> resolves a receipt nested under receipts/ 1115ms
   ✓ Wave 5 · DEF-17 · CLI discovery delegation > hardkas why <path> resolves a receipt by direct path 1162ms
   ✓ Wave 5 · DEF-17 · CLI discovery delegation > hardkas why <partial-artifactId> is rejected (contract tightening) 948ms
   ✓ Wave 5 · DEF-17 · CLI discovery delegation > hardkas why --tx <txId> resolves the receipt, never the signed (IC-5′.2) 921ms
   ✓ Wave 5 · DEF-17 · CLI discovery delegation > hardkas explain <artifactId> resolves a signed nested under signed/ 898ms
   ✓ Wave 5 · DEF-17 · CLI discovery delegation > hardkas explain <path> resolves by direct path 1041ms
   ✓ Wave 5 · DEF-17 · CLI discovery delegation > hardkas replay verify <directory> is rejected with a typed error 993ms
 ❯ packages/cli/test/wave2-e-send-outcome.test.ts (6 tests | 2 failed) 5370ms
   ✓ Wave 2(e) · AUX-11 · tx send outcomes are unambiguous > T-AUX11 · shortcut mode without --yes on a non-simulated network: NOT executed, exit 3, nothing written, nothing that reads as success 887ms
   ✓ Wave 2(e) · AUX-11 · tx send outcomes are unambiguous > T-AUX11 · the same refusal is machine-readable in --json: ok:false, outcome:not_executed, the code, exit 3 877ms
   ✓ Wave 2(e) · AUX-11 · tx send outcomes are unambiguous > T-AUX11 · signed-artifact mode without --yes on a non-simulated network is refused the same way, before any RPC 870ms
   × Wave 2(e) · AUX-11 · tx send outcomes are unambiguous > control · a simulated shortcut send really runs and is `submitted`: ok:true, outcome:submitted, a receipt, exit 0 896ms
     → {
  "ok": false,
  "command": "tx send",
  "mode": "cli",
  "outcome": "failed",
  "code": "TX_SEND_FAILED",
  "message": "FAILED: 'tx send' did not broadcast (plan step failed: COINBASE_MATURITY_UNRESOLVED: Cannot resolve the coinbase maturity for network 'simulated' (WASM_TOOLCHAIN_NOT_INSTALLED: kaspa-wasm 2.1.0 is not installed at C:\\Users\\jrodr\\AppData\\Local\\Temp\\hardkas-hermetic-home-qjr6Ze\\toolchains\\kaspa-wasm\\2.1.0.\nInstall it with: hardkas toolchain install kaspa-wasm). Provide an explicit override.).",
  "network": "simulated",
  "steps": {
    "plan": "error",
    "sign": "skipped",
    "send": "skipped"
  }
}

[runTxFlow catch] Error: COINBASE_MATURITY_UNRESOLVED: Cannot resolve the coinbase maturity for network 'simulated' (WASM_TOOLCHAIN_NOT_INSTALLED: kaspa-wasm 2.1.0 is not installed at C:\Users\jrodr\AppData\Local\Temp\hardkas-hermetic-home-qjr6Ze\toolchains\kaspa-wasm\2.1.0.
Install it with: hardkas toolchain install kaspa-wasm). Provide an explicit override.
    at paramsError (file:///C:/Users/jrodr/Documents/kaslabdevs/GitHub/HardKas-repo/packages/core/dist/index.js:405:15)
    at getCoinbaseMaturity (file:///C:/Users/jrodr/Documents/kaslabdevs/GitHub/HardKas-repo/packages/core/dist/index.js:442:11)
    at runTxPlan (file:///C:/Users/jrodr/Documents/kaslabdevs/GitHub/HardKas-repo/packages/cli/dist/chunk-FX777FFF.js:130:32)
    at async runTxFlow (file:///C:/Users/jrodr/Documents/kaslabdevs/GitHub/HardKas-repo/packages/cli/dist/chunk-FX777FFF.js:716:26)
    at async file:///C:/Users/jrodr/Documents/kaslabdevs/GitHub/HardKas-repo/packages/cli/dist/chunk-VQN6EBKC.js:973:30
    at async withLock (file:///C:/Users/jrodr/Documents/kaslabdevs/GitHub/HardKas-repo/packages/core/dist/index.js:2680:12)
    at async Command.<anonymous> (file:///C:/Users/jrodr/Documents/kaslabdevs/GitHub/HardKas-repo/packages/cli/dist/chunk-VQN6EBKC.js:864:9)
    at async Command.parseAsync (C:\Users\jrodr\Documents\kaslabdevs\GitHub\HardKas-repo\node_modules\.pnpm\commander@12.1.0\node_modules\commander\lib\command.js:1092:5)
    at async main (file:///C:/Users/jrodr/Documents/kaslabdevs/GitHub/HardKas-repo/packages/cli/dist/index.js:41:5) {
  code: 'COINBASE_MATURITY_UNRESOLVED'
}
: expected 1 to be +0 // Object.is equality
   × Wave 2(e) · AUX-11 · tx send outcomes are unambiguous > control · the same send in human mode names the receipt it wrote (no 'unknown' artifact behind a success line) 883ms
     → 
[runTxFlow catch] Error: COINBASE_MATURITY_UNRESOLVED: Cannot resolve the coinbase maturity for network 'simulated' (WASM_TOOLCHAIN_NOT_INSTALLED: kaspa-wasm 2.1.0 is not installed at C:\Users\jrodr\AppData\Local\Temp\hardkas-hermetic-home-qjr6Ze\toolchains\kaspa-wasm\2.1.0.
Install it with: hardkas toolchain install kaspa-wasm). Provide an explicit override.
    at paramsError (file:///C:/Users/jrodr/Documents/kaslabdevs/GitHub/HardKas-repo/packages/core/dist/index.js:405:15)
    at getCoinbaseMaturity (file:///C:/Users/jrodr/Documents/kaslabdevs/GitHub/HardKas-repo/packages/core/dist/index.js:442:11)
    at runTxPlan (file:///C:/Users/jrodr/Documents/kaslabdevs/GitHub/HardKas-repo/packages/cli/dist/chunk-FX777FFF.js:130:32)
    at async runTxFlow (file:///C:/Users/jrodr/Documents/kaslabdevs/GitHub/HardKas-repo/packages/cli/dist/chunk-FX777FFF.js:716:26)
    at async file:///C:/Users/jrodr/Documents/kaslabdevs/GitHub/HardKas-repo/packages/cli/dist/chunk-VQN6EBKC.js:973:30
    at async withLock (file:///C:/Users/jrodr/Documents/kaslabdevs/GitHub/HardKas-repo/packages/core/dist/index.js:2680:12)
    at async Command.<anonymous> (file:///C:/Users/jrodr/Documents/kaslabdevs/GitHub/HardKas-repo/packages/cli/dist/chunk-VQN6EBKC.js:864:9)
    at async Command.parseAsync (C:\Users\jrodr\Documents\kaslabdevs\GitHub\HardKas-repo\node_modules\.pnpm\commander@12.1.0\node_modules\commander\lib\command.js:1092:5)
    at async main (file:///C:/Users/jrodr/Documents/kaslabdevs/GitHub/HardKas-repo/packages/cli/dist/index.js:41:5) {
  code: 'COINBASE_MATURITY_UNRESOLVED'
}

  ✗ [TX_SEND_FAILED] FAILED: 'tx send' did not broadcast (plan step failed: COINBASE_MATURITY_UNRESOLVED: Cannot resolve the coinbase maturity for network 'simulated' (WASM_TOOLCHAIN_NOT_INSTALLED: kaspa-wasm 2.1.0 is not installed at C:\Users\jrodr\AppData\Local\Temp\hardkas-hermetic-home-qjr6Ze\toolchains\kaspa-wasm\2.1.0.
Install it with: hardkas toolchain install kaspa-wasm). Provide an explicit override.).
: expected 1 to be +0 // Object.is equality
   ✓ Wave 2(e) · AUX-11 · tx send outcomes are unambiguous > T-AUX11 · a shortcut send whose flow fails before broadcasting is `failed`: ok:false, outcome:failed, exit 1, never submitted 936ms
 ❯ packages/tx-builder/test/kaspa-wallet-adapter.test.ts (9 tests | 5 failed) 16ms
   × KaspaWalletAdapter — networkParamsUpstream > returns network params for simnet from the managed SDK 6ms
     → WASM_TOOLCHAIN_NOT_INSTALLED: kaspa-wasm 2.1.0 is not installed at C:\Users\jrodr\AppData\Local\Temp\hardkas-hermetic-home-qjr6Ze\toolchains\kaspa-wasm\2.1.0.
Install it with: hardkas toolchain install kaspa-wasm
   × KaspaWalletAdapter — buildTransactions (Generator wrap) > yields at least one PendingTransaction for a single-utxo, single-output plan 2ms
     → WASM_TOOLCHAIN_NOT_INSTALLED: kaspa-wasm 2.1.0 is not installed at C:\Users\jrodr\AppData\Local\Temp\hardkas-hermetic-home-qjr6Ze\toolchains\kaspa-wasm\2.1.0.
Install it with: hardkas toolchain install kaspa-wasm
   × KaspaWalletAdapter — estimateTransactionsUpstream (no invented padding) > returns a GeneratorSummary with fees, mass, and transaction count from upstream 1ms
     → WASM_TOOLCHAIN_NOT_INSTALLED: kaspa-wasm 2.1.0 is not installed at C:\Users\jrodr\AppData\Local\Temp\hardkas-hermetic-home-qjr6Ze\toolchains\kaspa-wasm\2.1.0.
Install it with: hardkas toolchain install kaspa-wasm
   × KaspaWalletAdapter — discoverUtxos (M10-D) > filters immature coinbases using upstream getNetworkParams coinbase maturity 1ms
     → COINBASE_MATURITY_UNRESOLVED: Cannot resolve the coinbase maturity for network 'simnet' (WASM_TOOLCHAIN_NOT_INSTALLED: kaspa-wasm 2.1.0 is not installed at C:\Users\jrodr\AppData\Local\Temp\hardkas-hermetic-home-qjr6Ze\toolchains\kaspa-wasm\2.1.0.
Install it with: hardkas toolchain install kaspa-wasm). Provide an explicit override.
   × KaspaWalletAdapter — discoverUtxos (M10-D) > includeImmatureCoinbase returns everything without filtering 1ms
     → COINBASE_MATURITY_UNRESOLVED: Cannot resolve the coinbase maturity for network 'simnet' (WASM_TOOLCHAIN_NOT_INSTALLED: kaspa-wasm 2.1.0 is not installed at C:\Users\jrodr\AppData\Local\Temp\hardkas-hermetic-home-qjr6Ze\toolchains\kaspa-wasm\2.1.0.
Install it with: hardkas toolchain install kaspa-wasm). Provide an explicit override.
 ✓ packages/query/test/dag-adapter.test.ts (10 tests) 25ms
 ✓ packages/cli/test/rpc-commands.test.ts (10 tests) 16ms
 ✓ packages/core/test/silverscript.test.ts (10 tests) 22ms
 ✓ packages/cli/test/wave7-replay-mode-guard.test.ts (3 tests) 1900ms
   ✓ Wave 7 · REPLAY-MODE-1 · CLI mode guard > hardkas replay verify <realNodeReceiptId> reports REPLAY_MODE_UNSUPPORTED 950ms
   ✓ Wave 7 · REPLAY-MODE-1 · CLI mode guard > code is NEVER collapsed into UNKNOWN_ERROR 936ms
 ✓ packages/artifacts/test/lineage.test.ts (11 tests) 7ms
stderr | packages/node-runner/test/docker-kaspad-runner.test.ts > DockerKaspadRunner > fails without Docker unless a 
simulated node is explicitly allowed
[DockerKaspadRunner] Docker unavailable (daemon not running). SIMULATED node runner explicitly allowed 
(allowSimulatedFallback / HARDKAS_ALLOW_SIMULATED_NODE=1): this is not a real node.

 ✓ packages/node-runner/test/docker-kaspad-runner.test.ts (10 tests) 14ms
 ❯ packages/core/test/silverscript-abi.test.ts (36 tests | 35 failed) 32ms
   × SilverScript entry encoding vs upstream silverscript-abi (differential) > vector 0: scalars matches upstream byte for byte 6ms
     → WASM_TOOLCHAIN_NOT_INSTALLED: kaspa-wasm 2.1.0 is not installed at C:\Users\jrodr\AppData\Local\Temp\hardkas-hermetic-home-qjr6Ze\toolchains\kaspa-wasm\2.1.0.
Install it with: hardkas toolchain install kaspa-wasm
   × SilverScript entry encoding vs upstream silverscript-abi (differential) > vector 1: scalars matches upstream byte for byte 1ms
     → WASM_TOOLCHAIN_NOT_INSTALLED: kaspa-wasm 2.1.0 is not installed at C:\Users\jrodr\AppData\Local\Temp\hardkas-hermetic-home-qjr6Ze\toolchains\kaspa-wasm\2.1.0.
Install it with: hardkas toolchain install kaspa-wasm
   × SilverScript entry encoding vs upstream silverscript-abi (differential) > vector 2: scalars matches upstream byte for byte 1ms
     → WASM_TOOLCHAIN_NOT_INSTALLED: kaspa-wasm 2.1.0 is not installed at C:\Users\jrodr\AppData\Local\Temp\hardkas-hermetic-home-qjr6Ze\toolchains\kaspa-wasm\2.1.0.
Install it with: hardkas toolchain install kaspa-wasm
   × SilverScript entry encoding vs upstream silverscript-abi (differential) > vector 3: scalars matches upstream byte for byte 1ms
     → WASM_TOOLCHAIN_NOT_INSTALLED: kaspa-wasm 2.1.0 is not installed at C:\Users\jrodr\AppData\Local\Temp\hardkas-hermetic-home-qjr6Ze\toolchains\kaspa-wasm\2.1.0.
Install it with: hardkas toolchain install kaspa-wasm
   × SilverScript entry encoding vs upstream silverscript-abi (differential) > vector 4: scalars matches upstream byte for byte 0ms
     → WASM_TOOLCHAIN_NOT_INSTALLED: kaspa-wasm 2.1.0 is not installed at C:\Users\jrodr\AppData\Local\Temp\hardkas-hermetic-home-qjr6Ze\toolchains\kaspa-wasm\2.1.0.
Install it with: hardkas toolchain install kaspa-wasm
   × SilverScript entry encoding vs upstream silverscript-abi (differential) > vector 5: scalars matches upstream byte for byte 0ms
     → WASM_TOOLCHAIN_NOT_INSTALLED: kaspa-wasm 2.1.0 is not installed at C:\Users\jrodr\AppData\Local\Temp\hardkas-hermetic-home-qjr6Ze\toolchains\kaspa-wasm\2.1.0.
Install it with: hardkas toolchain install kaspa-wasm
   × SilverScript entry encoding vs upstream silverscript-abi (differential) > vector 6: scalars matches upstream byte for byte 0ms
     → WASM_TOOLCHAIN_NOT_INSTALLED: kaspa-wasm 2.1.0 is not installed at C:\Users\jrodr\AppData\Local\Temp\hardkas-hermetic-home-qjr6Ze\toolchains\kaspa-wasm\2.1.0.
Install it with: hardkas toolchain install kaspa-wasm
   × SilverScript entry encoding vs upstream silverscript-abi (differential) > vector 7: scalars matches upstream byte for byte 0ms
     → WASM_TOOLCHAIN_NOT_INSTALLED: kaspa-wasm 2.1.0 is not installed at C:\Users\jrodr\AppData\Local\Temp\hardkas-hermetic-home-qjr6Ze\toolchains\kaspa-wasm\2.1.0.
Install it with: hardkas toolchain install kaspa-wasm
   × SilverScript entry encoding vs upstream silverscript-abi (differential) > vector 8: scalars matches upstream byte for byte 0ms
     → WASM_TOOLCHAIN_NOT_INSTALLED: kaspa-wasm 2.1.0 is not installed at C:\Users\jrodr\AppData\Local\Temp\hardkas-hermetic-home-qjr6Ze\toolchains\kaspa-wasm\2.1.0.
Install it with: hardkas toolchain install kaspa-wasm
   × SilverScript entry encoding vs upstream silverscript-abi (differential) > vector 9: scalars matches upstream byte for byte 0ms
     → WASM_TOOLCHAIN_NOT_INSTALLED: kaspa-wasm 2.1.0 is not installed at C:\Users\jrodr\AppData\Local\Temp\hardkas-hermetic-home-qjr6Ze\toolchains\kaspa-wasm\2.1.0.
Install it with: hardkas toolchain install kaspa-wasm
   × SilverScript entry encoding vs upstream silverscript-abi (differential) > vector 10: scalars matches upstream byte for byte 0ms
     → WASM_TOOLCHAIN_NOT_INSTALLED: kaspa-wasm 2.1.0 is not installed at C:\Users\jrodr\AppData\Local\Temp\hardkas-hermetic-home-qjr6Ze\toolchains\kaspa-wasm\2.1.0.
Install it with: hardkas toolchain install kaspa-wasm
   × SilverScript entry encoding vs upstream silverscript-abi (differential) > vector 11: scalars matches upstream byte for byte 0ms
     → WASM_TOOLCHAIN_NOT_INSTALLED: kaspa-wasm 2.1.0 is not installed at C:\Users\jrodr\AppData\Local\Temp\hardkas-hermetic-home-qjr6Ze\toolchains\kaspa-wasm\2.1.0.
Install it with: hardkas toolchain install kaspa-wasm
   × SilverScript entry encoding vs upstream silverscript-abi (differential) > vector 12: scalars matches upstream byte for byte 0ms
     → WASM_TOOLCHAIN_NOT_INSTALLED: kaspa-wasm 2.1.0 is not installed at C:\Users\jrodr\AppData\Local\Temp\hardkas-hermetic-home-qjr6Ze\toolchains\kaspa-wasm\2.1.0.
Install it with: hardkas toolchain install kaspa-wasm
   × SilverScript entry encoding vs upstream silverscript-abi (differential) > vector 13: scalars matches upstream byte for byte 0ms
     → WASM_TOOLCHAIN_NOT_INSTALLED: kaspa-wasm 2.1.0 is not installed at C:\Users\jrodr\AppData\Local\Temp\hardkas-hermetic-home-qjr6Ze\toolchains\kaspa-wasm\2.1.0.
Install it with: hardkas toolchain install kaspa-wasm
   × SilverScript entry encoding vs upstream silverscript-abi (differential) > vector 14: scalars matches upstream byte for byte 0ms
     → WASM_TOOLCHAIN_NOT_INSTALLED: kaspa-wasm 2.1.0 is not installed at C:\Users\jrodr\AppData\Local\Temp\hardkas-hermetic-home-qjr6Ze\toolchains\kaspa-wasm\2.1.0.
Install it with: hardkas toolchain install kaspa-wasm
   × SilverScript entry encoding vs upstream silverscript-abi (differential) > vector 15: scalars matches upstream byte for byte 0ms
     → WASM_TOOLCHAIN_NOT_INSTALLED: kaspa-wasm 2.1.0 is not installed at C:\Users\jrodr\AppData\Local\Temp\hardkas-hermetic-home-qjr6Ze\toolchains\kaspa-wasm\2.1.0.
Install it with: hardkas toolchain install kaspa-wasm
   × SilverScript entry encoding vs upstream silverscript-abi (differential) > vector 16: scalars matches upstream byte for byte 0ms
     → WASM_TOOLCHAIN_NOT_INSTALLED: kaspa-wasm 2.1.0 is not installed at C:\Users\jrodr\AppData\Local\Temp\hardkas-hermetic-home-qjr6Ze\toolchains\kaspa-wasm\2.1.0.
Install it with: hardkas toolchain install kaspa-wasm
   × SilverScript entry encoding vs upstream silverscript-abi (differential) > vector 17: scalars matches upstream byte for byte 0ms
     → WASM_TOOLCHAIN_NOT_INSTALLED: kaspa-wasm 2.1.0 is not installed at C:\Users\jrodr\AppData\Local\Temp\hardkas-hermetic-home-qjr6Ze\toolchains\kaspa-wasm\2.1.0.
Install it with: hardkas toolchain install kaspa-wasm
   × SilverScript entry encoding vs upstream silverscript-abi (differential) > vector 18: scalars matches upstream byte for byte 1ms
     → WASM_TOOLCHAIN_NOT_INSTALLED: kaspa-wasm 2.1.0 is not installed at C:\Users\jrodr\AppData\Local\Temp\hardkas-hermetic-home-qjr6Ze\toolchains\kaspa-wasm\2.1.0.
Install it with: hardkas toolchain install kaspa-wasm
   × SilverScript entry encoding vs upstream silverscript-abi (differential) > vector 19: scalars matches upstream byte for byte 1ms
     → WASM_TOOLCHAIN_NOT_INSTALLED: kaspa-wasm 2.1.0 is not installed at C:\Users\jrodr\AppData\Local\Temp\hardkas-hermetic-home-qjr6Ze\toolchains\kaspa-wasm\2.1.0.
Install it with: hardkas toolchain install kaspa-wasm
   × SilverScript entry encoding vs upstream silverscript-abi (differential) > vector 20: scalars matches upstream byte for byte 0ms
     → WASM_TOOLCHAIN_NOT_INSTALLED: kaspa-wasm 2.1.0 is not installed at C:\Users\jrodr\AppData\Local\Temp\hardkas-hermetic-home-qjr6Ze\toolchains\kaspa-wasm\2.1.0.
Install it with: hardkas toolchain install kaspa-wasm
   × SilverScript entry encoding vs upstream silverscript-abi (differential) > vector 21: scalars matches upstream byte for byte 0ms
     → WASM_TOOLCHAIN_NOT_INSTALLED: kaspa-wasm 2.1.0 is not installed at C:\Users\jrodr\AppData\Local\Temp\hardkas-hermetic-home-qjr6Ze\toolchains\kaspa-wasm\2.1.0.
Install it with: hardkas toolchain install kaspa-wasm
   × SilverScript entry encoding vs upstream silverscript-abi (differential) > vector 22: scalars matches upstream byte for byte 0ms
     → WASM_TOOLCHAIN_NOT_INSTALLED: kaspa-wasm 2.1.0 is not installed at C:\Users\jrodr\AppData\Local\Temp\hardkas-hermetic-home-qjr6Ze\toolchains\kaspa-wasm\2.1.0.
Install it with: hardkas toolchain install kaspa-wasm
   × SilverScript entry encoding vs upstream silverscript-abi (differential) > vector 23: scalars matches upstream byte for byte 0ms
     → WASM_TOOLCHAIN_NOT_INSTALLED: kaspa-wasm 2.1.0 is not installed at C:\Users\jrodr\AppData\Local\Temp\hardkas-hermetic-home-qjr6Ze\toolchains\kaspa-wasm\2.1.0.
Install it with: hardkas toolchain install kaspa-wasm
   × SilverScript entry encoding vs upstream silverscript-abi (differential) > vector 24: scalars matches upstream byte for byte 0ms
     → WASM_TOOLCHAIN_NOT_INSTALLED: kaspa-wasm 2.1.0 is not installed at C:\Users\jrodr\AppData\Local\Temp\hardkas-hermetic-home-qjr6Ze\toolchains\kaspa-wasm\2.1.0.
Install it with: hardkas toolchain install kaspa-wasm
   × SilverScript entry encoding vs upstream silverscript-abi (differential) > vector 25: keys matches upstream byte for byte 0ms
     → WASM_TOOLCHAIN_NOT_INSTALLED: kaspa-wasm 2.1.0 is not installed at C:\Users\jrodr\AppData\Local\Temp\hardkas-hermetic-home-qjr6Ze\toolchains\kaspa-wasm\2.1.0.
Install it with: hardkas toolchain install kaspa-wasm
   × SilverScript entry encoding vs upstream silverscript-abi (differential) > vector 26: timed matches upstream byte for byte 0ms
     → WASM_TOOLCHAIN_NOT_INSTALLED: kaspa-wasm 2.1.0 is not installed at C:\Users\jrodr\AppData\Local\Temp\hardkas-hermetic-home-qjr6Ze\toolchains\kaspa-wasm\2.1.0.
Install it with: hardkas toolchain install kaspa-wasm
   × SilverScript entry encoding vs upstream silverscript-abi (differential) > vector 27: timed matches upstream byte for byte 0ms
     → WASM_TOOLCHAIN_NOT_INSTALLED: kaspa-wasm 2.1.0 is not installed at C:\Users\jrodr\AppData\Local\Temp\hardkas-hermetic-home-qjr6Ze\toolchains\kaspa-wasm\2.1.0.
Install it with: hardkas toolchain install kaspa-wasm
   × SilverScript entry encoding vs upstream silverscript-abi (differential) > vector 28: timed matches upstream byte for byte 0ms
     → WASM_TOOLCHAIN_NOT_INSTALLED: kaspa-wasm 2.1.0 is not installed at C:\Users\jrodr\AppData\Local\Temp\hardkas-hermetic-home-qjr6Ze\toolchains\kaspa-wasm\2.1.0.
Install it with: hardkas toolchain install kaspa-wasm
   × SilverScript entry encoding vs upstream silverscript-abi (differential) > is NOT_IMPLEMENTED where upstream uses its own array/struct encoding 4ms
     → expected error to match asymmetric matcher
   × SilverScript entry encoding vs upstream silverscript-abi (differential) > rejects calls that do not fit the entry 2ms
     → [{"kind":"bool","value":true}]: expected error to match asymmetric matcher
   × SilverScript P2SH lock and unlock (SDK) > locks to OP_BLAKE2B <blake2b-256(bytecode)> OP_EQUAL 2ms
     → WASM_TOOLCHAIN_NOT_INSTALLED: kaspa-wasm 2.1.0 is not installed at C:\Users\jrodr\AppData\Local\Temp\hardkas-hermetic-home-qjr6Ze\toolchains\kaspa-wasm\2.1.0.
Install it with: hardkas toolchain install kaspa-wasm
   × SilverScript P2SH lock and unlock (SDK) > derives a script-hash address on the requested network 0ms
     → WASM_TOOLCHAIN_NOT_INSTALLED: kaspa-wasm 2.1.0 is not installed at C:\Users\jrodr\AppData\Local\Temp\hardkas-hermetic-home-qjr6Ze\toolchains\kaspa-wasm\2.1.0.
Install it with: hardkas toolchain install kaspa-wasm
   × SilverScript P2SH lock and unlock (SDK) > unlocks with the entry arguments followed by the pushed redeem script 0ms
     → WASM_TOOLCHAIN_NOT_INSTALLED: kaspa-wasm 2.1.0 is not installed at C:\Users\jrodr\AppData\Local\Temp\hardkas-hermetic-home-qjr6Ze\toolchains\kaspa-wasm\2.1.0.
Install it with: hardkas toolchain install kaspa-wasm
   × SilverScript P2SH lock and unlock (SDK) > takes the 65-byte sig out of an SDK input signature 0ms
     → WASM_TOOLCHAIN_NOT_INSTALLED: kaspa-wasm 2.1.0 is not installed at C:\Users\jrodr\AppData\Local\Temp\hardkas-hermetic-home-qjr6Ze\toolchains\kaspa-wasm\2.1.0.
Install it with: hardkas toolchain install kaspa-wasm
 ✓ packages/pskt-native/test/bridge.test.ts (15 tests) 22ms
 ✓ packages/sdk/test/migration.test.ts (5 tests) 28ms
 ❯ packages/cli/test/demo-cut-t-a14b-no-false-claims.test.ts (6 tests | 5 skipped) 36ms
 ✓ packages/sdk/test/pskt-adapter.test.ts (8 tests) 7ms
 ✓ packages/sdk/test/zk-vprogs-0-9-1.test.ts (9 tests) 159ms
 ✓ packages/artifacts/test/adversarial/wave1-4-synthetic-authorization.test.ts (5 tests) 124ms
 ✓ packages/cli/test/l2-tx-runners.test.ts (5 tests) 33ms
 ✓ packages/kaspa-rpc/test/full-coverage.test.ts (14 tests) 12ms
stderr | packages/sdk/test/audit-hardening.test.ts > Audit Hardening Suite (0.12.0-rc.26) > P1.1: Localnet State 
Naming Compatibility > should migrate localnet-state.json to localnet.json
[HardKAS] Migrated legacy localnet-state.json to localnet.json. The old file was kept for compatibility.

 ✓ packages/sdk/test/audit-hardening.test.ts (7 tests | 1 skipped) 38ms
 ❯ packages/accounts/test/wave4-def27-deterministic-identity.test.ts (6 tests | 6 skipped) 6ms
file:///C:/Users/jrodr/Documents/kaslabdevs/GitHub/HardKas-repo/packages/core/dist/index.js:382
    const err = new Error(
                ^

Error: WASM_TOOLCHAIN_NOT_INSTALLED: kaspa-wasm 2.1.0 is not installed at 
C:\Users\jrodr\AppData\Local\Temp\hardkas-hermetic-home-qjr6Ze\toolchains\kaspa-wasm\2.1.0.
Install it with: hardkas toolchain install kaspa-wasm
    at loadManagedKaspaWasmSync 
(file:///C:/Users/jrodr/Documents/kaslabdevs/GitHub/HardKas-repo/packages/core/dist/index.js:382:17)
    at loadKaspaWasmSync 
(file:///C:/Users/jrodr/Documents/kaslabdevs/GitHub/HardKas-repo/packages/accounts/dist/chunk-BNF566PS.js:7:10)
    at loadKaspaWasm 
(file:///C:/Users/jrodr/Documents/kaslabdevs/GitHub/HardKas-repo/packages/accounts/dist/chunk-BNF566PS.js:12:12)
    at HardkasFixtureSigner.loadKaspa 
(file:///C:/Users/jrodr/Documents/kaslabdevs/GitHub/HardKas-repo/packages/testing/dist/index.js:119:12)
    at HardkasFixtureSigner.getAddress 
(file:///C:/Users/jrodr/Documents/kaslabdevs/GitHub/HardKas-repo/packages/testing/dist/index.js:122:30)
    at file:///C:/Users/jrodr/Documents/kaslabdevs/GitHub/HardKas-repo/[eval1]:1:133
    at ModuleJob.run (node:internal/modules/esm/module_job:437:25)
    at async node:internal/modules/esm/loader:246:26
    at async ModuleLoader.executeModuleJob (node:internal/modules/esm/loader:243:20)
    at async asyncRunEntryPointWithESMLoader (node:internal/modules/run_main:101:5) {
  code: 'WASM_TOOLCHAIN_NOT_INSTALLED'
}

Node.js v24.15.0
 ❯ packages/testing/test/wave0-def14-fixture-identity.test.ts (17 tests | 5 failed) 228ms
   × DEF-14 · HardkasFixtureSigner — bounded fixture identities > distinct known fixtures produce distinct simnet addresses 6ms
     → WASM_TOOLCHAIN_NOT_INSTALLED: kaspa-wasm 2.1.0 is not installed at C:\Users\jrodr\AppData\Local\Temp\hardkas-hermetic-home-qjr6Ze\toolchains\kaspa-wasm\2.1.0.
Install it with: hardkas toolchain install kaspa-wasm
   × DEF-14 · HardkasFixtureSigner — bounded fixture identities > same fixture name is deterministic across signer instances 1ms
     → WASM_TOOLCHAIN_NOT_INSTALLED: kaspa-wasm 2.1.0 is not installed at C:\Users\jrodr\AppData\Local\Temp\hardkas-hermetic-home-qjr6Ze\toolchains\kaspa-wasm\2.1.0.
Install it with: hardkas toolchain install kaspa-wasm
   × DEF-14 · HardkasFixtureSigner — bounded fixture identities > default identity is stable across the two ways to construct it 1ms
     → WASM_TOOLCHAIN_NOT_INSTALLED: kaspa-wasm 2.1.0 is not installed at C:\Users\jrodr\AppData\Local\Temp\hardkas-hermetic-home-qjr6Ze\toolchains\kaspa-wasm\2.1.0.
Install it with: hardkas toolchain install kaspa-wasm
   × DEF-14 · HardkasFixtureSigner — bounded fixture identities > default is not aliased to any explicitly named fixture 0ms
     → WASM_TOOLCHAIN_NOT_INSTALLED: kaspa-wasm 2.1.0 is not installed at C:\Users\jrodr\AppData\Local\Temp\hardkas-hermetic-home-qjr6Ze\toolchains\kaspa-wasm\2.1.0.
Install it with: hardkas toolchain install kaspa-wasm
   × DEF-14 · HardkasFixtureSigner — bounded fixture identities > fixture addresses are deterministic across fresh Node processes 213ms
     → Command failed: node --input-type=module -e "import { HardkasFixtureSigner } from \"@hardkas/testing\"; const s = new HardkasFixtureSigner(\"simnet\", \"alice\"); console.log(await s.getAddress());"
file:///C:/Users/jrodr/Documents/kaslabdevs/GitHub/HardKas-repo/packages/core/dist/index.js:382
    const err = new Error(
                ^

Error: WASM_TOOLCHAIN_NOT_INSTALLED: kaspa-wasm 2.1.0 is not installed at C:\Users\jrodr\AppData\Local\Temp\hardkas-hermetic-home-qjr6Ze\toolchains\kaspa-wasm\2.1.0.
Install it with: hardkas toolchain install kaspa-wasm
    at loadManagedKaspaWasmSync (file:///C:/Users/jrodr/Documents/kaslabdevs/GitHub/HardKas-repo/packages/core/dist/index.js:382:17)
    at loadKaspaWasmSync (file:///C:/Users/jrodr/Documents/kaslabdevs/GitHub/HardKas-repo/packages/accounts/dist/chunk-BNF566PS.js:7:10)
    at loadKaspaWasm (file:///C:/Users/jrodr/Documents/kaslabdevs/GitHub/HardKas-repo/packages/accounts/dist/chunk-BNF566PS.js:12:12)
    at HardkasFixtureSigner.loadKaspa (file:///C:/Users/jrodr/Documents/kaslabdevs/GitHub/HardKas-repo/packages/testing/dist/index.js:119:12)
    at HardkasFixtureSigner.getAddress (file:///C:/Users/jrodr/Documents/kaslabdevs/GitHub/HardKas-repo/packages/testing/dist/index.js:122:30)
    at file:///C:/Users/jrodr/Documents/kaslabdevs/GitHub/HardKas-repo/[eval1]:1:133
    at ModuleJob.run (node:internal/modules/esm/module_job:437:25)
    at async node:internal/modules/esm/loader:246:26
    at async ModuleLoader.executeModuleJob (node:internal/modules/esm/loader:243:20)
    at async asyncRunEntryPointWithESMLoader (node:internal/modules/run_main:101:5) {
  code: 'WASM_TOOLCHAIN_NOT_INSTALLED'
}

Node.js v24.15.0

 ✓ packages/artifacts/test/canonical-enumeration.test.ts (4 tests) 92ms
 ✓ packages/testnet-qualification/test/retry.unit.test.ts (13 tests) 10ms
 ❯ packages/tx-builder/test/wave13-changeaddr.test.ts (7 tests | 6 failed) 15ms
   × Wave 13 · CHANGEADDR-1 · Explicit change-output destination > Backward compatibility invariant > omitting changeAddress preserves historical fromAddress behavior (Upstream) 7ms
     → COINBASE_MATURITY_UNRESOLVED: Cannot resolve the coinbase maturity for network 'simnet' (WASM_TOOLCHAIN_NOT_INSTALLED: kaspa-wasm 2.1.0 is not installed at C:\Users\jrodr\AppData\Local\Temp\hardkas-hermetic-home-qjr6Ze\toolchains\kaspa-wasm\2.1.0.
Install it with: hardkas toolchain install kaspa-wasm). Provide an explicit override.
   × Wave 13 · CHANGEADDR-1 · Explicit change-output destination > Backward compatibility invariant > omitting changeAddress preserves historical fromAddress behavior (Synthetic) 2ms
     → WASM_TOOLCHAIN_NOT_INSTALLED: kaspa-wasm 2.1.0 is not installed at C:\Users\jrodr\AppData\Local\Temp\hardkas-hermetic-home-qjr6Ze\toolchains\kaspa-wasm\2.1.0.
Install it with: hardkas toolchain install kaspa-wasm
   × Wave 13 · CHANGEADDR-1 · Explicit change-output destination > Explicit alternate change test > routes change to alternate address if provided (Upstream) 1ms
     → COINBASE_MATURITY_UNRESOLVED: Cannot resolve the coinbase maturity for network 'simnet' (WASM_TOOLCHAIN_NOT_INSTALLED: kaspa-wasm 2.1.0 is not installed at C:\Users\jrodr\AppData\Local\Temp\hardkas-hermetic-home-qjr6Ze\toolchains\kaspa-wasm\2.1.0.
Install it with: hardkas toolchain install kaspa-wasm). Provide an explicit override.
   × Wave 13 · CHANGEADDR-1 · Explicit change-output destination > Explicit alternate change test > routes change to alternate address if provided (Synthetic) 1ms
     → WASM_TOOLCHAIN_NOT_INSTALLED: kaspa-wasm 2.1.0 is not installed at C:\Users\jrodr\AppData\Local\Temp\hardkas-hermetic-home-qjr6Ze\toolchains\kaspa-wasm\2.1.0.
Install it with: hardkas toolchain install kaspa-wasm
   × Wave 13 · CHANGEADDR-1 · Explicit change-output destination > Same-address test > is semantically equivalent to omit when changeAddress === fromAddress 1ms
     → COINBASE_MATURITY_UNRESOLVED: Cannot resolve the coinbase maturity for network 'simnet' (WASM_TOOLCHAIN_NOT_INSTALLED: kaspa-wasm 2.1.0 is not installed at C:\Users\jrodr\AppData\Local\Temp\hardkas-hermetic-home-qjr6Ze\toolchains\kaspa-wasm\2.1.0.
Install it with: hardkas toolchain install kaspa-wasm). Provide an explicit override.
   × Wave 13 · CHANGEADDR-1 · Explicit change-output destination > Differential fixture > maintains same spend intent, UTXOs, and authority while replacing change destination 1ms
     → COINBASE_MATURITY_UNRESOLVED: Cannot resolve the coinbase maturity for network 'simnet' (WASM_TOOLCHAIN_NOT_INSTALLED: kaspa-wasm 2.1.0 is not installed at C:\Users\jrodr\AppData\Local\Temp\hardkas-hermetic-home-qjr6Ze\toolchains\kaspa-wasm\2.1.0.
Install it with: hardkas toolchain install kaspa-wasm). Provide an explicit override.
stdout | packages/toolkit/test/toolkit.test.ts > @hardkas/toolkit V1 > JobsToolkit > should initialize and enqueue jobs
{"timestamp":"2026-10-02T20:11:44.990Z","level":"info","event":"Job enqueued","context":{"id":"c7c933f5-012c-4058-becf-8d3d1e629475","type":"test-job"}}
{"timestamp":"2026-10-02T20:11:44.995Z","level":"info","event":"Job completed","context":{"id":"c7c933f5-012c-4058-becf-8d3d1e629475","type":"test-job"}}

 ❯ packages/toolkit/test/toolkit.test.ts (8 tests | 2 failed) 91ms
   × @hardkas/toolkit V1 > WalletToolkit > should instantiate and return address 9ms
     → WASM_TOOLCHAIN_NOT_INSTALLED: kaspa-wasm 2.1.0 is not installed at C:\Users\jrodr\AppData\Local\Temp\hardkas-hermetic-home-qjr6Ze\toolchains\kaspa-wasm\2.1.0.
Install it with: hardkas toolchain install kaspa-wasm
   × @hardkas/toolkit V1 > WalletToolkit > should estimate fee and plan send 2ms
     → WASM_TOOLCHAIN_NOT_INSTALLED: kaspa-wasm 2.1.0 is not installed at C:\Users\jrodr\AppData\Local\Temp\hardkas-hermetic-home-qjr6Ze\toolchains\kaspa-wasm\2.1.0.
Install it with: hardkas toolchain install kaspa-wasm
 ❯ packages/dev-server/test/wave1-5-narratives.test.ts (5 tests | 5 skipped) 28ms
 ✓ packages/query/test/replay-adapter.test.ts (7 tests) 51ms
 ✓ packages/artifacts/test/v2-artifacts.test.ts (8 tests) 17ms
 ❯ packages/sdk/test/adversarial/wave1-3-b2-workflow-rejected-send.test.ts (3 tests | 3 failed) 992ms
   × B2 · a rejected broadcast is never a successful workflow step > declarative tx.send: submitTransaction rejected → submitted:false → send step failed → workflow failed 901ms
     → expected "send" to be called 1 times, but got 0 times
   × B2 · a rejected broadcast is never a successful workflow step > script ctx.tx.send: submitTransaction rejected → submitted:false → script step failed → workflow failed 63ms
     → expected "send" to be called 1 times, but got 0 times
   × B2 · a rejected broadcast is never a successful workflow step > control: an accepted submit keeps the send step `success` on both paths (the guard is not a blanket failure) 26ms
     → {"code":"COINBASE_MATURITY_UNRESOLVED","message":"COINBASE_MATURITY_UNRESOLVED: Cannot resolve the coinbase maturity for network 'simulated' (WASM_TOOLCHAIN_NOT_INSTALLED: kaspa-wasm 2.1.0 is not installed at C:\\Users\\jrodr\\AppData\\Local\\Temp\\hardkas-hermetic-home-qjr6Ze\\toolchains\\kaspa-wasm\\2.1.0.\nInstall it with: hardkas toolchain install kaspa-wasm). Provide an explicit override.","redacted":false}: expected 'failed' to be 'completed' // Object.is equality
 ✓ packages/accounts/test/keystore.test.ts (10 tests) 4374ms
   ✓ KeystoreManager > should encrypt and decrypt a payload correctly 464ms
   ✓ KeystoreManager > should fail with wrong password 463ms
   ✓ KeystoreManager > should fail with corrupted ciphertext 466ms
   ✓ KeystoreManager > should fail with corrupted auth tag 469ms
   ✓ KeystoreManager > should produce different ciphertext for same payload/password (unique salt/nonce) 458ms
   ✓ KeystoreManager > should support password change 1130ms
   ✓ KeystoreManager > should support loading and saving from filesystem 467ms
stderr | packages/cli/test/pskt-cli.test.ts > hardkas pskt CLI flow > Capabilities and Gating > fails with 
PSKT_OPERATION_UNSUPPORTED when using default adapter
runHardkas failed for args: export --plan plan.json --out sess.json --adapter kaspa-wasm-local --json
stdout: {
  "ok": false,
  "code": "PSKT_OPERATION_UNSUPPORTED",
  "message": "WASM runtime does not support PSKT export",
  "mode": "cli"
}

stderr: 

stderr | packages/cli/test/pskt-cli.test.ts > hardkas pskt CLI flow > End-to-End Fake Flow > refuses to overwrite 
without --force
runHardkas failed for args: extract session-finalized.json --out tx.json --json
stdout: {
  "ok": false,
  "code": "INVALID_ARGUMENT",
  "message": "Output file already exists: tx.json. Use --force to overwrite.",
  "mode": "cli"
}

stderr: 

 ✓ packages/cli/test/pskt-cli.test.ts (13 tests) 29530ms
   ✓ hardkas pskt CLI flow > Capabilities and Gating > reports unsupported capabilities for kaspa-wasm-local 2381ms
   ✓ hardkas pskt CLI flow > Capabilities and Gating > fails with PSKT_OPERATION_UNSUPPORTED when using default adapter 1938ms
   ✓ hardkas pskt CLI flow > Capabilities and Gating > reports supported capabilities for test-fake-adapter 2036ms
   ✓ hardkas pskt CLI flow > End-to-End Fake Flow > exports a session 2118ms
   ✓ hardkas pskt CLI flow > End-to-End Fake Flow > inspects the exported session 1928ms
   ✓ hardkas pskt CLI flow > End-to-End Fake Flow > verifies the exported session 1938ms
   ✓ hardkas pskt CLI flow > End-to-End Fake Flow > signs the session 3814ms
   ✓ hardkas pskt CLI flow > End-to-End Fake Flow > creates a conflicting signature session-2 1909ms
   ✓ hardkas pskt CLI flow > End-to-End Fake Flow > merges session-1 and session-2 3828ms
   ✓ hardkas pskt CLI flow > End-to-End Fake Flow > finalizes the merged session 1953ms
   ✓ hardkas pskt CLI flow > End-to-End Fake Flow > extracts the Kaspa transaction 1892ms
   ✓ hardkas pskt CLI flow > End-to-End Fake Flow > refuses to overwrite without --force 1887ms
   ✓ hardkas pskt CLI flow > End-to-End Fake Flow > overwrites with --force 1904ms
 ✓ packages/query-store/test/corruption.test.ts (6 tests) 235ms
 ✓ packages/cli/test/l2-tx-send.test.ts (7 tests) 35ms
 ✓ packages/query-store/test/rebuild-equivalence.test.ts (4 tests) 191ms
 ❯ packages/sdk/test/adversarial/demo-cut-e04-simulator-identity.test.ts (6 tests | 4 failed) 100ms
   × Demo-cut · E04 · the simulator keeps one identity per account > plan → sign → simulate alice → bob 25 KAS: every spelling of both accounts sees the same, correct balance 26ms
     → COINBASE_MATURITY_UNRESOLVED: Cannot resolve the coinbase maturity for network 'simulated' (WASM_TOOLCHAIN_NOT_INSTALLED: kaspa-wasm 2.1.0 is not installed at C:\Users\jrodr\AppData\Local\Temp\hardkas-hermetic-home-qjr6Ze\toolchains\kaspa-wasm\2.1.0.
Install it with: hardkas toolchain install kaspa-wasm). Provide an explicit override.
   × Demo-cut · E04 · the simulator keeps one identity per account > the SDK balance API agrees for the name and the synthetic identity after a send 14ms
     → COINBASE_MATURITY_UNRESOLVED: Cannot resolve the coinbase maturity for network 'simulated' (WASM_TOOLCHAIN_NOT_INSTALLED: kaspa-wasm 2.1.0 is not installed at C:\Users\jrodr\AppData\Local\Temp\hardkas-hermetic-home-qjr6Ze\toolchains\kaspa-wasm\2.1.0.
Install it with: hardkas toolchain install kaspa-wasm). Provide an explicit override.
   × Demo-cut · E04 · the simulator keeps one identity per account > a second send spends the change of the first (the change landed on the sender's one identity) 13ms
     → COINBASE_MATURITY_UNRESOLVED: Cannot resolve the coinbase maturity for network 'simulated' (WASM_TOOLCHAIN_NOT_INSTALLED: kaspa-wasm 2.1.0 is not installed at C:\Users\jrodr\AppData\Local\Temp\hardkas-hermetic-home-qjr6Ze\toolchains\kaspa-wasm\2.1.0.
Install it with: hardkas toolchain install kaspa-wasm). Provide an explicit override.
   × Demo-cut · E04 · the simulator keeps one identity per account > a receipt produced after the fix replays: re-execution writes to the same identity 13ms
     → COINBASE_MATURITY_UNRESOLVED: Cannot resolve the coinbase maturity for network 'simulated' (WASM_TOOLCHAIN_NOT_INSTALLED: kaspa-wasm 2.1.0 is not installed at C:\Users\jrodr\AppData\Local\Temp\hardkas-hermetic-home-qjr6Ze\toolchains\kaspa-wasm\2.1.0.
Install it with: hardkas toolchain install kaspa-wasm). Provide an explicit override.
 ❯ packages/cli/test/json-contract.test.ts (5 tests | 5 failed) 4812ms
   × CLI JSON Contract > tx plan --json produces strict parsable JSON with no stdout pollution 970ms
     → Command failed with exit code 1: node "C:\Users\jrodr\Documents\kaslabdevs\GitHub\HardKas-repo\packages\cli\dist\index.js" init


  ✗ [TOOLCHAIN_DOWNLOAD_FAILED] The project files were created, but kaspa-wasm 2.1.0 could not be installed: could not download https://github.com/kaspanet/rusty-kaspa/releases/download/v2.1.0/kaspa-wasm32-sdk-v2.1.0.zip: HERMETIC_GATE: refused non-loopback network access to github.com:443
  Signing, planning and the generated test need it. Retry with: hardkas toolchain install kaspa-wasm (offline: add --from-file <kaspa-wasm32-sdk-v2.1.0.zip>)

  ℹ Created: package.json
  ℹ Created: vitest.config.ts
  ℹ Created: test/payment.test.ts
  ℹ Created: .gitignore
  ℹ Created: .hardkas/localnet.json (simulated accounts funded: 1000 KAS each)
  ℹ Installing kaspa-wasm 2.1.0, the Kaspa WASM SDK this release pins, from https://github.com/kaspanet/rusty-kaspa/releases/download/v2.1.0/kaspa-wasm32-sdk-v2.1.0.zip ...
   × CLI JSON Contract > doctor --json produces strict parsable JSON with no stdout pollution 937ms
     → Command failed with exit code 1: node "C:\Users\jrodr\Documents\kaslabdevs\GitHub\HardKas-repo\packages\cli\dist\index.js" init


  ✗ [TOOLCHAIN_DOWNLOAD_FAILED] The project files were created, but kaspa-wasm 2.1.0 could not be installed: could not download https://github.com/kaspanet/rusty-kaspa/releases/download/v2.1.0/kaspa-wasm32-sdk-v2.1.0.zip: HERMETIC_GATE: refused non-loopback network access to github.com:443
  Signing, planning and the generated test need it. Retry with: hardkas toolchain install kaspa-wasm (offline: add --from-file <kaspa-wasm32-sdk-v2.1.0.zip>)

  ℹ Created: package.json
  ℹ Created: vitest.config.ts
  ℹ Created: test/payment.test.ts
  ℹ Created: .gitignore
  ℹ Created: .hardkas/localnet.json (simulated accounts funded: 1000 KAS each)
  ℹ Installing kaspa-wasm 2.1.0, the Kaspa WASM SDK this release pins, from https://github.com/kaspanet/rusty-kaspa/releases/download/v2.1.0/kaspa-wasm32-sdk-v2.1.0.zip ...
   × CLI JSON Contract > verify --json produces strict parsable JSON 970ms
     → Command failed with exit code 1: node "C:\Users\jrodr\Documents\kaslabdevs\GitHub\HardKas-repo\packages\cli\dist\index.js" init


  ✗ [TOOLCHAIN_DOWNLOAD_FAILED] The project files were created, but kaspa-wasm 2.1.0 could not be installed: could not download https://github.com/kaspanet/rusty-kaspa/releases/download/v2.1.0/kaspa-wasm32-sdk-v2.1.0.zip: HERMETIC_GATE: refused non-loopback network access to github.com:443
  Signing, planning and the generated test need it. Retry with: hardkas toolchain install kaspa-wasm (offline: add --from-file <kaspa-wasm32-sdk-v2.1.0.zip>)

  ℹ Created: package.json
  ℹ Created: vitest.config.ts
  ℹ Created: test/payment.test.ts
  ℹ Created: .gitignore
  ℹ Created: .hardkas/localnet.json (simulated accounts funded: 1000 KAS each)
  ℹ Installing kaspa-wasm 2.1.0, the Kaspa WASM SDK this release pins, from https://github.com/kaspanet/rusty-kaspa/releases/download/v2.1.0/kaspa-wasm32-sdk-v2.1.0.zip ...
   × CLI JSON Contract > rebuild --json produces strict parsable JSON 970ms
     → Command failed with exit code 1: node "C:\Users\jrodr\Documents\kaslabdevs\GitHub\HardKas-repo\packages\cli\dist\index.js" init


  ✗ [TOOLCHAIN_DOWNLOAD_FAILED] The project files were created, but kaspa-wasm 2.1.0 could not be installed: could not download https://github.com/kaspanet/rusty-kaspa/releases/download/v2.1.0/kaspa-wasm32-sdk-v2.1.0.zip: HERMETIC_GATE: refused non-loopback network access to github.com:443
  Signing, planning and the generated test need it. Retry with: hardkas toolchain install kaspa-wasm (offline: add --from-file <kaspa-wasm32-sdk-v2.1.0.zip>)

  ℹ Created: package.json
  ℹ Created: vitest.config.ts
  ℹ Created: test/payment.test.ts
  ℹ Created: .gitignore
  ℹ Created: .hardkas/localnet.json (simulated accounts funded: 1000 KAS each)
  ℹ Installing kaspa-wasm 2.1.0, the Kaspa WASM SDK this release pins, from https://github.com/kaspanet/rusty-kaspa/releases/download/v2.1.0/kaspa-wasm32-sdk-v2.1.0.zip ...
   × CLI JSON Contract > capabilities --json produces strict parsable JSON 964ms
     → Command failed with exit code 1: node "C:\Users\jrodr\Documents\kaslabdevs\GitHub\HardKas-repo\packages\cli\dist\index.js" init


  ✗ [TOOLCHAIN_DOWNLOAD_FAILED] The project files were created, but kaspa-wasm 2.1.0 could not be installed: could not download https://github.com/kaspanet/rusty-kaspa/releases/download/v2.1.0/kaspa-wasm32-sdk-v2.1.0.zip: HERMETIC_GATE: refused non-loopback network access to github.com:443
  Signing, planning and the generated test need it. Retry with: hardkas toolchain install kaspa-wasm (offline: add --from-file <kaspa-wasm32-sdk-v2.1.0.zip>)

  ℹ Created: package.json
  ℹ Created: vitest.config.ts
  ℹ Created: test/payment.test.ts
  ℹ Created: .gitignore
  ℹ Created: .hardkas/localnet.json (simulated accounts funded: 1000 KAS each)
  ℹ Installing kaspa-wasm 2.1.0, the Kaspa WASM SDK this release pins, from https://github.com/kaspanet/rusty-kaspa/releases/download/v2.1.0/kaspa-wasm32-sdk-v2.1.0.zip ...
 ✓ packages/artifacts/test/wave1-evidence-integrity.test.ts (6 tests) 12ms
 ✓ packages/core/test/lock.test.ts (9 tests) 987ms
   ✓ HardKAS Lock System > should wait for a lock if wait=true 337ms
   ✓ HardKAS Lock System > should timeout if lock is not released 608ms
 ✓ packages/sdk/test/pskt.test.ts (6 tests) 8ms
 ❯ packages/localnet/test/property.test.ts (4 tests | 1 failed) 234ms
   × Localnet Property Tests (fast-check) > should prevent double spending (invariant check) 7ms
     → expected false to be true // Object.is equality
 ✓ packages/artifacts/test/tx-plan-artifact.test.ts (4 tests) 8ms
 ✓ packages/cli/test/query-store-security.test.ts (14 tests) 35655ms
   ✓ Phase 8: Query Store Security > 1. SELECT succeeds by default 2225ms
   ✓ Phase 8: Query Store Security > 2. WITH SELECT succeeds by default 2223ms
   ✓ Phase 8: Query Store Security > 3. INSERT blocked by default 2197ms
   ✓ Phase 8: Query Store Security > 4. UPDATE blocked by default 2372ms
   ✓ Phase 8: Query Store Security > 5. DELETE blocked by default 2229ms
   ✓ Phase 8: Query Store Security > 6. DROP blocked by default 2245ms
   ✓ Phase 8: Query Store Security > 7. CREATE/ALTER blocked by default 3128ms
   ✓ Phase 8: Query Store Security > 8. VACUUM/PRAGMA mutating blocked by default 2218ms
   ✓ Phase 8: Query Store Security > 9. Multiple statement attack blocked 2250ms
   ✓ Phase 8: Query Store Security > 10. Comment-obfuscated mutation blocked 3236ms
   ✓ Phase 8: Query Store Security > 11. Mutation with only --unsafe-write fails 2339ms
   ✓ Phase 8: Query Store Security > 12. Mutation with only --yes fails 2276ms
   ✓ Phase 8: Query Store Security > 13. Mutation with both flags succeeds only in explicit unsafe command path 4000ms
   ✓ Phase 8: Query Store Security > 14. query store rebuild still works 2717ms
 ✓ packages/query/test/explain.test.ts (8 tests) 5ms
 ✓ packages/accounts/test/signer.test.ts (6 tests) 8ms
 ✓ packages/l2/test/evm-rpc-client.test.ts (10 tests | 1 skipped) 10ms
 ✓ packages/l2/test/viem-igra-signer.test.ts (7 tests) 8ms
 ❯ packages/sdk/test/adversarial/first-contact-e01-sign-persists-plan.test.ts (7 tests | 7 failed) 121ms
   × First contact · E01 · sign() persists the plan it authorizes > the quickstart flow (plan → sign → simulate) runs without writing the plan by hand 30ms
     → COINBASE_MATURITY_UNRESOLVED: Cannot resolve the coinbase maturity for network 'simulated' (WASM_TOOLCHAIN_NOT_INSTALLED: kaspa-wasm 2.1.0 is not installed at C:\Users\jrodr\AppData\Local\Temp\hardkas-hermetic-home-qjr6Ze\toolchains\kaspa-wasm\2.1.0.
Install it with: hardkas toolchain install kaspa-wasm). Provide an explicit override.
   × First contact · E01 · sign() persists the plan it authorizes > send() on the simulator follows the same path 13ms
     → COINBASE_MATURITY_UNRESOLVED: Cannot resolve the coinbase maturity for network 'simulated' (WASM_TOOLCHAIN_NOT_INSTALLED: kaspa-wasm 2.1.0 is not installed at C:\Users\jrodr\AppData\Local\Temp\hardkas-hermetic-home-qjr6Ze\toolchains\kaspa-wasm\2.1.0.
Install it with: hardkas toolchain install kaspa-wasm). Provide an explicit override.
   × First contact · E01 · sign() persists the plan it authorizes > sdk.localnet.fund and sdk.accounts.fund work on the simulator 15ms
     → COINBASE_MATURITY_UNRESOLVED: Cannot resolve the coinbase maturity for network 'simulated' (WASM_TOOLCHAIN_NOT_INSTALLED: kaspa-wasm 2.1.0 is not installed at C:\Users\jrodr\AppData\Local\Temp\hardkas-hermetic-home-qjr6Ze\toolchains\kaspa-wasm\2.1.0.
Install it with: hardkas toolchain install kaspa-wasm). Provide an explicit override.
   × First contact · E01 · sign() persists the plan it authorizes > after sign() the plan is in the store under its own identity, FULL scope, and the signed verifies strictly 18ms
     → COINBASE_MATURITY_UNRESOLVED: Cannot resolve the coinbase maturity for network 'simulated' (WASM_TOOLCHAIN_NOT_INSTALLED: kaspa-wasm 2.1.0 is not installed at C:\Users\jrodr\AppData\Local\Temp\hardkas-hermetic-home-qjr6Ze\toolchains\kaspa-wasm\2.1.0.
Install it with: hardkas toolchain install kaspa-wasm). Provide an explicit override.
   × First contact · E01 · sign() persists the plan it authorizes > persisting is idempotent: writing the plan again, or signing it twice, still works 17ms
     → COINBASE_MATURITY_UNRESOLVED: Cannot resolve the coinbase maturity for network 'simulated' (WASM_TOOLCHAIN_NOT_INSTALLED: kaspa-wasm 2.1.0 is not installed at C:\Users\jrodr\AppData\Local\Temp\hardkas-hermetic-home-qjr6Ze\toolchains\kaspa-wasm\2.1.0.
Install it with: hardkas toolchain install kaspa-wasm). Provide an explicit override.
   × First contact · E01 · sign() persists the plan it authorizes > a tampered stored copy of the plan is never overwritten: sign() refuses and the evidence stays on disk 14ms
     → COINBASE_MATURITY_UNRESOLVED: Cannot resolve the coinbase maturity for network 'simulated' (WASM_TOOLCHAIN_NOT_INSTALLED: kaspa-wasm 2.1.0 is not installed at C:\Users\jrodr\AppData\Local\Temp\hardkas-hermetic-home-qjr6Ze\toolchains\kaspa-wasm\2.1.0.
Install it with: hardkas toolchain install kaspa-wasm). Provide an explicit override.
   × First contact · E01 · sign() persists the plan it authorizes > the binding is unchanged: a signed artifact cannot be executed with a different plan 13ms
     → COINBASE_MATURITY_UNRESOLVED: Cannot resolve the coinbase maturity for network 'simulated' (WASM_TOOLCHAIN_NOT_INSTALLED: kaspa-wasm 2.1.0 is not installed at C:\Users\jrodr\AppData\Local\Temp\hardkas-hermetic-home-qjr6Ze\toolchains\kaspa-wasm\2.1.0.
Install it with: hardkas toolchain install kaspa-wasm). Provide an explicit override.
 ✓ packages/artifacts/test/store-path-safety.test.ts (10 tests) 54ms
 ❯ packages/sdk/test/adversarial/wave1-1-writer-n3.test.ts (4 tests | 1 failed) 59ms
   × Wave 1.1 · SDK writer (N3) and lifecycle self-consistency > every artifact the simulated lifecycle persists verifies strictly as written (plan → sign → send → trace) 10ms
     → COINBASE_MATURITY_UNRESOLVED: Cannot resolve the coinbase maturity for network 'simulated' (WASM_TOOLCHAIN_NOT_INSTALLED: kaspa-wasm 2.1.0 is not installed at C:\Users\jrodr\AppData\Local\Temp\hardkas-hermetic-home-qjr6Ze\toolchains\kaspa-wasm\2.1.0.
Install it with: hardkas toolchain install kaspa-wasm). Provide an explicit override.
  ✔ Tracked deployment: test-reentrancy-deployment (simnet)
  ✔ Tracked deployment: test-reentrancy-deployment (simnet)
  ✔ Tracked deployment: test-reentrancy-deployment-fail (simnet)
  ✔ Tracked deployment: test-reentrancy-deployment-other (simnet)
  ✔ Tracked deployment: test-reentrancy-deployment-persist (simnet)
 ✓ packages/cli/test/deployment-locking.test.ts (6 tests) 60ms
 ✓ packages/core/test/abuse-multiprocess.test.ts (2 tests) 138ms
 ✓ packages/testing/test/main-entry-without-vitest.test.ts (3 tests) 1351ms
   ✓ @hardkas/testing: vitest stays an optional peer > the main entry's runtime graph never imports vitest 791ms
   ✓ @hardkas/testing: vitest stays an optional peer > the walk does see vitest where it is loaded: ./setup and ./scenarios 559ms
 ✓ packages/cli/test/wave9-ci-envelope.test.ts (4 tests) 5969ms
   ✓ Wave 9 · DEF-18 · CI single authoritative failure envelope > human mode · CI_VERIFY_FAILED · typed diagnostic visible · non-zero exit 2029ms
   ✓ Wave 9 · DEF-18 · CI single authoritative failure envelope > human mode · exit code is non-zero (typed HardkasCliError.exitCode preserved) 1959ms
   ✓ Wave 9 · DEF-18 · CI single authoritative failure envelope > stdout is not corrupted with envelope duplication (no `{ok:` string) 1978ms
 ❯ packages/tx-builder/test/planner-dispatch.test.ts (5 tests | 4 failed) 12ms
   × TxPlanService planner dispatch (M10-B-completion A′) > simulated + kaspa:sim_alice → synthetic planner PASS with SYNTHETIC_SIMULATOR authority 6ms
     → WASM_TOOLCHAIN_NOT_INSTALLED: kaspa-wasm 2.1.0 is not installed at C:\Users\jrodr\AppData\Local\Temp\hardkas-hermetic-home-qjr6Ze\toolchains\kaspa-wasm\2.1.0.
Install it with: hardkas toolchain install kaspa-wasm
   × TxPlanService planner dispatch (M10-B-completion A′) > real network + valid address → upstream planner PASS with KASPA_WASM_GENERATOR authority 2ms
     → WASM_TOOLCHAIN_NOT_INSTALLED: kaspa-wasm 2.1.0 is not installed at C:\Users\jrodr\AppData\Local\Temp\hardkas-hermetic-home-qjr6Ze\toolchains\kaspa-wasm\2.1.0.
Install it with: hardkas toolchain install kaspa-wasm
   × TxPlanService planner dispatch (M10-B-completion A′) > synthetic planner never claims KASPA_WASM_GENERATOR authority even with real addresses 1ms
     → WASM_TOOLCHAIN_NOT_INSTALLED: kaspa-wasm 2.1.0 is not installed at C:\Users\jrodr\AppData\Local\Temp\hardkas-hermetic-home-qjr6Ze\toolchains\kaspa-wasm\2.1.0.
Install it with: hardkas toolchain install kaspa-wasm
   × TxPlanService planner dispatch (M10-B-completion A′) > upstream and synthetic authorities are disjoint (KASPA_WASM_GENERATOR ≠ SYNTHETIC_SIMULATOR) 1ms
     → WASM_TOOLCHAIN_NOT_INSTALLED: kaspa-wasm 2.1.0 is not installed at C:\Users\jrodr\AppData\Local\Temp\hardkas-hermetic-home-qjr6Ze\toolchains\kaspa-wasm\2.1.0.
Install it with: hardkas toolchain install kaspa-wasm
 ✓ packages/sessions/test/store.test.ts (7 tests) 384ms
   ✓ Session Store > protects against concurrent creation 310ms
 ✓ packages/artifacts/test/adversarial/wave1-1-recompute-declared-version.test.ts (3 tests) 103ms
 ❯ packages/cli/test/execution-guard-runners.test.ts (2 tests | 2 failed) 118ms
   × Execution Guard - CLI Runners > tx-plan-runner uses assertAccountCompatible and throws on mismatch 114ms
     → expected [Function] to throw error including 'AccountNetworkMismatchError' but got '[vitest] There was an error when mock…'
   × Execution Guard - CLI Runners > tx-plan-runner succeeds when account network matches execution target 2ms
     → WASM_TOOLCHAIN_NOT_INSTALLED: kaspa-wasm 2.1.0 is not installed at C:\Users\jrodr\AppData\Local\Temp\hardkas-hermetic-home-qjr6Ze\toolchains\kaspa-wasm\2.1.0.
Install it with: hardkas toolchain install kaspa-wasm
 ✓ packages/accounts/test/accounts.test.ts (12 tests) 41ms
 ✓ packages/artifacts/test/adversarial/first-contact-e07-producers.test.ts (7 tests) 13ms
 ✓ packages/artifacts/test/invariants.test.ts (5 tests) 6ms
 ✓ packages/core/test/events.test.ts (6 tests) 7ms
 ✓ packages/query-store/test/indexer_v2.test.ts (3 tests) 111ms
 ✓ packages/localnet/test/ghostdag-dag.test.ts (5 tests) 7ms
 ✓ packages/artifacts/test/store-root-resolution.test.ts (4 tests) 47ms
  ℹ HardKAS: Encrypted keystore is for local developer workflows, not institutional custody.
  ℹ Do not import mainnet keys unless you fully understand the risks.

  ⚠️  WARNING:
     LEGACY MODE: Storing private keys in plaintext is unsafe and discouraged.
stderr | packages/cli/test/account-hardening.test.ts > Account Hardening & Security Guards > should allow unsafe 
plaintext import with explicit flag

  ⚠️  [SECURITY WARNING] Plaintext private keys detected in legacy account store for: bob
     Location: C:\Users\jrodr\AppData\Local\Temp\account-hardening-test-j8B4Cy\.hardkas\accounts.real.json
     Recommendation: Re-import these accounts using encrypted keystores.



  ⚠️  WARNING:
     CRITICAL: You are signing a transaction for MAINNET.
  ℹ HardKAS is developer infrastructure, not production custody software.
  ℹ Do not use high-value mainnet keys in this environment.

  ⚠️  WARNING:
     CRITICAL: You are signing a transaction for MAINNET.
  ℹ HardKAS is developer infrastructure, not production custody software.
  ℹ Do not use high-value mainnet keys in this environment.
 ✓ packages/cli/test/account-hardening.test.ts (4 tests) 478ms
   ✓ Account Hardening & Security Guards > should import an account as encrypted by default and set 0600 permissions 461ms
 ✓ packages/query/test/payment-tracker.test.ts (6 tests) 5ms
 ❯ packages/localnet/test/simulation-correctness.test.ts (6 tests | 3 failed) 21ms
   × Simulation Correctness > should perform atomic state transition on success 12ms
     → expected false to be true // Object.is equality
   × Simulation Correctness > should reject double spend in subsequent transactions 1ms
     → expected false to be true // Object.is equality
   × Simulation Correctness > should refuse dust outputs the node would not relay 4ms
     → expected 'WASM_TOOLCHAIN_NOT_INSTALLED: kaspa-w…' to contain 'TX_MASS_ABOVE_STANDARD_LIMIT'
 ✓ packages/core/test/money.test.ts (16 tests) 8ms
 ❯ packages/sdk/test/multisig.test.ts (2 tests | 2 failed) 44ms
   × P1 Multisig & Sequential Signing > should sequentially sign, transition status, and respect required signers 30ms
     → COINBASE_MATURITY_UNRESOLVED: Cannot resolve the coinbase maturity for network 'simulated' (WASM_TOOLCHAIN_NOT_INSTALLED: kaspa-wasm 2.1.0 is not installed at C:\Users\jrodr\AppData\Local\Temp\hardkas-hermetic-home-qjr6Ze\toolchains\kaspa-wasm\2.1.0.
Install it with: hardkas toolchain install kaspa-wasm). Provide an explicit override.
   × P1 Multisig & Sequential Signing > should be order-invariant and produce identical contentHash regardless of signing sequence 13ms
     → COINBASE_MATURITY_UNRESOLVED: Cannot resolve the coinbase maturity for network 'simulated' (WASM_TOOLCHAIN_NOT_INSTALLED: kaspa-wasm 2.1.0 is not installed at C:\Users\jrodr\AppData\Local\Temp\hardkas-hermetic-home-qjr6Ze\toolchains\kaspa-wasm\2.1.0.
Install it with: hardkas toolchain install kaspa-wasm). Provide an explicit override.
 ✓ packages/cli/test/semantic-validation.test.ts (7 tests) 7ms
 ❯ packages/artifacts/test/fee-correctness.test.ts (6 tests | 6 failed) 15ms
   × Fee Correctness (Fase 1 Hardening) > should recompute correct mass for a standard plan 9ms
     → WASM_TOOLCHAIN_NOT_INSTALLED: kaspa-wasm 2.1.0 is not installed at C:\Users\jrodr\AppData\Local\Temp\hardkas-hermetic-home-qjr6Ze\toolchains\kaspa-wasm\2.1.0.
Install it with: hardkas toolchain install kaspa-wasm
   × Fee Correctness (Fase 1 Hardening) > should pass verification for a valid fee artifact 1ms
     → WASM_TOOLCHAIN_NOT_INSTALLED: kaspa-wasm 2.1.0 is not installed at C:\Users\jrodr\AppData\Local\Temp\hardkas-hermetic-home-qjr6Ze\toolchains\kaspa-wasm\2.1.0.
Install it with: hardkas toolchain install kaspa-wasm
   × Fee Correctness (Fase 1 Hardening) > should fail when mass is mutated 1ms
     → WASM_TOOLCHAIN_NOT_INSTALLED: kaspa-wasm 2.1.0 is not installed at C:\Users\jrodr\AppData\Local\Temp\hardkas-hermetic-home-qjr6Ze\toolchains\kaspa-wasm\2.1.0.
Install it with: hardkas toolchain install kaspa-wasm
   × Fee Correctness (Fase 1 Hardening) > should fail on negative fee 1ms
     → WASM_TOOLCHAIN_NOT_INSTALLED: kaspa-wasm 2.1.0 is not installed at C:\Users\jrodr\AppData\Local\Temp\hardkas-hermetic-home-qjr6Ze\toolchains\kaspa-wasm\2.1.0.
Install it with: hardkas toolchain install kaspa-wasm
   × Fee Correctness (Fase 1 Hardening) > should fail on input/output imbalance 1ms
     → WASM_TOOLCHAIN_NOT_INSTALLED: kaspa-wasm 2.1.0 is not installed at C:\Users\jrodr\AppData\Local\Temp\hardkas-hermetic-home-qjr6Ze\toolchains\kaspa-wasm\2.1.0.
Install it with: hardkas toolchain install kaspa-wasm
   × Fee Correctness (Fase 1 Hardening) > should fail on dust outputs 1ms
     → WASM_TOOLCHAIN_NOT_INSTALLED: kaspa-wasm 2.1.0 is not installed at C:\Users\jrodr\AppData\Local\Temp\hardkas-hermetic-home-qjr6Ze\toolchains\kaspa-wasm\2.1.0.
Install it with: hardkas toolchain install kaspa-wasm
 ✓ packages/kaspa-rpc/test/surface-cut-subscriptions.test.ts (4 tests) 3ms
 ❯ packages/testing/test/replay.test.ts (4 tests | 4 failed) 16ms
   × Deterministic Replay Verification > Success Path: replaying a valid transaction on clean state is reproducible bit-for-bit 12ms
     → expected false to be true // Object.is equality
   × Deterministic Replay Verification > Pre-state Mismatch: verification fails if the starting state has been modified 1ms
     → expected false to be true // Object.is equality
   × Deterministic Replay Verification > Plan Hash Mismatch: verification fails if the transaction plan was altered 1ms
     → expected false to be true // Object.is equality
   × Deterministic Replay Verification > Receipt Divergence: verification fails if execution results differ from original receipt 1ms
     → expected false to be true // Object.is equality
 ✓ packages/artifacts/test/adversarial/wave1-3-identity-categories.test.ts (4 tests) 8ms
 ❯ packages/cli/test/demo-cut-aud21-no-secrets-in-json.test.ts (4 tests | 4 failed) 4179ms
   × Demo-cut · AUD-21 · no secret in JSON output > generate --unsafe-plaintext --json: the stored private key appears nowhere in stdout or stderr 1013ms
     → {
  "ok": false,
  "code": "WASM_TOOLCHAIN_NOT_INSTALLED",
  "message": "WASM_TOOLCHAIN_NOT_INSTALLED: kaspa-wasm 2.1.0 is not installed at C:\\Users\\jrodr\\AppData\\Local\\Temp\\hardkas-hermetic-home-qjr6Ze\\toolchains\\kaspa-wasm\\2.1.0.\nInstall it with: hardkas toolchain install kaspa-wasm",
  "mode": "cli"
}


  ⚠️  WARNING:
     LEGACY MODE: Generating accounts in plaintext is unsafe.
: expected 1 to be +0 // Object.is equality
   × Demo-cut · AUD-21 · no secret in JSON output > Demo-ready · the human output of generate --unsafe-plaintext masks the key too (stdout and stderr) 1060ms
     → 

  ⚠️  WARNING:
     LEGACY MODE: Generating accounts in plaintext is unsafe.

  ✗ Error:
    WASM_TOOLCHAIN_NOT_INSTALLED: kaspa-wasm 2.1.0 is not installed at C:\Users\jrodr\AppData\Local\Temp\hardkas-hermetic-home-qjr6Ze\toolchains\kaspa-wasm\2.1.0.
Install it with: hardkas toolchain install kaspa-wasm
: expected 1 to be +0 // Object.is equality
   × Demo-cut · AUD-21 · no secret in JSON output > the same key never leaks through `accounts list --json` either 1010ms
     → expected 1 to be +0 // Object.is equality
   × Demo-cut · AUD-21 · no secret in JSON output > an encrypted account reports its keystore, and no key material at all 1095ms
     → {
  "ok": false,
  "code": "WASM_TOOLCHAIN_NOT_INSTALLED",
  "message": "WASM_TOOLCHAIN_NOT_INSTALLED: kaspa-wasm 2.1.0 is not installed at C:\\Users\\jrodr\\AppData\\Local\\Temp\\hardkas-hermetic-home-qjr6Ze\\toolchains\\kaspa-wasm\\2.1.0.\nInstall it with: hardkas toolchain install kaspa-wasm",
  "mode": "cli"
}

: expected 1 to be +0 // Object.is equality
 ✓ packages/kaspa-rpc/test/storage-mass.test.ts (8 tests) 8ms
 ✓ packages/cli/test/replay-divergence.test.ts (4 tests) 8217ms
   ✓ Adversarial Validation (Corpus Stress) > should detect hash mismatch in artifacts 1967ms
   ✓ Adversarial Validation (Corpus Stress) > should detect circular lineage 2106ms
   ✓ Adversarial Validation (Corpus Stress) > should detect cross-network parentage 2024ms
   ✓ Adversarial Validation (Corpus Stress) > should handle malformed JSONL gracefully 2119ms
 ✓ packages/query/test/filter.test.ts (15 tests) 5ms
 ✓ packages/testing/test/golden-corpus.test.ts (12 tests) 11ms
 ✓ packages/testing/test/demo-ready-aud01-packaging.test.ts (4 tests) 4ms
 ❯ packages/cli/test/wave1-2-next-steps.test.ts (4 tests | 4 skipped) 33ms
 ✓ packages/artifacts/test/integrity-hardening.test.ts (6 tests) 22ms
 ✓ packages/cli/test/l2-contract-deploy.test.ts (5 tests) 33ms
 ✓ packages/core/test/fs-atomic.test.ts (7 tests) 47ms
 ✓ packages/query/test/wave1-3-legacy-status.test.ts (2 tests) 21ms
stdout | packages/sdk/test/workflow-contract.test.ts > Workflow Runtime Contract > should orchestrate a workflow and produce a deterministic artifact
WORKFLOW FAILED: {
  code: 'COINBASE_MATURITY_UNRESOLVED',
  message: "COINBASE_MATURITY_UNRESOLVED: Cannot resolve the coinbase maturity for network 'simulated' (WASM_TOOLCHAIN_NOT_INSTALLED: kaspa-wasm 2.1.0 is not installed at C:\\Users\\jrodr\\AppData\\Local\\Temp\\hardkas-hermetic-home-qjr6Ze\\toolchains\\kaspa-wasm\\2.1.0.\n" +
    'Install it with: hardkas toolchain install kaspa-wasm). Provide an explicit override.',
  redacted: false
} [
  {
    type: 'tx.plan',
    status: 'failed',
    startedAt: '2026-10-02T20:14:04.023Z',
    completedAt: '2026-10-02T20:14:04.026Z',
    error: "COINBASE_MATURITY_UNRESOLVED: Cannot resolve the coinbase maturity for network 'simulated' (WASM_TOOLCHAIN_NOT_INSTALLED: kaspa-wasm 2.1.0 is not installed at C:\\Users\\jrodr\\AppData\\Local\\Temp\\hardkas-hermetic-home-qjr6Ze\\toolchains\\kaspa-wasm\\2.1.0.\n" +
      'Install it with: hardkas toolchain install kaspa-wasm). Provide an explicit override.'
  }
]

 ❯ packages/sdk/test/workflow-contract.test.ts (4 tests | 2 failed) 77ms
   × Workflow Runtime Contract > should orchestrate a workflow and produce a deterministic artifact 30ms
     → expected 'failed' to be 'completed' // Object.is equality
   × Workflow Runtime Contract > should catch errors in steps and mark the workflow as failed 19ms
     → expected [ { type: 'tx.plan', …(4) } ] to have a length of 2 but got 1
stdout | packages/dev-server/test/security.test.ts > Dev Server Security Hardening > Authentication and Host Checks > Test 1 — GET without token rejected (401)
<-- GET /api/health
--> GET /api/health 401 3ms

stdout | packages/dev-server/test/security.test.ts > Dev Server Security Hardening > Authentication and Host Checks > Test 2 — GET with wrong token rejected (401)
<-- GET /api/health
--> GET /api/health 401 0ms

stdout | packages/dev-server/test/security.test.ts > Dev Server Security Hardening > Authentication and Host Checks > Test 3 — GET with correct token accepted (200)
<-- GET /api/health

stdout | packages/dev-server/test/security.test.ts > Dev Server Security Hardening > Authentication and Host Checks > Test 3 — GET with correct token accepted (200)
--> GET /api/health 200 35ms

stdout | packages/dev-server/test/security.test.ts > Dev Server Security Hardening > Authentication and Host Checks > Test 4 — POST with token but missing CSRF header rejected (403)
<-- POST /api/transactions
--> POST /api/transactions 403 0ms

stdout | packages/dev-server/test/security.test.ts > Dev Server Security Hardening > Authentication and Host Checks > Test 5 — POST with token + CSRF header accepted or reaches route validation (not 401/403)
<-- POST /api/transactions

stdout | packages/dev-server/test/security.test.ts > Dev Server Security Hardening > Authentication and Host Checks > Test 5 — POST with token + CSRF header accepted or reaches route validation (not 401/403)
--> POST /api/transactions 404 5ms

stdout | packages/dev-server/test/security.test.ts > Dev Server Security Hardening > Authentication and Host Checks > Test 6 — hostile Origin rejected (blocked / no CORS approval)
<-- GET /api/health
--> GET /api/health 403 0ms

stdout | packages/dev-server/test/security.test.ts > Dev Server Security Hardening > Authentication and Host Checks > Test 7 — DNS rebinding Host rejected (403)
<-- GET /api/health
--> GET /api/health 403 0ms

stdout | packages/dev-server/test/security.test.ts > Dev Server Security Hardening > Unsafe External Security Configuration > Test 8 — unsafe-external still requires token (401)
<-- GET /api/health
--> GET /api/health 401 0ms

 ✓ packages/dev-server/test/security.test.ts (8 tests) 58ms
stderr | packages/sdk/test/tamper-detection.test.ts > SDK Tamper Detection & Forensic Regression > should pass 
forensic regression test for forensic-Tamper-Detection-1780477460463.json
Forensic dump not found, skipping specific regression test.

 ❯ packages/sdk/test/tamper-detection.test.ts (4 tests | 3 failed) 32ms
   × SDK Tamper Detection & Forensic Regression > should reject tampered signedTx during verify, simulate, and send 9ms
     → COINBASE_MATURITY_UNRESOLVED: Cannot resolve the coinbase maturity for network 'simulated' (WASM_TOOLCHAIN_NOT_INSTALLED: kaspa-wasm 2.1.0 is not installed at C:\Users\jrodr\AppData\Local\Temp\hardkas-hermetic-home-qjr6Ze\toolchains\kaspa-wasm\2.1.0.
Install it with: hardkas toolchain install kaspa-wasm). Provide an explicit override.
   × SDK Tamper Detection & Forensic Regression > should reject tampered plan during verify and sign 1ms
     → COINBASE_MATURITY_UNRESOLVED: Cannot resolve the coinbase maturity for network 'simulated' (WASM_TOOLCHAIN_NOT_INSTALLED: kaspa-wasm 2.1.0 is not installed at C:\Users\jrodr\AppData\Local\Temp\hardkas-hermetic-home-qjr6Ze\toolchains\kaspa-wasm\2.1.0.
Install it with: hardkas toolchain install kaspa-wasm). Provide an explicit override.
   × SDK Tamper Detection & Forensic Regression > should reject tampered receipt during replay verify 1ms
     → COINBASE_MATURITY_UNRESOLVED: Cannot resolve the coinbase maturity for network 'simulated' (WASM_TOOLCHAIN_NOT_INSTALLED: kaspa-wasm 2.1.0 is not installed at C:\Users\jrodr\AppData\Local\Temp\hardkas-hermetic-home-qjr6Ze\toolchains\kaspa-wasm\2.1.0.
Install it with: hardkas toolchain install kaspa-wasm). Provide an explicit override.
 ✓ packages/query-store/test/first-contact-e07-indexer-scope.test.ts (2 tests) 146ms
 ❯ packages/sdk/test/metadata-propagation.test.ts (2 tests | 2 failed) 33ms
   × Metadata Propagation and Heritage Tests > Plan -> Sign metadata propagation and strict verification 10ms
     → COINBASE_MATURITY_UNRESOLVED: Cannot resolve the coinbase maturity for network 'simulated' (WASM_TOOLCHAIN_NOT_INSTALLED: kaspa-wasm 2.1.0 is not installed at C:\Users\jrodr\AppData\Local\Temp\hardkas-hermetic-home-qjr6Ze\toolchains\kaspa-wasm\2.1.0.
Install it with: hardkas toolchain install kaspa-wasm). Provide an explicit override.
   × Metadata Propagation and Heritage Tests > Full chain heritage and lineage tracking 2ms
     → COINBASE_MATURITY_UNRESOLVED: Cannot resolve the coinbase maturity for network 'simulated' (WASM_TOOLCHAIN_NOT_INSTALLED: kaspa-wasm 2.1.0 is not installed at C:\Users\jrodr\AppData\Local\Temp\hardkas-hermetic-home-qjr6Ze\toolchains\kaspa-wasm\2.1.0.
Install it with: hardkas toolchain install kaspa-wasm). Provide an explicit override.
stderr | packages/config/test/config.test.ts > config > resolveExecutionTarget should use defaultNetwork if no network 
is passed
DEPRECATED: 'defaultNetwork: "devnet"' is deprecated. Please migrate to the explicit 'execution' contract in 
HardkasConfig.

 ❯ packages/config/test/config.test.ts (8 tests | 1 failed) 169ms
   × config > default node endpoints: the SDK's port on devnet, the canonical localnet on simnet 5ms
     → WASM_TOOLCHAIN_NOT_INSTALLED: kaspa-wasm 2.1.0 is not installed at C:\Users\jrodr\AppData\Local\Temp\hardkas-hermetic-home-qjr6Ze\toolchains\kaspa-wasm\2.1.0.
Install it with: hardkas toolchain install kaspa-wasm
 ✓ packages/l2/test/registry.test.ts (11 tests) 6ms
 ✓ packages/artifacts/test/property.test.ts (7 tests) 114ms
 ❯ packages/cli/test/wave1-5-narratives-cli.test.ts (3 tests | 3 skipped) 28ms
stdout | packages/dev-server/test/server.test.ts > Dev Server > API Endpoints > returns health status
<-- GET /api/health

stdout | packages/dev-server/test/server.test.ts > Dev Server > API Endpoints > returns health status
--> GET /api/health 200 37ms

stdout | packages/dev-server/test/server.test.ts > Dev Server > API Endpoints > returns active session (null if none)
<-- GET /api/session
--> GET /api/session 200 1ms

stdout | packages/dev-server/test/server.test.ts > Dev Server > API Endpoints > does not expose secrets in health response
<-- GET /api/health

stdout | packages/dev-server/test/server.test.ts > Dev Server > API Endpoints > does not expose secrets in health response
--> GET /api/health 200 4ms

 ✓ packages/dev-server/test/server.test.ts (12 tests) 58ms
 ✓ packages/testing/test/backward-compat.test.ts (2 tests) 42ms
 ❯ packages/tx-builder/test/mass.test.ts (8 tests | 8 failed) 13ms
   × Mass Estimation (shape only, computed by the pinned SDK) > names the SDK as the authority 7ms
     → WASM_TOOLCHAIN_NOT_INSTALLED: kaspa-wasm 2.1.0 is not installed at C:\Users\jrodr\AppData\Local\Temp\hardkas-hermetic-home-qjr6Ze\toolchains\kaspa-wasm\2.1.0.
Install it with: hardkas toolchain install kaspa-wasm
   × Mass Estimation (shape only, computed by the pinned SDK) > single input / single P2PK output 1ms
     → WASM_TOOLCHAIN_NOT_INSTALLED: kaspa-wasm 2.1.0 is not installed at C:\Users\jrodr\AppData\Local\Temp\hardkas-hermetic-home-qjr6Ze\toolchains\kaspa-wasm\2.1.0.
Install it with: hardkas toolchain install kaspa-wasm
   × Mass Estimation (shape only, computed by the pinned SDK) > a change output makes it the rc17 shape the node priced at 2036 1ms
     → WASM_TOOLCHAIN_NOT_INSTALLED: kaspa-wasm 2.1.0 is not installed at C:\Users\jrodr\AppData\Local\Temp\hardkas-hermetic-home-qjr6Ze\toolchains\kaspa-wasm\2.1.0.
Install it with: hardkas toolchain install kaspa-wasm
   × Mass Estimation (shape only, computed by the pinned SDK) > an identity the SDK cannot parse is sized as P2PK and reported 0ms
     → WASM_TOOLCHAIN_NOT_INSTALLED: kaspa-wasm 2.1.0 is not installed at C:\Users\jrodr\AppData\Local\Temp\hardkas-hermetic-home-qjr6Ze\toolchains\kaspa-wasm\2.1.0.
Install it with: hardkas toolchain install kaspa-wasm
   × Mass Estimation (shape only, computed by the pinned SDK) > breakdown is derived from SDK totals and adds up 1ms
     → WASM_TOOLCHAIN_NOT_INSTALLED: kaspa-wasm 2.1.0 is not installed at C:\Users\jrodr\AppData\Local\Temp\hardkas-hermetic-home-qjr6Ze\toolchains\kaspa-wasm\2.1.0.
Install it with: hardkas toolchain install kaspa-wasm
   × Mass Estimation (shape only, computed by the pinned SDK) > should be deterministic across runs 0ms
     → WASM_TOOLCHAIN_NOT_INSTALLED: kaspa-wasm 2.1.0 is not installed at C:\Users\jrodr\AppData\Local\Temp\hardkas-hermetic-home-qjr6Ze\toolchains\kaspa-wasm\2.1.0.
Install it with: hardkas toolchain install kaspa-wasm
   × Mass Estimation (shape only, computed by the pinned SDK) > keeps mass and fee after a 1 sompi output change when storage mass is negligible 1ms
     → WASM_TOOLCHAIN_NOT_INSTALLED: kaspa-wasm 2.1.0 is not installed at C:\Users\jrodr\AppData\Local\Temp\hardkas-hermetic-home-qjr6Ze\toolchains\kaspa-wasm\2.1.0.
Install it with: hardkas toolchain install kaspa-wasm
   × Mass Estimation (shape only, computed by the pinned SDK) > the plan's mass is the SDK mass of the plan's own transaction 0ms
     → WASM_TOOLCHAIN_NOT_INSTALLED: kaspa-wasm 2.1.0 is not installed at C:\Users\jrodr\AppData\Local\Temp\hardkas-hermetic-home-qjr6Ze\toolchains\kaspa-wasm\2.1.0.
Install it with: hardkas toolchain install kaspa-wasm
 ✓ packages/accounts/test/kaspa-sdk-real-signer.test.ts (4 tests) 8ms
 ✓ packages/query/test/wallet-query.test.ts (7 tests) 5ms
 ✓ packages/localnet/test/wave1-2-localnet-identity.test.ts (2 tests) 60ms
 ✓ packages/sdk/test/workflow-determinism.test.ts (5 tests) 206ms
 ✓ packages/query-store/test/migrations.test.ts (7 tests) 10ms
stdout | packages/toolkit/test/snapshot.test.ts > SnapshotToolkit (Time Travel) > should save, mutate, and restore state
{"timestamp":"2026-10-02T20:14:20.015Z","level":"info","event":"Job enqueued","context":{"id":"7f4bbcee-93f1-4418-b853-d4ba6ae22206","type":"payment"}}

stdout | packages/toolkit/test/snapshot.test.ts > SnapshotToolkit (Time Travel) > should save, mutate, and restore state
{"timestamp":"2026-10-02T20:14:20.026Z","level":"info","event":"Job enqueued","context":{"id":"cb8e2c0e-cdfc-4313-a9b2-7d9aac071ab6","type":"payment"}}

stdout | packages/toolkit/test/snapshot.test.ts > SnapshotToolkit (Time Travel) > should handle partial restore failures gracefully
{"timestamp":"2026-10-02T20:14:20.041Z","level":"info","event":"Job enqueued","context":{"id":"aa40ecf6-febe-4d6c-8e4b-787d635629a1","type":"payment"}}

stdout | packages/toolkit/test/snapshot.test.ts > SnapshotToolkit (Time Travel) > should fail if participant is missing on restore
{"timestamp":"2026-10-02T20:14:20.058Z","level":"info","event":"Job enqueued","context":{"id":"f050d738-df91-44eb-8cad-2f1386193c82","type":"payment"}}

stdout | packages/toolkit/test/snapshot.test.ts > SnapshotToolkit (Time Travel) > should generate deterministic diffs and valid filesystem manifests
{"timestamp":"2026-10-02T20:14:20.069Z","level":"info","event":"Job enqueued","context":{"id":"cc616565-d0d5-4132-88af-ef8367f6fd0a","type":"payment"}}

stdout | packages/toolkit/test/snapshot.test.ts > SnapshotToolkit (Time Travel) > should generate deterministic diffs and valid filesystem manifests
{"timestamp":"2026-10-02T20:14:20.076Z","level":"info","event":"Job enqueued","context":{"id":"75e59d20-71e5-4cd5-8486-b9200e6765d9","type":"payment"}}

 ✓ packages/toolkit/test/snapshot.test.ts (4 tests) 77ms
 ✓ packages/artifacts/test/igra-artifacts.test.ts (7 tests) 5ms
 ❯ packages/localnet/test/transactions.test.ts (4 tests | 2 failed) 23ms
   × Simulated Transactions > should spend sender UTXOs and create recipient/change UTXOs 15ms
     → expected '0' to be '1' // Object.is equality
   × Simulated Transactions > should handle address as recipient 4ms
     → expected 10000000000n to be 10100000000n // Object.is equality
 ✓ packages/query/test/engine.test.ts (5 tests) 8ms
stderr | packages/cli/test/e2e-simulated.test.ts > E2E Simulated Happy Path > should complete a full plan -> sign -> 
send flow
[runTxFlow catch] Error: COINBASE_MATURITY_UNRESOLVED: Cannot resolve the coinbase maturity for network 'simnet' 
(WASM_TOOLCHAIN_NOT_INSTALLED: kaspa-wasm 2.1.0 is not installed at 
C:\Users\jrodr\AppData\Local\Temp\hardkas-hermetic-home-qjr6Ze\toolchains\kaspa-wasm\2.1.0.
Install it with: hardkas toolchain install kaspa-wasm). Provide an explicit override.
    at paramsError (C:\Users\jrodr\Documents\kaslabdevs\GitHub\HardKas-repo\packages\core\src\network-params.ts:18:15)
    at Module.getCoinbaseMaturity 
(C:\Users\jrodr\Documents\kaslabdevs\GitHub\HardKas-repo\packages\core\src\network-params.ts:77:11)
    at Module.runTxPlan 
(C:\Users\jrodr\Documents\kaslabdevs\GitHub\HardKas-repo\packages\cli\src\runners\tx-plan-runner.ts:184:32)
    at Module.runTxFlow 
(C:\Users\jrodr\Documents\kaslabdevs\GitHub\HardKas-repo\packages\cli\src\runners\tx-flow.ts:213:26)
    at C:\Users\jrodr\Documents\kaslabdevs\GitHub\HardKas-repo\packages\cli\test\e2e-simulated.test.ts:76:20
    at file:///C:/Users/jrodr/Documents/kaslabdevs/GitHub/HardKas-repo/node_modules/.pnpm/@vitest+runner@2.1.9/node_mod
ules/@vitest/runner/dist/index.js:533:5
    at runTest (file:///C:/Users/jrodr/Documents/kaslabdevs/GitHub/HardKas-repo/node_modules/.pnpm/@vitest+runner@2.1.9
/node_modules/@vitest/runner/dist/index.js:1056:11)
    at runSuite (file:///C:/Users/jrodr/Documents/kaslabdevs/GitHub/HardKas-repo/node_modules/.pnpm/@vitest+runner@2.1.
9/node_modules/@vitest/runner/dist/index.js:1205:15)
    at runSuite (file:///C:/Users/jrodr/Documents/kaslabdevs/GitHub/HardKas-repo/node_modules/.pnpm/@vitest+runner@2.1.
9/node_modules/@vitest/runner/dist/index.js:1205:15)
    at runFiles (file:///C:/Users/jrodr/Documents/kaslabdevs/GitHub/HardKas-repo/node_modules/.pnpm/@vitest+runner@2.1.
9/node_modules/@vitest/runner/dist/index.js:1262:5)
    at startTests (file:///C:/Users/jrodr/Documents/kaslabdevs/GitHub/HardKas-repo/node_modules/.pnpm/@vitest+runner@2.
1.9/node_modules/@vitest/runner/dist/index.js:1271:3)
    at file:///C:/Users/jrodr/Documents/kaslabdevs/GitHub/HardKas-repo/node_modules/.pnpm/vitest@2.1.9_@types+node@22.2
0.1_jsdom@29.1.1_@noble+hashes@2.2.0__lightningcss@1.32.0_terser@5.51.2/node_modules/vitest/dist/chunks/runBaseTests.3q
pJUEJM.js:126:11
    at withEnv (file:///C:/Users/jrodr/Documents/kaslabdevs/GitHub/HardKas-repo/node_modules/.pnpm/vitest@2.1.9_@types+
node@22.20.1_jsdom@29.1.1_@noble+hashes@2.2.0__lightningcss@1.32.0_terser@5.51.2/node_modules/vitest/dist/chunks/runBas
eTests.3qpJUEJM.js:90:5)
    at run (file:///C:/Users/jrodr/Documents/kaslabdevs/GitHub/HardKas-repo/node_modules/.pnpm/vitest@2.1.9_@types+node
@22.20.1_jsdom@29.1.1_@noble+hashes@2.2.0__lightningcss@1.32.0_terser@5.51.2/node_modules/vitest/dist/chunks/runBaseTes
ts.3qpJUEJM.js:112:3)
    at runBaseTests (file:///C:/Users/jrodr/Documents/kaslabdevs/GitHub/HardKas-repo/node_modules/.pnpm/vitest@2.1.9_@t
ypes+node@22.20.1_jsdom@29.1.1_@noble+hashes@2.2.0__lightningcss@1.32.0_terser@5.51.2/node_modules/vitest/dist/chunks/b
ase.BZZh4cSm.js:29:3)
    at ForksBaseWorker.executeTests (file:///C:/Users/jrodr/Documents/kaslabdevs/GitHub/HardKas-repo/node_modules/.pnpm
/vitest@2.1.9_@types+node@22.20.1_jsdom@29.1.1_@noble+hashes@2.2.0__lightningcss@1.32.0_terser@5.51.2/node_modules/vite
st/dist/workers/forks.js:27:7)
    at execute (file:///C:/Users/jrodr/Documents/kaslabdevs/GitHub/HardKas-repo/node_modules/.pnpm/vitest@2.1.9_@types+
node@22.20.1_jsdom@29.1.1_@noble+hashes@2.2.0__lightningcss@1.32.0_terser@5.51.2/node_modules/vitest/dist/worker.js:127
:5)
    at onMessage (file:///C:/Users/jrodr/Documents/kaslabdevs/GitHub/HardKas-repo/node_modules/.pnpm/tinypool@1.1.1/nod
e_modules/tinypool/dist/entry/process.js:39:18) {
  code: 'COINBASE_MATURITY_UNRESOLVED'
}
E2E Failed in plan: COINBASE_MATURITY_UNRESOLVED: Cannot resolve the coinbase maturity for network 'simnet' 
(WASM_TOOLCHAIN_NOT_INSTALLED: kaspa-wasm 2.1.0 is not installed at 
C:\Users\jrodr\AppData\Local\Temp\hardkas-hermetic-home-qjr6Ze\toolchains\kaspa-wasm\2.1.0.
Install it with: hardkas toolchain install kaspa-wasm). Provide an explicit override.
E2E Failed in sign: undefined
E2E Failed in send: undefined

stderr | packages/cli/test/e2e-simulated.test.ts > E2E Simulated Happy Path > should fail if insufficient funds
[runTxFlow catch] Error: COINBASE_MATURITY_UNRESOLVED: Cannot resolve the coinbase maturity for network 'simnet' 
(WASM_TOOLCHAIN_NOT_INSTALLED: kaspa-wasm 2.1.0 is not installed at 
C:\Users\jrodr\AppData\Local\Temp\hardkas-hermetic-home-qjr6Ze\toolchains\kaspa-wasm\2.1.0.
Install it with: hardkas toolchain install kaspa-wasm). Provide an explicit override.
    at paramsError (C:\Users\jrodr\Documents\kaslabdevs\GitHub\HardKas-repo\packages\core\src\network-params.ts:18:15)
    at Module.getCoinbaseMaturity 
(C:\Users\jrodr\Documents\kaslabdevs\GitHub\HardKas-repo\packages\core\src\network-params.ts:77:11)
    at Module.runTxPlan 
(C:\Users\jrodr\Documents\kaslabdevs\GitHub\HardKas-repo\packages\cli\src\runners\tx-plan-runner.ts:184:32)
    at Module.runTxFlow 
(C:\Users\jrodr\Documents\kaslabdevs\GitHub\HardKas-repo\packages\cli\src\runners\tx-flow.ts:213:26)
    at C:\Users\jrodr\Documents\kaslabdevs\GitHub\HardKas-repo\packages\cli\test\e2e-simulated.test.ts:118:20
    at file:///C:/Users/jrodr/Documents/kaslabdevs/GitHub/HardKas-repo/node_modules/.pnpm/@vitest+runner@2.1.9/node_mod
ules/@vitest/runner/dist/index.js:533:5
    at runTest (file:///C:/Users/jrodr/Documents/kaslabdevs/GitHub/HardKas-repo/node_modules/.pnpm/@vitest+runner@2.1.9
/node_modules/@vitest/runner/dist/index.js:1056:11)
    at runSuite (file:///C:/Users/jrodr/Documents/kaslabdevs/GitHub/HardKas-repo/node_modules/.pnpm/@vitest+runner@2.1.
9/node_modules/@vitest/runner/dist/index.js:1205:15)
    at runSuite (file:///C:/Users/jrodr/Documents/kaslabdevs/GitHub/HardKas-repo/node_modules/.pnpm/@vitest+runner@2.1.
9/node_modules/@vitest/runner/dist/index.js:1205:15)
    at runFiles (file:///C:/Users/jrodr/Documents/kaslabdevs/GitHub/HardKas-repo/node_modules/.pnpm/@vitest+runner@2.1.
9/node_modules/@vitest/runner/dist/index.js:1262:5)
    at startTests (file:///C:/Users/jrodr/Documents/kaslabdevs/GitHub/HardKas-repo/node_modules/.pnpm/@vitest+runner@2.
1.9/node_modules/@vitest/runner/dist/index.js:1271:3)
    at file:///C:/Users/jrodr/Documents/kaslabdevs/GitHub/HardKas-repo/node_modules/.pnpm/vitest@2.1.9_@types+node@22.2
0.1_jsdom@29.1.1_@noble+hashes@2.2.0__lightningcss@1.32.0_terser@5.51.2/node_modules/vitest/dist/chunks/runBaseTests.3q
pJUEJM.js:126:11
    at withEnv (file:///C:/Users/jrodr/Documents/kaslabdevs/GitHub/HardKas-repo/node_modules/.pnpm/vitest@2.1.9_@types+
node@22.20.1_jsdom@29.1.1_@noble+hashes@2.2.0__lightningcss@1.32.0_terser@5.51.2/node_modules/vitest/dist/chunks/runBas
eTests.3qpJUEJM.js:90:5)
    at run (file:///C:/Users/jrodr/Documents/kaslabdevs/GitHub/HardKas-repo/node_modules/.pnpm/vitest@2.1.9_@types+node
@22.20.1_jsdom@29.1.1_@noble+hashes@2.2.0__lightningcss@1.32.0_terser@5.51.2/node_modules/vitest/dist/chunks/runBaseTes
ts.3qpJUEJM.js:112:3)
    at runBaseTests (file:///C:/Users/jrodr/Documents/kaslabdevs/GitHub/HardKas-repo/node_modules/.pnpm/vitest@2.1.9_@t
ypes+node@22.20.1_jsdom@29.1.1_@noble+hashes@2.2.0__lightningcss@1.32.0_terser@5.51.2/node_modules/vitest/dist/chunks/b
ase.BZZh4cSm.js:29:3)
    at ForksBaseWorker.executeTests (file:///C:/Users/jrodr/Documents/kaslabdevs/GitHub/HardKas-repo/node_modules/.pnpm
/vitest@2.1.9_@types+node@22.20.1_jsdom@29.1.1_@noble+hashes@2.2.0__lightningcss@1.32.0_terser@5.51.2/node_modules/vite
st/dist/workers/forks.js:27:7)
    at execute (file:///C:/Users/jrodr/Documents/kaslabdevs/GitHub/HardKas-repo/node_modules/.pnpm/vitest@2.1.9_@types+
node@22.20.1_jsdom@29.1.1_@noble+hashes@2.2.0__lightningcss@1.32.0_terser@5.51.2/node_modules/vitest/dist/worker.js:127
:5)
    at onMessage (file:///C:/Users/jrodr/Documents/kaslabdevs/GitHub/HardKas-repo/node_modules/.pnpm/tinypool@1.1.1/nod
e_modules/tinypool/dist/entry/process.js:39:18) {
  code: 'COINBASE_MATURITY_UNRESOLVED'
}

 ❯ packages/cli/test/e2e-simulated.test.ts (2 tests | 2 failed) 1272ms
   × E2E Simulated Happy Path > should complete a full plan -> sign -> send flow 1242ms
     → expected false to be true // Object.is equality
   × E2E Simulated Happy Path > should fail if insufficient funds 23ms
     → expected 'COINBASE_MATURITY_UNRESOLVED: Cannot …' to contain 'Insufficient funds'
 ✓ packages/testing/test/gate-subpath-exports.test.ts (6 tests) 9ms
 ↓ packages/dev-server/test/escrow-resolution-matrix.test.ts (3 tests | 3 skipped)
 ✓ packages/cli/test/tx-simulated.test.ts (2 tests | 1 skipped) 4006ms
   ✓ Simnet Transaction Backend Mismatch Regression > should fail with NETWORK_ACCOUNT_MISMATCH when provider rpc is forced on simnet 4001ms
 ✓ packages/kaspa-rpc/test/resilience-refined.test.ts (4 tests) 16ms
 ✓ packages/artifacts/test/payment-receipts.test.ts (6 tests) 6ms
 ✓ packages/kaspa-rpc/test/node-info.test.ts (4 tests) 5ms
 ✓ packages/toolkit/test/query-api.test.ts (5 tests) 5ms
 ✓ packages/sessions/test/validation.test.ts (6 tests) 22ms
stderr | packages/sdk/test/v1-sign.test.ts > P84: V1 Sign Blocking > should attempt to sign version 1 plans with WASM 
v2.x
DEPRECATED: 'defaultNetwork: "simulated"' is deprecated. Please migrate to the explicit 'execution' contract in 
HardkasConfig.

 ✓ packages/sdk/test/v1-sign.test.ts (2 tests) 28ms
 ✓ packages/localnet/test/snapshot-hashing.test.ts (7 tests) 29ms
 ✓ packages/localnet/test/wave1-1-snapshot-identity.test.ts (3 tests) 10ms
 ✓ packages/core/test/node-identity.test.ts (9 tests) 7ms
 ✓ packages/localnet/test/snapshot-determinism.test.ts (1 test) 106ms
 ❯ packages/accounts/test/wallet-manager.test.ts (7 tests | 1 failed) 11ms
   × WalletManager > same mnemonic + path derives deterministic address 5ms
     → WASM_TOOLCHAIN_NOT_INSTALLED: kaspa-wasm 2.1.0 is not installed at C:\Users\jrodr\AppData\Local\Temp\hardkas-hermetic-home-qjr6Ze\toolchains\kaspa-wasm\2.1.0.
Install it with: hardkas toolchain install kaspa-wasm
 ✓ packages/tx-builder/test/kaspa-uri.test.ts (12 tests) 6ms
 ❯ packages/cli/test/demo-ready-e20-account-names.test.ts (4 tests | 4 failed) 3472ms
   × Demo-ready · E20 · real account names > --name ana creates exactly `ana` when one account is requested 873ms
     → expected 1 to be +0 // Object.is equality
   × Demo-ready · E20 · real account names > --count 2 --name ben still numbers them: ben1, ben2 864ms
     → expected 1 to be +0 // Object.is equality
   × Demo-ready · E20 · real account names > a taken name is refused and the existing plaintext account is left untouched 868ms
     → expected 1 to be +0 // Object.is equality
   × Demo-ready · E20 · real account names > a taken name in encrypted mode is refused before the existing keystore is touched 867ms
     → expected 1 to be +0 // Object.is equality
 ✓ packages/kaspa-rpc/test/health.test.ts (5 tests) 33ms
 ✓ packages/localnet/test/dag.test.ts (4 tests) 6ms
 ✓ packages/cli/test/help-truth.test.ts (4 tests) 4ms
 ✓ packages/query/test/format.test.ts (6 tests) 8ms
 ✓ packages/config/test/resolve-intent.test.ts (8 tests) 5ms
 ✓ packages/localnet/test/persistent-state.test.ts (6 tests) 66ms
 ✓ packages/sdk/test/wave1-mode-inheritance.test.ts (6 tests) 3ms
 ✓ packages/sdk/test/workspace-isolation.test.ts (2 tests) 39ms
 ✓ packages/localnet/test/dag-simulation.test.ts (2 tests) 7ms
 ✓ packages/artifacts/test/real-tx-artifact.test.ts (7 tests) 7ms
 ✓ packages/cli/test/chaos-runner.test.ts (4 tests) 9ms
 ✓ packages/wallet-adapter/test/adapter.test.ts (7 tests) 9ms
 ❯ packages/sdk/test/mempool-aware-planning.test.ts (1 test | 1 failed) 8ms
   × Mempool-Aware UTXO Selection (Regression) > tx2 must not reuse input from tx1 if tx1 is pending in mempool 7ms
     → WASM_TOOLCHAIN_NOT_INSTALLED: kaspa-wasm 2.1.0 is not installed at C:\Users\jrodr\AppData\Local\Temp\hardkas-hermetic-home-qjr6Ze\toolchains\kaspa-wasm\2.1.0.
Install it with: hardkas toolchain install kaspa-wasm
 ✓ packages/cli/test/l2-bridge.test.ts (4 tests) 29ms

  ✗ Error:
    Deployment 'dup' already exists on network 'simnet'.
 ✓ packages/cli/test/deploy.test.ts (6 tests) 22999ms
   ✓ Deployment tracking > tracks a deployment with label and network 1975ms
   ✓ Deployment tracking > lists tracked deployments 5715ms
   ✓ Deployment tracking > inspects a specific deployment 3847ms
   ✓ Deployment tracking > deployment has valid content hash 3801ms
   ✓ Deployment tracking > refuses duplicate label on same network 3843ms
   ✓ Deployment tracking > same label allowed on different networks 3818ms
 ✓ packages/artifacts/test/hardening.test.ts (4 tests) 8ms
 ✓ packages/sdk/test/node-api.test.ts (7 tests) 45ms
 ↓ packages/dev-server/test/escrow-simnet-e2e.test.ts (1 test | 1 skipped)
 ✓ packages/cli/test/root-commands.test.ts (5 tests) 5735ms
   ✓ Root Operational Commands > hardkas doctor --json emits parseable deterministic JSON 2086ms
   ✓ Root Operational Commands > workflow run resolves implicit name and emits JSON 922ms
   ✓ Root Operational Commands > hardkas rebuild --from-artifacts --json returns success on empty workspace 928ms
   ✓ Root Operational Commands > hardkas rebuild without --from-artifacts fails with usage error 884ms
   ✓ Root Operational Commands > hardkas verify --json validates the workspace 907ms
 ✓ packages/localnet/test/receipts.test.ts (4 tests) 39ms
 ✓ packages/artifacts/test/adversarial.test.ts (3 tests) 8ms
 ✓ packages/simulator/test/scenarios.test.ts (10 tests) 14ms
 ✓ packages/core/test/confirmation-policy.test.ts (8 tests) 5ms
 ✓ packages/cli/test/toolchain-archive.test.ts (4 tests) 15ms
 ✓ packages/sdk/test/policy.test.ts (3 tests) 33ms
 ✓ packages/dev-server/test/dapp-api.test.ts (4 tests) 12ms
 ✓ packages/cli/test/accounts-real-query.test.ts (3 tests) 6ms
 ❯ packages/cli/test/first-contact-newcomer.test.ts (3 tests | 3 failed) 2533ms
   × First contact · the documented first steps work as published > docs/start/quickstart.md · SDK Workflow runs verbatim and prints the simulation receipt 820ms
     → 
Error: COINBASE_MATURITY_UNRESOLVED: Cannot resolve the coinbase maturity for network 'simulated' (WASM_TOOLCHAIN_NOT_INSTALLED: kaspa-wasm 2.1.0 is not installed at C:\Users\jrodr\AppData\Local\Temp\hardkas-hermetic-home-qjr6Ze\toolchains\kaspa-wasm\2.1.0.
Install it with: hardkas toolchain install kaspa-wasm). Provide an explicit override.
    at paramsError (file:///C:/Users/jrodr/Documents/kaslabdevs/GitHub/HardKas-repo/packages/core/dist/index.js:405:15)
    at getCoinbaseMaturity (file:///C:/Users/jrodr/Documents/kaslabdevs/GitHub/HardKas-repo/packages/core/dist/index.js:442:11)
    at HardkasTx.plan (file:///C:/Users/jrodr/Documents/kaslabdevs/GitHub/HardKas-repo/packages/sdk/dist/index.js:699:30)
    at async run (file:///C:/Users/jrodr/AppData/Local/Temp/hk-fc-qs-yBcOse/quickstart.mjs:10:16) {
  code: 'COINBASE_MATURITY_UNRESOLVED'
}
: expected 1 to be +0 // Object.is equality
   × First contact · the documented first steps work as published > README.md · 30 Second SDK Example runs verbatim and prints the receipt txId 792ms
     → 
file:///C:/Users/jrodr/Documents/kaslabdevs/GitHub/HardKas-repo/packages/core/dist/index.js:405
  const err = new Error(`${code}: ${message}`);
              ^

Error: COINBASE_MATURITY_UNRESOLVED: Cannot resolve the coinbase maturity for network 'simulated' (WASM_TOOLCHAIN_NOT_INSTALLED: kaspa-wasm 2.1.0 is not installed at C:\Users\jrodr\AppData\Local\Temp\hardkas-hermetic-home-qjr6Ze\toolchains\kaspa-wasm\2.1.0.
Install it with: hardkas toolchain install kaspa-wasm). Provide an explicit override.
    at paramsError (file:///C:/Users/jrodr/Documents/kaslabdevs/GitHub/HardKas-repo/packages/core/dist/index.js:405:15)
    at getCoinbaseMaturity (file:///C:/Users/jrodr/Documents/kaslabdevs/GitHub/HardKas-repo/packages/core/dist/index.js:442:11)
    at HardkasTx.plan (file:///C:/Users/jrodr/Documents/kaslabdevs/GitHub/HardKas-repo/packages/sdk/dist/index.js:699:30)
    at async file:///C:/Users/jrodr/AppData/Local/Temp/hk-fc-readme-z2rl5W/readme.mjs:8:14 {
  code: 'COINBASE_MATURITY_UNRESOLVED'
}

Node.js v24.15.0
: expected 1 to be +0 // Object.is equality
   × First contact · the documented first steps work as published > `hardkas init .` then its generated test passes under vitest in the new project, balance check included 921ms
     →   ℹ Created: package.json
  ℹ Created: vitest.config.ts
  ℹ Created: test/payment.test.ts
  ℹ Created: .gitignore
  ℹ Created: .hardkas/localnet.json (simulated accounts funded: 1000 KAS each)
  ℹ Installing kaspa-wasm 2.1.0, the Kaspa WASM SDK this release pins, from https://github.com/kaspanet/rusty-kaspa/releases/download/v2.1.0/kaspa-wasm32-sdk-v2.1.0.zip ...


  ✗ [TOOLCHAIN_DOWNLOAD_FAILED] The project files were created, but kaspa-wasm 2.1.0 could not be installed: could not download https://github.com/kaspanet/rusty-kaspa/releases/download/v2.1.0/kaspa-wasm32-sdk-v2.1.0.zip: HERMETIC_GATE: refused non-loopback network access to github.com:443
  Signing, planning and the generated test need it. Retry with: hardkas toolchain install kaspa-wasm (offline: add --from-file <kaspa-wasm32-sdk-v2.1.0.zip>)
: expected 1 to be +0 // Object.is equality
 ✓ packages/kaspa-rpc/test/resilience.test.ts (8 tests) 5ms
 ✓ packages/artifacts/test/golden.test.ts (5 tests) 5ms
 ✓ packages/simulator/test/differential.test.ts (3 tests) 5ms
 ✓ packages/artifacts/test/hash-integrity.test.ts (4 tests) 8ms
stderr | packages/plugin-rpc-backend/test/resilience.test.ts > Resilience Engine > should retry up to maxRetries on 
failure
{"timestamp":"2026-10-02T20:15:34.530Z","level":"error","event":"RPC max retries 
exhausted","context":{"attempt":2,"maxRetries":2,"error":"Network fault"}}

stderr | packages/plugin-rpc-backend/test/resilience.test.ts > Resilience Engine > should not retry on 
HardkasRpcSemanticError
{"timestamp":"2026-10-02T20:15:34.540Z","level":"error","event":"RPC semantic error (fatal)","context":{"error":"UTXO 
index not enabled"}}

stderr | packages/plugin-rpc-backend/test/resilience.test.ts > Resilience Engine > should enforce timeouts and throw 
HardkasRpcTimeoutError
{"timestamp":"2026-10-02T20:15:34.606Z","level":"warn","event":"RPC operation timeout","context":{"attempt":0}}

stderr | packages/plugin-rpc-backend/test/resilience.test.ts > Resilience Engine > should enforce timeouts and throw 
HardkasRpcTimeoutError
{"timestamp":"2026-10-02T20:15:34.700Z","level":"warn","event":"RPC operation timeout","context":{"attempt":1}}
{"timestamp":"2026-10-02T20:15:34.700Z","level":"error","event":"RPC max retries 
exhausted","context":{"attempt":1,"maxRetries":1,"error":"Operation timed out after 50ms"}}

stdout | packages/plugin-rpc-backend/test/resilience.test.ts > Resilience Engine > should attempt reconnect if provided and a network fault occurs
{"timestamp":"2026-10-02T20:15:34.703Z","level":"info","event":"RPC reconnected successfully"}

stderr | packages/plugin-rpc-backend/test/resilience.test.ts > Resilience Engine > should attempt reconnect if 
provided and a network fault occurs
{"timestamp":"2026-10-02T20:15:34.732Z","level":"error","event":"RPC max retries 
exhausted","context":{"attempt":1,"maxRetries":1,"error":"Socket closed"}}

 ✓ packages/plugin-rpc-backend/test/resilience.test.ts (5 tests) 280ms
(node:7868) [DEP0190] DeprecationWarning: Passing args to a child process with shell option true can lead to security 
vulnerabilities, as the arguments are not escaped, only concatenated.
(Use `node --trace-deprecation ...` to show where the warning was created)
stderr | packages/cli/test/private-key-deprecation.test.ts > Private Key Deprecation > should print a loud warning 
when using --private-key as an argument
DEBUG STDOUT: ✓ Successfully imported account 'test-dep-1790972137163' (UNSAFE PLAINTEXT)

DEBUG STDERR: 
  ⚠️  WARNING:
     LEGACY MODE: Storing private keys in plaintext is unsafe and discouraged.

  ⚠️  SECURITY WARNING [PRIVATE_KEY_ARG_DEPRECATED]:
     --private-key may be recorded in shell history, process lists, CI logs, or terminal scrollback.

  💡 Suggestion:
     Use --private-key-stdin or --private-key-env instead.



 ✓ packages/cli/test/private-key-deprecation.test.ts (4 tests) 7940ms
   ✓ Private Key Deprecation > should show deprecation warning in help text 2094ms
   ✓ Private Key Deprecation > should print a loud warning when using --private-key as an argument 1981ms
   ✓ Private Key Deprecation > should include machine-readable warning in JSON output 1929ms
   ✓ Private Key Deprecation > should NOT show warning when using interactive input (simulated via empty call failing) 1935ms
 ✓ packages/sdk/test/pending-spends.test.ts (2 tests) 305ms
 ❯ packages/testing/test/harness.test.ts (11 tests | 3 failed) 22ms
   × TestHarness > send returns accepted receipt 10ms
     → expected false to be true // Object.is equality
   × TestHarness > send updates balances correctly 2ms
     → expected 0n to be 25000000000n // Object.is equality
   × TestHarness > fixture applies setup transactions 2ms
     → Fixture "funded-bob" failed during setup: alice -> bob (30000000000 sompi). Error: WASM_TOOLCHAIN_NOT_INSTALLED: kaspa-wasm 2.1.0 is not installed at C:\Users\jrodr\AppData\Local\Temp\hardkas-hermetic-home-qjr6Ze\toolchains\kaspa-wasm\2.1.0.
Install it with: hardkas toolchain install kaspa-wasm
 ↓ packages/dev-server/test/escrow-idempotency.test.ts (4 tests | 4 skipped)
 ✓ packages/bridge-local/test/bridge.test.ts (5 tests) 21ms
 ✓ packages/kaspa-rpc/test/json-rpc-client.test.ts (4 tests) 7ms
 ✓ packages/artifacts/test/signed-tx-artifact.test.ts (5 tests) 7ms
stdout | packages/dev-server/test/observability.test.ts > Dev Server Observability API Endpoints > GET /api/status returns valid schema
<-- GET /api/status

stdout | packages/dev-server/test/observability.test.ts > Dev Server Observability API Endpoints > GET /api/status returns valid schema
--> GET /api/status 200 34ms

stdout | packages/dev-server/test/observability.test.ts > Dev Server Observability API Endpoints > GET /api/lineage returns valid schema
<-- GET /api/lineage

stdout | packages/dev-server/test/observability.test.ts > Dev Server Observability API Endpoints > GET /api/lineage returns valid schema
--> GET /api/lineage 200 8ms

stdout | packages/dev-server/test/observability.test.ts > Dev Server Observability API Endpoints > GET /api/quarantine returns valid schema
<-- GET /api/quarantine

stdout | packages/dev-server/test/observability.test.ts > Dev Server Observability API Endpoints > GET /api/quarantine returns valid schema
--> GET /api/quarantine 200 3ms

stdout | packages/dev-server/test/observability.test.ts > Dev Server Observability API Endpoints > GET /api/telemetry returns valid schema
<-- GET /api/telemetry

stdout | packages/dev-server/test/observability.test.ts > Dev Server Observability API Endpoints > GET /api/telemetry returns valid schema
--> GET /api/telemetry 200 3ms

stdout | packages/dev-server/test/observability.test.ts > Dev Server Observability API Endpoints > GET /api/replay returns valid schema
<-- GET /api/replay

stdout | packages/dev-server/test/observability.test.ts > Dev Server Observability API Endpoints > GET /api/replay returns valid schema
--> GET /api/replay 200 4ms

stdout | packages/dev-server/test/observability.test.ts > Dev Server Observability API Endpoints > GET /api/bundles returns valid schema
<-- GET /api/bundles

stdout | packages/dev-server/test/observability.test.ts > Dev Server Observability API Endpoints > GET /api/bundles returns valid schema
--> GET /api/bundles 200 3ms

stdout | packages/dev-server/test/observability.test.ts > Dev Server Observability API Endpoints > GET /api/dashboard-health returns valid schema
<-- GET /api/dashboard-health

stdout | packages/dev-server/test/observability.test.ts > Dev Server Observability API Endpoints > GET /api/dashboard-health returns valid schema
--> GET /api/dashboard-health 200 10ms

 ✓ packages/dev-server/test/observability.test.ts (7 tests) 81ms
 ✓ packages/testing/test/historical-artifacts.test.ts (5 tests) 6ms
 ✓ packages/cli/test/cli-semantics.test.ts (4 tests) 3782ms
   ✓ CLI Semantic Constraints > fails deterministically on unknown flags with exit code 2 and no raw stack trace 899ms
   ✓ CLI Semantic Constraints > JSON stdout is strictly valid and without ANSI escapes 954ms
   ✓ CLI Semantic Constraints > respects workspace flag independently of CWD 1032ms
   ✓ CLI Semantic Constraints > errors in JSON mode go strictly to stderr 894ms
 ✓ packages/cli/test/first-contact-e03-tasks.test.ts (2 tests) 3858ms
   ✓ First contact · E03 · custom tasks run as the guide shows > `hardkas task hello --name bob --json` returns the task output and a record that verifies 1924ms
   ✓ First contact · E03 · custom tasks run as the guide shows > `--evidence` packs the run and `hardkas evidence verify` accepts the package 1933ms
 ✓ packages/core/test/append-tail-safety.test.ts (3 tests) 14ms
 ❯ packages/accounts/test/address-manager.test.ts (6 tests | 3 failed) 11ms
   × AddressManager > same seed/path => same address 7ms
     → WASM_TOOLCHAIN_NOT_INSTALLED: kaspa-wasm 2.1.0 is not installed at C:\Users\jrodr\AppData\Local\Temp\hardkas-hermetic-home-qjr6Ze\toolchains\kaspa-wasm\2.1.0.
Install it with: hardkas toolchain install kaspa-wasm
   × AddressManager > receive/change differ 1ms
     → WASM_TOOLCHAIN_NOT_INSTALLED: kaspa-wasm 2.1.0 is not installed at C:\Users\jrodr\AppData\Local\Temp\hardkas-hermetic-home-qjr6Ze\toolchains\kaspa-wasm\2.1.0.
Install it with: hardkas toolchain install kaspa-wasm
   × AddressManager > no privateKey/mnemonic in JSON output 1ms
     → WASM_TOOLCHAIN_NOT_INSTALLED: kaspa-wasm 2.1.0 is not installed at C:\Users\jrodr\AppData\Local\Temp\hardkas-hermetic-home-qjr6Ze\toolchains\kaspa-wasm\2.1.0.
Install it with: hardkas toolchain install kaspa-wasm
 ❯ packages/tx-builder/test/qf005-fee-floor-oracle.test.ts (2 tests | 2 failed) 9ms
   × QF-005: Node Relay Fee Floor Oracle Suite > QF-005-A1: Historical RC17 Compute-Dominated Rejection Fixture (2036 mass * 100 = 203600 sompi) 6ms
     → WASM_TOOLCHAIN_NOT_INSTALLED: kaspa-wasm 2.1.0 is not installed at C:\Users\jrodr\AppData\Local\Temp\hardkas-hermetic-home-qjr6Ze\toolchains\kaspa-wasm\2.1.0.
Install it with: hardkas toolchain install kaspa-wasm
   × QF-005: Node Relay Fee Floor Oracle Suite > QF-005-A2: payload-heavy fixture: the payload adds mass 1ms
     → WASM_TOOLCHAIN_NOT_INSTALLED: kaspa-wasm 2.1.0 is not installed at C:\Users\jrodr\AppData\Local\Temp\hardkas-hermetic-home-qjr6Ze\toolchains\kaspa-wasm\2.1.0.
Install it with: hardkas toolchain install kaspa-wasm
 ❯ packages/localnet/test/replay-invariants.test.ts (3 tests | 3 failed) 12ms
   × Replay Invariants > should verify exact match for a successful transaction 9ms
     → applySimulatedPayment failed: ["WASM_TOOLCHAIN_NOT_INSTALLED: kaspa-wasm 2.1.0 is not installed at C:\\Users\\jrodr\\AppData\\Local\\Temp\\hardkas-hermetic-home-qjr6Ze\\toolchains\\kaspa-wasm\\2.1.0.\nInstall it with: hardkas toolchain install kaspa-wasm"]
   × Replay Invariants > should fail if plan is mutated (contentHash mismatch) 1ms
     → applySimulatedPayment failed in second test: ["WASM_TOOLCHAIN_NOT_INSTALLED: kaspa-wasm 2.1.0 is not installed at C:\\Users\\jrodr\\AppData\\Local\\Temp\\hardkas-hermetic-home-qjr6Ze\\toolchains\\kaspa-wasm\\2.1.0.\nInstall it with: hardkas toolchain install kaspa-wasm"]
   × Replay Invariants > should fail if preStateHash mismatch 1ms
     → applySimulatedPayment failed in third test: ["WASM_TOOLCHAIN_NOT_INSTALLED: kaspa-wasm 2.1.0 is not installed at C:\\Users\\jrodr\\AppData\\Local\\Temp\\hardkas-hermetic-home-qjr6Ze\\toolchains\\kaspa-wasm\\2.1.0.\nInstall it with: hardkas toolchain install kaspa-wasm"]
 ✓ packages/escrow/test/create-escrow-fail-closed.test.ts (4 tests) 8ms
 ✓ packages/localnet/test/wave1-trace-lineage-schema.test.ts (2 tests) 17ms
 ✓ packages/accounts/test/authorizers.test.ts (2 tests) 5ms
 ❯ packages/tx-builder/test/verify.test.ts (5 tests | 5 failed) 11ms
   × Transaction Semantic Verification > should pass for a valid plan 7ms
     → WASM_TOOLCHAIN_NOT_INSTALLED: kaspa-wasm 2.1.0 is not installed at C:\Users\jrodr\AppData\Local\Temp\hardkas-hermetic-home-qjr6Ze\toolchains\kaspa-wasm\2.1.0.
Install it with: hardkas toolchain install kaspa-wasm
   × Transaction Semantic Verification > should fail on mass mismatch 1ms
     → WASM_TOOLCHAIN_NOT_INSTALLED: kaspa-wasm 2.1.0 is not installed at C:\Users\jrodr\AppData\Local\Temp\hardkas-hermetic-home-qjr6Ze\toolchains\kaspa-wasm\2.1.0.
Install it with: hardkas toolchain install kaspa-wasm
   × Transaction Semantic Verification > should detect duplicate inputs 1ms
     → WASM_TOOLCHAIN_NOT_INSTALLED: kaspa-wasm 2.1.0 is not installed at C:\Users\jrodr\AppData\Local\Temp\hardkas-hermetic-home-qjr6Ze\toolchains\kaspa-wasm\2.1.0.
Install it with: hardkas toolchain install kaspa-wasm
   × Transaction Semantic Verification > should detect dust outputs as errors 1ms
     → WASM_TOOLCHAIN_NOT_INSTALLED: kaspa-wasm 2.1.0 is not installed at C:\Users\jrodr\AppData\Local\Temp\hardkas-hermetic-home-qjr6Ze\toolchains\kaspa-wasm\2.1.0.
Install it with: hardkas toolchain install kaspa-wasm
   × Transaction Semantic Verification > should detect dust change as error 1ms
     → WASM_TOOLCHAIN_NOT_INSTALLED: kaspa-wasm 2.1.0 is not installed at C:\Users\jrodr\AppData\Local\Temp\hardkas-hermetic-home-qjr6Ze\toolchains\kaspa-wasm\2.1.0.
Install it with: hardkas toolchain install kaspa-wasm
 ↓ packages/cli/test/localnet-fund-race.test.ts (1 test | 1 skipped)
stdout | packages/dev-server/test/watcher.test.ts > Watcher Fallback & Polling Contract > should start chokidar with native fs events by default
📡 [Watcher] Monitoring C:\Users\jrodr\Documents\kaslabdevs\GitHub\HardKas-repo\.hardkas for changes...

stdout | packages/dev-server/test/watcher.test.ts > Watcher Fallback & Polling Contract > should respect HARDKAS_WATCH_POLLING=1 and enable polling
📡 [Watcher] Monitoring C:\Users\jrodr\Documents\kaslabdevs\GitHub\HardKas-repo\.hardkas for changes...

stdout | packages/dev-server/test/watcher.test.ts > Watcher Fallback & Polling Contract > should fall back gracefully to polling when watch setup throws ENOSPC / ENOTSUP
📡 [Watcher] Monitoring C:\Users\jrodr\Documents\kaslabdevs\GitHub\HardKas-repo\.hardkas for changes...

stderr | packages/dev-server/test/watcher.test.ts > Watcher Fallback & Polling Contract > should fall back gracefully 
to polling when watch setup throws ENOSPC / ENOTSUP
[Watcher] Native watch failed (ENOSPC). Falling back to polling...

 ✓ packages/dev-server/test/watcher.test.ts (3 tests) 6ms
 ✓ packages/l2/test/profiles.test.ts (6 tests) 4ms
 ↓ packages/dev-server/test/escrow-negative-matrix.test.ts (3 tests | 3 skipped)
 ❯ packages/core/test/network-params.test.ts (0 test)
stdout | packages/jobs/test/jobs.test.ts > @hardkas/jobs V1 > should complete a job and save progress
{"timestamp":"2026-10-02T20:16:05.139Z","level":"info","event":"Job enqueued","context":{"id":"7953f08a-203d-477e-86e5-c8692dd79451","type":"test-job"}}
{"timestamp":"2026-10-02T20:16:05.145Z","level":"info","event":"Job completed","context":{"id":"7953f08a-203d-477e-86e5-c8692dd79451","type":"test-job"}}

stdout | packages/jobs/test/jobs.test.ts > @hardkas/jobs V1 > should fail a job if it throws
{"timestamp":"2026-10-02T20:16:05.260Z","level":"info","event":"Job enqueued","context":{"id":"05cf94fc-576a-4ef0-87cf-b4567ab33c36","type":"fail-job"}}

stderr | packages/jobs/test/jobs.test.ts > @hardkas/jobs V1 > should fail a job if it throws
{"timestamp":"2026-10-02T20:16:05.265Z","level":"error","event":"Job 
failed","context":{"id":"05cf94fc-576a-4ef0-87cf-b4567ab33c36","type":"fail-job","error":"Simulation failure"}}
{"timestamp":"2026-10-02T20:16:05.265Z","level":"error","event":"Span failed: 
job.run","context":{"traceId":"j576d9b6ll","durationMs":2,"error":"Simulation failure"}}

stdout | packages/jobs/test/jobs.test.ts > @hardkas/jobs V1 > should allow retrying within the handler using context
{"timestamp":"2026-10-02T20:16:05.369Z","level":"info","event":"Job enqueued","context":{"id":"c3d19e42-4d4e-42cc-8687-92c8a9641810","type":"retry-job"}}

stdout | packages/jobs/test/jobs.test.ts > @hardkas/jobs V1 > should allow retrying within the handler using context
{"timestamp":"2026-10-02T20:16:05.478Z","level":"info","event":"Job completed","context":{"id":"c3d19e42-4d4e-42cc-8687-92c8a9641810","type":"retry-job"}}

 ✓ packages/jobs/test/jobs.test.ts (3 tests) 554ms
   ✓ @hardkas/jobs V1 > should allow retrying within the handler using context 315ms
{"timestamp":"2026-10-02T20:16:07.878Z","level":"info","event":"Running script: C:\\Users\\jrodr\\AppData\\Local\\Temp\\hardkas-test-script-1790972166015.ts","context":{"script":"C:\\Users\\jrodr\\AppData\\Local\\Temp\\hardkas-test-script-1790972166015.ts","network":"simulated"}}
{"timestamp":"2026-10-02T20:16:12.237Z","level":"info","event":"Running script: C:\\Users\\jrodr\\AppData\\Local\\Temp\\hardkas-test-script-noharness-1790972170380.ts","context":{"script":"C:\\Users\\jrodr\\AppData\\Local\\Temp\\hardkas-test-script-noharness-1790972170380.ts","network":"simnet"}}
 ✓ packages/cli/test/run-command.test.ts (3 tests) 6728ms
   ✓ hardkas run > executes a basic script and injects hardkas harness 2448ms
   ✓ hardkas run > fails gracefully for missing script 1916ms
   ✓ hardkas run > respects --no-harness and does NOT inject global 2362ms
 ❯ packages/node-orchestrator/test/args.test.ts (7 tests | 6 failed) 12ms
   × node-orchestrator args > should add --devnet for devnet network 6ms
     → WASM_TOOLCHAIN_NOT_INSTALLED: kaspa-wasm 2.1.0 is not installed at C:\Users\jrodr\AppData\Local\Temp\hardkas-hermetic-home-qjr6Ze\toolchains\kaspa-wasm\2.1.0.
Install it with: hardkas toolchain install kaspa-wasm
   × node-orchestrator args > should add --testnet and --netsuffix for testnet-10 1ms
     → WASM_TOOLCHAIN_NOT_INSTALLED: kaspa-wasm 2.1.0 is not installed at C:\Users\jrodr\AppData\Local\Temp\hardkas-hermetic-home-qjr6Ze\toolchains\kaspa-wasm\2.1.0.
Install it with: hardkas toolchain install kaspa-wasm
   × node-orchestrator args > should add --testnet and --netsuffix for testnet-12 1ms
     → WASM_TOOLCHAIN_NOT_INSTALLED: kaspa-wasm 2.1.0 is not installed at C:\Users\jrodr\AppData\Local\Temp\hardkas-hermetic-home-qjr6Ze\toolchains\kaspa-wasm\2.1.0.
Install it with: hardkas toolchain install kaspa-wasm
   × node-orchestrator args > should not add --testnet or --devnet for mainnet 1ms
     → WASM_TOOLCHAIN_NOT_INSTALLED: kaspa-wasm 2.1.0 is not installed at C:\Users\jrodr\AppData\Local\Temp\hardkas-hermetic-home-qjr6Ze\toolchains\kaspa-wasm\2.1.0.
Install it with: hardkas toolchain install kaspa-wasm
   × node-orchestrator args > should add --utxoindex if enabled 1ms
     → WASM_TOOLCHAIN_NOT_INSTALLED: kaspa-wasm 2.1.0 is not installed at C:\Users\jrodr\AppData\Local\Temp\hardkas-hermetic-home-qjr6Ze\toolchains\kaspa-wasm\2.1.0.
Install it with: hardkas toolchain install kaspa-wasm
   × node-orchestrator args > defaults the RPC listen address to the SDK's port (the canonical localnet for simnet) 1ms
     → WASM_TOOLCHAIN_NOT_INSTALLED: kaspa-wasm 2.1.0 is not installed at C:\Users\jrodr\AppData\Local\Temp\hardkas-hermetic-home-qjr6Ze\toolchains\kaspa-wasm\2.1.0.
Install it with: hardkas toolchain install kaspa-wasm
stdout | packages/dev-server/test/escrow-session-recovery.test.ts > Session Recovery Matrix > should return 404 for unknown session id
<-- GET /api/escrows/unknown-id-123
--> GET /api/escrows/unknown-id-123 404 7ms

 ✓ packages/dev-server/test/escrow-session-recovery.test.ts (2 tests | 1 skipped) 17ms
 ✓ packages/kaspa-rpc/test/surface-cut-resilient-subscriber.test.ts (4 tests) 5ms
 ❯ packages/sdk/test/fees.test.ts (3 tests | 1 failed | 2 skipped) 454ms
   × HardkasFees > should gracefully fallback to heuristic when RPC fails 453ms
     → WASM_TOOLCHAIN_NOT_INSTALLED: kaspa-wasm 2.1.0 is not installed at C:\Users\jrodr\AppData\Local\Temp\hardkas-hermetic-home-qjr6Ze\toolchains\kaspa-wasm\2.1.0.
Install it with: hardkas toolchain install kaspa-wasm
 ✓ packages/cli/test/smoke.test.ts (7 tests | 1 skipped) 17229ms
   ✓ CLI Smoke Tests > should show help 2879ms
   ✓ CLI Smoke Tests > should show init help 2955ms
   ✓ CLI Smoke Tests > should show rpc doctor help 2863ms
   ✓ CLI Smoke Tests > should explain an artifact (mocked file) 2861ms
   ✓ CLI Smoke Tests > should fail to verify corrupted fixtures in strict mode 2839ms
   ✓ CLI Smoke Tests > should show dag status help 2832ms
 ✓ packages/core/test/compatibility.test.ts (7 tests) 3ms
 ✓ packages/localnet/test/reconstruct.test.ts (1 test) 4ms
 ❯ packages/testing/test/reproducibility.test.ts (0 test)
 ✓ packages/dev-server/test/health.test.ts (2 tests) 24ms
 ✓ packages/artifacts/test/deployment.test.ts (5 tests) 20ms
 ✓ packages/testing/test/semantics.torture.test.ts (7 tests) 5ms
 ✓ packages/cli/test/help-integrity.test.ts (7 tests) 13426ms
   ✓ CLI Help Integrity > should list all expected top-level command groups 1893ms
   ✓ CLI Help Integrity > should list expected subcommands for 'tx' 1927ms
   ✓ CLI Help Integrity > should list expected subcommands for 'artifact' 1904ms
   ✓ CLI Help Integrity > should list expected subcommands for 'rpc' 1901ms
   ✓ CLI Help Integrity > should list expected subcommands for 'dag' 1948ms
   ✓ CLI Help Integrity > should list expected subcommands for 'accounts' 1904ms
   ✓ CLI Help Integrity > should not expose dev-server as a command and treat it as unknown 1947ms
 ❯ packages/simulator/test/mass-profile.test.ts (8 tests | 8 failed) 12ms
   × Mass Profiling > profileMass returns positive values 7ms
     → WASM_TOOLCHAIN_NOT_INSTALLED: kaspa-wasm 2.1.0 is not installed at C:\Users\jrodr\AppData\Local\Temp\hardkas-hermetic-home-qjr6Ze\toolchains\kaspa-wasm\2.1.0.
Install it with: hardkas toolchain install kaspa-wasm
   × Mass Profiling > more inputs = more mass 1ms
     → WASM_TOOLCHAIN_NOT_INSTALLED: kaspa-wasm 2.1.0 is not installed at C:\Users\jrodr\AppData\Local\Temp\hardkas-hermetic-home-qjr6Ze\toolchains\kaspa-wasm\2.1.0.
Install it with: hardkas toolchain install kaspa-wasm
   × Mass Profiling > higher fee rate = higher fee 1ms
     → WASM_TOOLCHAIN_NOT_INSTALLED: kaspa-wasm 2.1.0 is not installed at C:\Users\jrodr\AppData\Local\Temp\hardkas-hermetic-home-qjr6Ze\toolchains\kaspa-wasm\2.1.0.
Install it with: hardkas toolchain install kaspa-wasm
   × Mass Profiling > comparison detects regression 1ms
     → WASM_TOOLCHAIN_NOT_INSTALLED: kaspa-wasm 2.1.0 is not installed at C:\Users\jrodr\AppData\Local\Temp\hardkas-hermetic-home-qjr6Ze\toolchains\kaspa-wasm\2.1.0.
Install it with: hardkas toolchain install kaspa-wasm
   × Mass Profiling > comparison detects no regression 1ms
     → WASM_TOOLCHAIN_NOT_INSTALLED: kaspa-wasm 2.1.0 is not installed at C:\Users\jrodr\AppData\Local\Temp\hardkas-hermetic-home-qjr6Ze\toolchains\kaspa-wasm\2.1.0.
Install it with: hardkas toolchain install kaspa-wasm
   × Mass Profiling > formatMassProfile produces readable output 1ms
     → WASM_TOOLCHAIN_NOT_INSTALLED: kaspa-wasm 2.1.0 is not installed at C:\Users\jrodr\AppData\Local\Temp\hardkas-hermetic-home-qjr6Ze\toolchains\kaspa-wasm\2.1.0.
Install it with: hardkas toolchain install kaspa-wasm
   × Mass Profiling > formatMassComparison shows delta 0ms
     → WASM_TOOLCHAIN_NOT_INSTALLED: kaspa-wasm 2.1.0 is not installed at C:\Users\jrodr\AppData\Local\Temp\hardkas-hermetic-home-qjr6Ze\toolchains\kaspa-wasm\2.1.0.
Install it with: hardkas toolchain install kaspa-wasm
   × Mass Profiling > deterministic — same inputs same profile 0ms
     → WASM_TOOLCHAIN_NOT_INSTALLED: kaspa-wasm 2.1.0 is not installed at C:\Users\jrodr\AppData\Local\Temp\hardkas-hermetic-home-qjr6Ze\toolchains\kaspa-wasm\2.1.0.
Install it with: hardkas toolchain install kaspa-wasm
 ✓ packages/localnet/test/replay.test.ts (1 test) 26ms
 ✓ packages/accounts/test/execution-guard.test.ts (5 tests) 4ms
 ✓ packages/sdk/test/programmability-0-9-1.test.ts (2 tests) 26ms
 ✓ packages/localnet/test/traces.test.ts (3 tests) 30ms
 ✓ packages/artifacts/test/igra-io.test.ts (5 tests) 8ms
 ❯ packages/cli/test/demo-ready-e21-plan-path.test.ts (2 tests | 2 failed) 1857ms
   × Demo-ready · E21 · tx plan says where the plan is > without --out it prints the persisted path, which exists, holds the plan and is signable 932ms
     → expected 1 to be +0 // Object.is equality
   × Demo-ready · E21 · tx plan says where the plan is > with --out it still reports the --out file 924ms
     → expected 1 to be +0 // Object.is equality
 ✓ packages/testing/test/simnet-docker-args.test.ts (5 tests) 5ms
 ❯ packages/localnet/test/replay-determinism.test.ts (1 test | 1 failed) 13ms
   × Deterministic Replay Injection > should produce the exact same receipt and trace for identical inputs across two different replays 12ms
     → expected false to be true // Object.is equality
 ❯ packages/cli/test/simulated-isolation.test.ts (3 tests | 1 failed | 1 skipped) 123ms
   × Simulated Isolation > simulated mode never performs network fetches and sets rpcUrl to simulated://local 9ms
     → COINBASE_MATURITY_UNRESOLVED: Cannot resolve the coinbase maturity for network 'simnet' (WASM_TOOLCHAIN_NOT_INSTALLED: kaspa-wasm 2.1.0 is not installed at C:\Users\jrodr\AppData\Local\Temp\hardkas-hermetic-home-qjr6Ze\toolchains\kaspa-wasm\2.1.0.
Install it with: hardkas toolchain install kaspa-wasm). Provide an explicit override.
 ✓ packages/node-runner/test/pr6-docker-network.test.ts (3 tests) 174ms
 ❯ packages/localnet/test/wave1-4-synthetic-txid.test.ts (3 tests | 2 failed) 14ms
   × Wave 1.4 · localnet synthetic txIds (N4) > a simulated payment's receipt carries synthetic-<planArtifactId> 11ms
     → expected false to be true // Object.is equality
   × Wave 1.4 · localnet synthetic txIds (N4) > applySimulatedPlan without an explicit txId derives the same synthetic id from the plan identity 1ms
     → expected false to be true // Object.is equality
 ✓ packages/toolkit/test/surface-cut-subscription-manager.test.ts (3 tests) 3ms
 ✓ packages/wallet-adapter/test/wallet.test.ts (4 tests) 5ms
 ❯ packages/toolkit/test/fee-estimator.test.ts (1 test | 1 failed) 7ms
   × WalletToolkit Fee Estimation > should use dynamic fee estimator and return full evidence payload 6ms
     → WASM_TOOLCHAIN_NOT_INSTALLED: kaspa-wasm 2.1.0 is not installed at C:\Users\jrodr\AppData\Local\Temp\hardkas-hermetic-home-qjr6Ze\toolchains\kaspa-wasm\2.1.0.
Install it with: hardkas toolchain install kaspa-wasm
 ✓ packages/core/test/append-lint.test.ts (1 test) 3148ms
   ✓ appendFileSync usage static analysis lint check > should not contain raw appendFileSync without // hardkas-append-allow 3147ms
 ❯ packages/sdk/test/adversarial/wave1-3-replay-legacy-verdict.test.ts (1 test | 1 failed) 30ms
   × Wave 1.3 · replay verdict never accepts a legacy receipt > a current receipt replays with a verdict; its v4 twin yields REPLAY_LEGACY_AUTH_SCOPE, never passed 29ms
     → COINBASE_MATURITY_UNRESOLVED: Cannot resolve the coinbase maturity for network 'simulated' (WASM_TOOLCHAIN_NOT_INSTALLED: kaspa-wasm 2.1.0 is not installed at C:\Users\jrodr\AppData\Local\Temp\hardkas-hermetic-home-qjr6Ze\toolchains\kaspa-wasm\2.1.0.
Install it with: hardkas toolchain install kaspa-wasm). Provide an explicit override.
stderr | packages/kaspa-rpc/test/wrpc-client.test.ts > KaspaWrpcClient > requests by method name through the official 
client, with the node's error text
{"timestamp":"2026-10-02T20:17:06.934Z","level":"error","event":"wRPC error 
response","context":{"method":"getBlockDagInfo","error":"internal error"}}

 ✓ packages/kaspa-rpc/test/wrpc-client.test.ts (7 tests) 9ms
 ❯ packages/cli/test/demo-ready-e26-simulated-balance-identity.test.ts (2 tests | 2 skipped) 947ms
 ✓ packages/accounts/test/managed-wasm-loader.test.ts (4 tests) 17ms
 ✓ packages/core/test/fault-injection.test.ts (3 tests) 17ms
 ❯ packages/cli/test/first-contact-small-fixes.test.ts (3 tests | 1 failed) 893ms
   × First contact · CLI texts tell the truth about accounts > generate prints a clean summary and list labels a plaintext key as plaintext, never as encrypted 873ms
     → 

  ⚠️  WARNING:
     LEGACY MODE: Generating accounts in plaintext is unsafe.

  ✗ Error:
    WASM_TOOLCHAIN_NOT_INSTALLED: kaspa-wasm 2.1.0 is not installed at C:\Users\jrodr\AppData\Local\Temp\hardkas-hermetic-home-qjr6Ze\toolchains\kaspa-wasm\2.1.0.
Install it with: hardkas toolchain install kaspa-wasm
: expected 1 to be +0 // Object.is equality
 ✓ packages/artifacts/test/canonical-path.test.ts (4 tests) 4ms
 ✓ packages/tx-builder/test/compat-shim-consumers.test.ts (2 tests) 219ms
 ✓ packages/core/test/append-safety.test.ts (2 tests) 22ms
 ✓ packages/sdk/test/assumption.test.ts (2 tests) 40ms
 ❯ packages/accounts/test/silver-funding.test.ts (2 tests | 2 failed) 12ms
   × buildScriptFunding > funds the script output first, returns change, and pays the SDK fee 6ms
     → WASM_TOOLCHAIN_NOT_INSTALLED: kaspa-wasm 2.1.0 is not installed at C:\Users\jrodr\AppData\Local\Temp\hardkas-hermetic-home-qjr6Ze\toolchains\kaspa-wasm\2.1.0.
Install it with: hardkas toolchain install kaspa-wasm
   × buildScriptFunding > refuses what it cannot fund or does not own 5ms
     → expected error to match asymmetric matcher
 ✓ packages/kaspa-rpc/test/mappers.test.ts (7 tests) 4ms

  ✗ [CONFIG_EXISTS] hardkas.config.ts already exists. Use --force to overwrite.

  ⚠️  WARNING:
     Config file missing. Generating a new one...

  ✗ Error:
    Config file is invalid: Failed to load HardKAS config at 
C:\Users\jrodr\Documents\kaslabdevs\GitHub\HardKas-repo\.hardkas-test-config\hardkas.config.ts: ParseError: C:\: 
Missing semicolon.  
 C:/Users/jrodr/Documents/kaslabdevs/GitHub/HardKas-repo/.hardkas-test-config/hardkas.config.ts:1:7

  ⚠️  WARNING:
     Backing up and generating a fresh config...
 ✓ packages/cli/test/config-commands.test.ts (4 tests) 4704ms
   ✓ Config Commands > should init a config file 898ms
   ✓ Config Commands > should refuse to overwrite without --force 1865ms
   ✓ Config Commands > should repair a missing config file 938ms
   ✓ Config Commands > should repair an invalid config file by backing it up 1002ms
 ✓ packages/sdk/test/agent-mode.test.ts (5 tests) 85ms
 ✓ packages/accounts/test/qf007-execution-contract-accounts.test.ts (4 tests) 34ms
 ✓ packages/sdk/test/observe-qf006.test.ts (1 test) 3ms
 ✓ packages/sdk/test/sdk-parity-0-9-1.test.ts (2 tests) 389ms
   ✓ 0.12.0-rc.26 SDK parity surface > exposes localnet.status without requiring CLI shelling 361ms
 ❯ packages/sdk/test/simulated-send.test.ts (2 tests | 2 failed) 40ms
   × Simulated Send Parity > send(signed, { persist: true }) -> artifact exists on disk 26ms
     → COINBASE_MATURITY_UNRESOLVED: Cannot resolve the coinbase maturity for network 'simulated' (WASM_TOOLCHAIN_NOT_INSTALLED: kaspa-wasm 2.1.0 is not installed at C:\Users\jrodr\AppData\Local\Temp\hardkas-hermetic-home-qjr6Ze\toolchains\kaspa-wasm\2.1.0.
Install it with: hardkas toolchain install kaspa-wasm). Provide an explicit override.
   × Simulated Send Parity > send(signed, { persist: false }) -> no receipt on disk and no crash 13ms
     → COINBASE_MATURITY_UNRESOLVED: Cannot resolve the coinbase maturity for network 'simulated' (WASM_TOOLCHAIN_NOT_INSTALLED: kaspa-wasm 2.1.0 is not installed at C:\Users\jrodr\AppData\Local\Temp\hardkas-hermetic-home-qjr6Ze\toolchains\kaspa-wasm\2.1.0.
Install it with: hardkas toolchain install kaspa-wasm). Provide an explicit override.
 ✓ packages/query-store/test/schema.test.ts (2 tests) 54ms
stderr | packages/cli/test/e2e-real-accounts.test.ts > E2E Real Accounts Management > should initialize, import, list, 
show and remove an account

  ⚠️  [SECURITY WARNING] Plaintext private keys detected in legacy account store for: test-acc
     Location: C:\Users\jrodr\Documents\kaslabdevs\GitHub\HardKas-repo\.hardkas\accounts.real.json
     Recommendation: Re-import these accounts using encrypted keystores.


  ⚠️  [SECURITY WARNING] Plaintext private keys detected in legacy account store for: test-acc
     Location: C:\Users\jrodr\Documents\kaslabdevs\GitHub\HardKas-repo\.hardkas\accounts.real.json
     Recommendation: Re-import these accounts using encrypted keystores.


  ⚠️  [SECURITY WARNING] Plaintext private keys detected in legacy account store for: test-acc
     Location: C:\Users\jrodr\Documents\kaslabdevs\GitHub\HardKas-repo\.hardkas\accounts.real.json
     Recommendation: Re-import these accounts using encrypted keystores.


  ⚠️  [SECURITY WARNING] Plaintext private keys detected in legacy account store for: test-acc
     Location: C:\Users\jrodr\Documents\kaslabdevs\GitHub\HardKas-repo\.hardkas\accounts.real.json
     Recommendation: Re-import these accounts using encrypted keystores.


 ✓ packages/cli/test/e2e-real-accounts.test.ts (1 test) 24ms
 ✓ packages/accounts/test/e39-keygen-toolchain-error.test.ts (3 tests) 5ms
 ✓ packages/cli/test/public-surface.test.ts (3 tests) 5418ms
   ✓ CLI Surface Hardening > should not leak deprecated or experimental commands in the public help menu 890ms
   ✓ CLI Surface Hardening > should have snapshot successfully nested under localnet 878ms
   ✓ CLI Surface Hardening > should completely reject physically deleted legacy aliases 3648ms
 ✓ packages/sdk/test/networkProfile.test.ts (2 tests) 28ms
 ✓ packages/cli/test/demo-ready-localnet-miner-throttle.test.ts (2 tests) 4ms
 ❯ packages/cli/test/demo-cut-e04-cli-balances.test.ts (1 test | 1 failed) 896ms
   × Demo-cut · E04 · CLI balances after a simulated send > alice → bob 25 KAS: bob 1025, alice 1000 − 25 − fee, by name and by synthetic identity 876ms
     → {
  "ok": false,
  "command": "tx send",
  "mode": "cli",
  "outcome": "failed",
  "code": "TX_SEND_FAILED",
  "message": "FAILED: 'tx send' did not broadcast (plan step failed: COINBASE_MATURITY_UNRESOLVED: Cannot resolve the coinbase maturity for network 'simulated' (WASM_TOOLCHAIN_NOT_INSTALLED: kaspa-wasm 2.1.0 is not installed at C:\\Users\\jrodr\\AppData\\Local\\Temp\\hardkas-hermetic-home-qjr6Ze\\toolchains\\kaspa-wasm\\2.1.0.\nInstall it with: hardkas toolchain install kaspa-wasm). Provide an explicit override.).",
  "network": "simulated",
  "steps": {
    "plan": "error",
    "sign": "skipped",
    "send": "skipped"
  }
}

[runTxFlow catch] Error: COINBASE_MATURITY_UNRESOLVED: Cannot resolve the coinbase maturity for network 'simulated' (WASM_TOOLCHAIN_NOT_INSTALLED: kaspa-wasm 2.1.0 is not installed at C:\Users\jrodr\AppData\Local\Temp\hardkas-hermetic-home-qjr6Ze\toolchains\kaspa-wasm\2.1.0.
Install it with: hardkas toolchain install kaspa-wasm). Provide an explicit override.
    at paramsError (file:///C:/Users/jrodr/Documents/kaslabdevs/GitHub/HardKas-repo/packages/core/dist/index.js:405:15)
    at getCoinbaseMaturity (file:///C:/Users/jrodr/Documents/kaslabdevs/GitHub/HardKas-repo/packages/core/dist/index.js:442:11)
    at runTxPlan (file:///C:/Users/jrodr/Documents/kaslabdevs/GitHub/HardKas-repo/packages/cli/dist/chunk-FX777FFF.js:130:32)
    at async runTxFlow (file:///C:/Users/jrodr/Documents/kaslabdevs/GitHub/HardKas-repo/packages/cli/dist/chunk-FX777FFF.js:716:26)
    at async file:///C:/Users/jrodr/Documents/kaslabdevs/GitHub/HardKas-repo/packages/cli/dist/chunk-VQN6EBKC.js:973:30
    at async withLock (file:///C:/Users/jrodr/Documents/kaslabdevs/GitHub/HardKas-repo/packages/core/dist/index.js:2680:12)
    at async Command.<anonymous> (file:///C:/Users/jrodr/Documents/kaslabdevs/GitHub/HardKas-repo/packages/cli/dist/chunk-VQN6EBKC.js:864:9)
    at async Command.parseAsync (C:\Users\jrodr\Documents\kaslabdevs\GitHub\HardKas-repo\node_modules\.pnpm\commander@12.1.0\node_modules\commander\lib\command.js:1092:5)
    at async main (file:///C:/Users/jrodr/Documents/kaslabdevs/GitHub/HardKas-repo/packages/cli/dist/index.js:41:5) {
  code: 'COINBASE_MATURITY_UNRESOLVED'
}
: expected 1 to be +0 // Object.is equality
 ❯ packages/tx-builder/test/plan.test.ts (1 test | 1 failed) 8ms
   × tx-builder plan > should build a payment plan from Alice to Bob for 1 KAS with 1000 KAS balance 7ms
     → WASM_TOOLCHAIN_NOT_INSTALLED: kaspa-wasm 2.1.0 is not installed at C:\Users\jrodr\AppData\Local\Temp\hardkas-hermetic-home-qjr6Ze\toolchains\kaspa-wasm\2.1.0.
Install it with: hardkas toolchain install kaspa-wasm
 ✓ packages/testing/test/fuzz-migration.test.ts (1 test) 132ms
 ✓ packages/localnet/test/accounts.test.ts (6 tests) 5ms
 ❯ packages/accounts/test/wasm-rpc-storage-mass.test.ts (3 tests | 3 failed) 7ms
   × parseWasmTxToRpc storage mass > emits the transaction's storageMass and no legacy mass 5ms
     → WASM_TOOLCHAIN_NOT_INSTALLED: kaspa-wasm 2.1.0 is not installed at C:\Users\jrodr\AppData\Local\Temp\hardkas-hermetic-home-qjr6Ze\toolchains\kaspa-wasm\2.1.0.
Install it with: hardkas toolchain install kaspa-wasm
   × parseWasmTxToRpc storage mass > keeps a zero commitment as zero 1ms
     → WASM_TOOLCHAIN_NOT_INSTALLED: kaspa-wasm 2.1.0 is not installed at C:\Users\jrodr\AppData\Local\Temp\hardkas-hermetic-home-qjr6Ze\toolchains\kaspa-wasm\2.1.0.
Install it with: hardkas toolchain install kaspa-wasm
   × parseWasmTxToRpc storage mass > reads the deprecated mass alias of older serializations 1ms
     → WASM_TOOLCHAIN_NOT_INSTALLED: kaspa-wasm 2.1.0 is not installed at C:\Users\jrodr\AppData\Local\Temp\hardkas-hermetic-home-qjr6Ze\toolchains\kaspa-wasm\2.1.0.
Install it with: hardkas toolchain install kaspa-wasm
 ✓ packages/artifacts/test/pr7-determinism.test.ts (5 tests) 5ms
 ✓ packages/accounts/test/evm-export.test.ts (6 tests) 5ms
 ✓ packages/query/test/determinism.test.ts (7 tests) 6ms
 ✓ packages/core/test/telemetry-isolation.test.ts (1 test) 59ms

  ═══ HardKAS dApp Creation: existing-dapp ═══

  ═══ HardKAS dApp Initialization ═══
  ℹ Checking configuration...
  ✔ Created hardkas.config.ts
  ✔ Created src/hardkas/client.ts
  ✔ dApp support initialized successfully!
  ℹ Run 'hardkas dev' to start the local environment.
 ✓ packages/cli/test/dev-commands.test.ts (3 tests) 842ms
   ✓ CLI dev namespace > dev doctor outputs stable JSON envelope when --json is passed 833ms
 ✓ packages/core/test/e39-kaspa-wasm-pin-wins.test.ts (1 test) 6ms
 ✓ packages/testing/test/fuzz-policy.test.ts (1 test) 1714ms
   ✓ Phase 6A: Policy Fuzzing > should reject all 10,000 mutated policies 1713ms
(node:22904) [DEP0190] DeprecationWarning: Passing args to a child process with shell option true can lead to security 
vulnerabilities, as the arguments are not escaped, only concatenated.
(Use `node --trace-deprecation ...` to show where the warning was created)
 ✓ packages/cli/test/programmability.test.ts (2 tests) 6369ms
   ✓ programmability CLI > prints programmability capabilities 3163ms
   ✓ programmability CLI > plans an app 3205ms
 ↓ packages/sdk/test/integration.test.ts (1 test | 1 skipped)
 ✓ packages/testing/test/gate-levels.test.ts (4 tests) 4ms

⚠️  WARNING: 'capabilities' command is internal/experimental. Set HARDKAS_EXPERIMENTAL=1 to acknowledge.


⚠️  WARNING: 'capabilities' command is internal/experimental. Set HARDKAS_EXPERIMENTAL=1 to acknowledge.

 ✓ packages/cli/test/capabilities.test.ts (2 tests) 3802ms
   ✓ hardkas capabilities > outputs valid JSON with --json 1895ms
   ✓ hardkas capabilities > human output shows checkmarks 1906ms
  ℹ Initializing Workflow Runtime in Agent Mode...
  ℹ Running 1 workflow steps...
{
  "schema": "hardkas.workflow.v1",
  "version": "1.0.0-alpha",
  "hardkasVersion": "0.12.0-rc.26",
  "networkId": "simulated",
  "mode": "simulator",
  "hashVersion": 5,
  "createdAt": "2026-10-02T20:18:02.205Z",
  "workflowId": "wf_c754ff5580c0c8bd",
  "status": "completed",
  "steps": [
    {
      "type": "network.switch",
      "status": "success",
      "startedAt": "2026-10-02T20:18:02.205Z",
      "completedAt": "2026-10-02T20:18:02.205Z"
    }
  ],
  "parentArtifacts": [],
  "producedArtifacts": [],
  "generationRange": {
    "start": "1790972282205",
    "end": "1790972282205"
  },
  "policy": {
    "allowNetwork": false,
    "allowMainnet": false,
    "allowExternalWallet": false,
    "requireDryRun": false
  },
  "contentHash": "b467f3e5e039fcbb1c2dd59ff974dfd9d8bb0d15354e179b86cac46e1dad2f13"
}
 ✓ packages/cli/test/workflow-simulated.test.ts (1 test) 174ms
 ✓ packages/cli/test/accounts-balance-local.test.ts (1 test) 176ms
stdout | packages/core/test/benchmark.test.ts > Benchmark Suite > AppendCoordinator overhead and fsync cost
{"benchmark":"append_latency","iterations":500,"totalTimeMs":1752.6416,"avgLatencyMs":3.5052832}

 ✓ packages/core/test/benchmark.test.ts (1 test) 1761ms
   ✓ Benchmark Suite > AppendCoordinator overhead and fsync cost 1755ms
 ✓ packages/artifacts/test/determinism.test.ts (2 tests) 5ms
 ✓ packages/testing/test/fuzz-network.test.ts (1 test) 212ms
 ❯ packages/tx-builder/test/plan.v1.test.ts (1 test | 1 failed) 8ms
   × P84: V1 Plan generation > should calculate correct fee and include V1 fields when version is 1 7ms
     → WASM_TOOLCHAIN_NOT_INSTALLED: kaspa-wasm 2.1.0 is not installed at C:\Users\jrodr\AppData\Local\Temp\hardkas-hermetic-home-qjr6Ze\toolchains\kaspa-wasm\2.1.0.
Install it with: hardkas toolchain install kaspa-wasm
stdout | packages/sync-daemon/test/daemon.test.ts > SyncDaemon > should notify indexer and resume pending jobs on new blocks
{"timestamp":"2026-10-02T20:18:08.246Z","level":"info","event":"SyncDaemon starting"}
indexer reload called!
resumePendingJobs called!

 ✓ packages/sync-daemon/test/daemon.test.ts (1 test) 565ms
   ✓ SyncDaemon > should notify indexer and resume pending jobs on new blocks 563ms
 ✓ packages/artifacts/test/cross-platform.test.ts (5 tests) 4ms
 ✓ packages/artifacts/test/reproducibility.test.ts (2 tests) 5ms
 ✓ packages/query/test/wiring.test.ts (2 tests) 24ms
 ✓ packages/l2/test/evm-receipts.test.ts (5 tests) 3ms
 ❯ packages/tx-builder/test/toccata-fees.test.ts (2 tests | 2 failed) 9ms
   × P83: Toccata Fee Model (upstream) > does not charge computeBudget: the pinned SDK prices it at zero 7ms
     → WASM_TOOLCHAIN_NOT_INSTALLED: kaspa-wasm 2.1.0 is not installed at C:\Users\jrodr\AppData\Local\Temp\hardkas-hermetic-home-qjr6Ze\toolchains\kaspa-wasm\2.1.0.
Install it with: hardkas toolchain install kaspa-wasm
   × P83: Toccata Fee Model (upstream) > version 1 inputs carry no sig-op mass (sigOpCount = 0) 1ms
     → WASM_TOOLCHAIN_NOT_INSTALLED: kaspa-wasm 2.1.0 is not installed at C:\Users\jrodr\AppData\Local\Temp\hardkas-hermetic-home-qjr6Ze\toolchains\kaspa-wasm\2.1.0.
Install it with: hardkas toolchain install kaspa-wasm
 ✓ packages/config/test/init-cwd.test.ts (3 tests) 33ms
 ✓ packages/cli/test/broadcast-guard.test.ts (5 tests) 4ms
 ✓ packages/testing/test/repo-hygiene.test.ts (1 test) 90ms
 ✓ packages/core/test/registry.test.ts (5 tests) 7ms
 ✓ packages/cli/test/localnet-fork.test.ts (2 tests) 5ms
 ✓ packages/core/test/soak-longrun.test.ts (1 test) 3550ms
   ✓ Long-Run Soak Testing > Continuous appends do not leak file descriptors 3540ms
 ✓ packages/l2/test/bridge.test.ts (5 tests) 6ms
 ✓ packages/kaspa-rpc/test/rpc.test.ts (2 tests) 4ms
stderr | packages/sdk/test/pskt/native-fallback.test.ts > Native Adapter Fallback > should not throw and should not 
register if native module is missing
registerNativeAdapter caught error: Error: Cannot find module
    at Object.probe 
(C:\Users\jrodr\Documents\kaslabdevs\GitHub\HardKas-repo\packages\sdk\test\pskt\native-fallback.test.ts:15:17)
    at Module.registerNativeAdapter 
(C:\Users\jrodr\Documents\kaslabdevs\GitHub\HardKas-repo\packages\sdk\src\pskt.ts:37:32)
    at processTicksAndRejections (node:internal/process/task_queues:104:5)
    at C:\Users\jrodr\Documents\kaslabdevs\GitHub\HardKas-repo\packages\sdk\test\pskt\native-fallback.test.ts:20:21
    at file:///C:/Users/jrodr/Documents/kaslabdevs/GitHub/HardKas-repo/node_modules/.pnpm/@vitest+runner@2.1.9/node_mod
ules/@vitest/runner/dist/index.js:533:5
    at runTest (file:///C:/Users/jrodr/Documents/kaslabdevs/GitHub/HardKas-repo/node_modules/.pnpm/@vitest+runner@2.1.9
/node_modules/@vitest/runner/dist/index.js:1056:11)
    at runSuite (file:///C:/Users/jrodr/Documents/kaslabdevs/GitHub/HardKas-repo/node_modules/.pnpm/@vitest+runner@2.1.
9/node_modules/@vitest/runner/dist/index.js:1205:15)
    at runSuite (file:///C:/Users/jrodr/Documents/kaslabdevs/GitHub/HardKas-repo/node_modules/.pnpm/@vitest+runner@2.1.
9/node_modules/@vitest/runner/dist/index.js:1205:15)
    at runFiles (file:///C:/Users/jrodr/Documents/kaslabdevs/GitHub/HardKas-repo/node_modules/.pnpm/@vitest+runner@2.1.
9/node_modules/@vitest/runner/dist/index.js:1262:5)
    at startTests (file:///C:/Users/jrodr/Documents/kaslabdevs/GitHub/HardKas-repo/node_modules/.pnpm/@vitest+runner@2.
1.9/node_modules/@vitest/runner/dist/index.js:1271:3)
registerNativeAdapter limitations: [ 'NATIVE_MODULE_NOT_FOUND' ]

 ✓ packages/sdk/test/pskt/native-fallback.test.ts (1 test) 9ms
 ✓ packages/l2/test/evm-rpc-health.test.ts (2 tests) 5ms
 ✓ packages/config/test/provider.test.ts (6 tests) 4ms
 ✓ packages/artifacts/test/broadcast.test.ts (3 tests) 4ms
 ✓ packages/sdk/test/sdk.test.ts (2 tests) 20ms
 ❯ packages/cli/test/demo-ready-e27-init-messages.test.ts (1 test | 1 failed) 924ms
   × Demo-ready · E27 · init announces what it creates > every `Created: <path>` line names a file that exists, and the test file is payment.test.ts 923ms
     → expected 1 to be +0 // Object.is equality
 ✓ packages/sdk/test/surface-cut-events.test.ts (2 tests) 20ms
 ✓ packages/node-orchestrator/test/findRoot.test.ts (2 tests) 7ms
 ✓ packages/core/test/security.test.ts (3 tests) 3ms
 ✓ packages/core/test/domain-types.test.ts (3 tests) 3ms
 ✓ packages/l2/test/metamask.test.ts (3 tests) 4ms
 ❯ packages/sdk/test/v1-capabilities.test.ts (2 tests | 1 failed) 16ms
   × P82: TX V1 Capabilities Probe > should probe kaspa-wasm for V1 support 11ms
     → WASM_TOOLCHAIN_NOT_INSTALLED: kaspa-wasm 2.1.0 is not installed at C:\Users\jrodr\AppData\Local\Temp\hardkas-hermetic-home-qjr6Ze\toolchains\kaspa-wasm\2.1.0.
Install it with: hardkas toolchain install kaspa-wasm
 ✓ packages/cli/test/console.test.ts (1 test) 1898ms
   ✓ hardkas console > command is registered and shows help 1897ms
 ✓ packages/artifacts/test/pr6-canonicalization.test.ts (3 tests) 4ms
 ✓ packages/sdk/test/client.test.ts (2 tests) 957ms
   ✓ SDK High-level Client Facade > returns stable envelope on network error 951ms
 ✓ packages/testing/test/hygiene.test.ts (1 test) 88ms
 ❯ packages/testing/test/mass-tracking.test.ts (2 tests | 1 failed) 14ms
   × Mass tracking > collects records when enabled 12ms
     → expected +0 to be 1 // Object.is equality
 ✓ packages/cli/test/fund-amount.test.ts (3 tests) 4ms
 ✓ packages/cli/test/command-modules.test.ts (1 test) 1193ms
   ✓ Command Modules Side Effects > should not execute program.parse() when importing modules 1192ms
 ✓ packages/cli/test/program-registration.test.ts (1 test) 1948ms
   ✓ CLI registration integrity > registers all expected top-level commands 1947ms
 ❯ packages/node-orchestrator/test/doctor.test.ts (2 tests | 2 failed) 8ms
   × doctorKaspaNode > should report binary not found for improbable path 6ms
     → WASM_TOOLCHAIN_NOT_INSTALLED: kaspa-wasm 2.1.0 is not installed at C:\Users\jrodr\AppData\Local\Temp\hardkas-hermetic-home-qjr6Ze\toolchains\kaspa-wasm\2.1.0.
Install it with: hardkas toolchain install kaspa-wasm
   × doctorKaspaNode > should report data dir not exists for new path 1ms
     → WASM_TOOLCHAIN_NOT_INSTALLED: kaspa-wasm 2.1.0 is not installed at C:\Users\jrodr\AppData\Local\Temp\hardkas-hermetic-home-qjr6Ze\toolchains\kaspa-wasm\2.1.0.
Install it with: hardkas toolchain install kaspa-wasm
 ❯ packages/node-orchestrator/test/clean.test.ts (1 test | 1 failed) 9ms
   × cleanKaspaNodeData > should delete dataDir if not running 8ms
     → WASM_TOOLCHAIN_NOT_INSTALLED: kaspa-wasm 2.1.0 is not installed at C:\Users\jrodr\AppData\Local\Temp\hardkas-hermetic-home-qjr6Ze\toolchains\kaspa-wasm\2.1.0.
Install it with: hardkas toolchain install kaspa-wasm
stderr | packages/testing/test/utxo-invariants.test.ts > Infrastructure Invariants: UTXO Stability > should maintain 
sum(inputs) == sum(outputs) + fee over 100 random transactions
UTXO Fuzzing Violations:
  - Iteration 0: Unexpected Error: WASM_TOOLCHAIN_NOT_INSTALLED: kaspa-wasm 2.1.0 is not installed at 
C:\Users\jrodr\AppData\Local\Temp\hardkas-hermetic-home-qjr6Ze\toolchains\kaspa-wasm\2.1.0.
Install it with: hardkas toolchain install kaspa-wasm
  - Iteration 1: Unexpected Error: WASM_TOOLCHAIN_NOT_INSTALLED: kaspa-wasm 2.1.0 is not installed at 
C:\Users\jrodr\AppData\Local\Temp\hardkas-hermetic-home-qjr6Ze\toolchains\kaspa-wasm\2.1.0.
Install it with: hardkas toolchain install kaspa-wasm
  - Iteration 2: Unexpected Error: WASM_TOOLCHAIN_NOT_INSTALLED: kaspa-wasm 2.1.0 is not installed at 
C:\Users\jrodr\AppData\Local\Temp\hardkas-hermetic-home-qjr6Ze\toolchains\kaspa-wasm\2.1.0.
Install it with: hardkas toolchain install kaspa-wasm
  - Iteration 3: Unexpected Error: WASM_TOOLCHAIN_NOT_INSTALLED: kaspa-wasm 2.1.0 is not installed at 
C:\Users\jrodr\AppData\Local\Temp\hardkas-hermetic-home-qjr6Ze\toolchains\kaspa-wasm\2.1.0.
Install it with: hardkas toolchain install kaspa-wasm
  - Iteration 4: Unexpected Error: WASM_TOOLCHAIN_NOT_INSTALLED: kaspa-wasm 2.1.0 is not installed at 
C:\Users\jrodr\AppData\Local\Temp\hardkas-hermetic-home-qjr6Ze\toolchains\kaspa-wasm\2.1.0.
Install it with: hardkas toolchain install kaspa-wasm
  - Iteration 5: Unexpected Error: WASM_TOOLCHAIN_NOT_INSTALLED: kaspa-wasm 2.1.0 is not installed at 
C:\Users\jrodr\AppData\Local\Temp\hardkas-hermetic-home-qjr6Ze\toolchains\kaspa-wasm\2.1.0.
Install it with: hardkas toolchain install kaspa-wasm
  - Iteration 6: Unexpected Error: WASM_TOOLCHAIN_NOT_INSTALLED: kaspa-wasm 2.1.0 is not installed at 
C:\Users\jrodr\AppData\Local\Temp\hardkas-hermetic-home-qjr6Ze\toolchains\kaspa-wasm\2.1.0.
Install it with: hardkas toolchain install kaspa-wasm
  - Iteration 7: Unexpected Error: WASM_TOOLCHAIN_NOT_INSTALLED: kaspa-wasm 2.1.0 is not installed at 
C:\Users\jrodr\AppData\Local\Temp\hardkas-hermetic-home-qjr6Ze\toolchains\kaspa-wasm\2.1.0.
Install it with: hardkas toolchain install kaspa-wasm
  - Iteration 8: Unexpected Error: WASM_TOOLCHAIN_NOT_INSTALLED: kaspa-wasm 2.1.0 is not installed at 
C:\Users\jrodr\AppData\Local\Temp\hardkas-hermetic-home-qjr6Ze\toolchains\kaspa-wasm\2.1.0.
Install it with: hardkas toolchain install kaspa-wasm
  - Iteration 9: Unexpected Error: WASM_TOOLCHAIN_NOT_INSTALLED: kaspa-wasm 2.1.0 is not installed at 
C:\Users\jrodr\AppData\Local\Temp\hardkas-hermetic-home-qjr6Ze\toolchains\kaspa-wasm\2.1.0.
Install it with: hardkas toolchain install kaspa-wasm
  - Iteration 10: Unexpected Error: WASM_TOOLCHAIN_NOT_INSTALLED: kaspa-wasm 2.1.0 is not installed at 
C:\Users\jrodr\AppData\Local\Temp\hardkas-hermetic-home-qjr6Ze\toolchains\kaspa-wasm\2.1.0.
Install it with: hardkas toolchain install kaspa-wasm
  - Iteration 11: Unexpected Error: WASM_TOOLCHAIN_NOT_INSTALLED: kaspa-wasm 2.1.0 is not installed at 
C:\Users\jrodr\AppData\Local\Temp\hardkas-hermetic-home-qjr6Ze\toolchains\kaspa-wasm\2.1.0.
Install it with: hardkas toolchain install kaspa-wasm
  - Iteration 12: Unexpected Error: WASM_TOOLCHAIN_NOT_INSTALLED: kaspa-wasm 2.1.0 is not installed at 
C:\Users\jrodr\AppData\Local\Temp\hardkas-hermetic-home-qjr6Ze\toolchains\kaspa-wasm\2.1.0.
Install it with: hardkas toolchain install kaspa-wasm
  - Iteration 13: Unexpected Error: WASM_TOOLCHAIN_NOT_INSTALLED: kaspa-wasm 2.1.0 is not installed at 
C:\Users\jrodr\AppData\Local\Temp\hardkas-hermetic-home-qjr6Ze\toolchains\kaspa-wasm\2.1.0.
Install it with: hardkas toolchain install kaspa-wasm
  - Iteration 14: Unexpected Error: WASM_TOOLCHAIN_NOT_INSTALLED: kaspa-wasm 2.1.0 is not installed at 
C:\Users\jrodr\AppData\Local\Temp\hardkas-hermetic-home-qjr6Ze\toolchains\kaspa-wasm\2.1.0.
Install it with: hardkas toolchain install kaspa-wasm
  - Iteration 15: Unexpected Error: WASM_TOOLCHAIN_NOT_INSTALLED: kaspa-wasm 2.1.0 is not installed at 
C:\Users\jrodr\AppData\Local\Temp\hardkas-hermetic-home-qjr6Ze\toolchains\kaspa-wasm\2.1.0.
Install it with: hardkas toolchain install kaspa-wasm
  - Iteration 16: Unexpected Error: WASM_TOOLCHAIN_NOT_INSTALLED: kaspa-wasm 2.1.0 is not installed at 
C:\Users\jrodr\AppData\Local\Temp\hardkas-hermetic-home-qjr6Ze\toolchains\kaspa-wasm\2.1.0.
Install it with: hardkas toolchain install kaspa-wasm
  - Iteration 17: Unexpected Error: WASM_TOOLCHAIN_NOT_INSTALLED: kaspa-wasm 2.1.0 is not installed at 
C:\Users\jrodr\AppData\Local\Temp\hardkas-hermetic-home-qjr6Ze\toolchains\kaspa-wasm\2.1.0.
Install it with: hardkas toolchain install kaspa-wasm
  - Iteration 18: Unexpected Error: WASM_TOOLCHAIN_NOT_INSTALLED: kaspa-wasm 2.1.0 is not installed at 
C:\Users\jrodr\AppData\Local\Temp\hardkas-hermetic-home-qjr6Ze\toolchains\kaspa-wasm\2.1.0.
Install it with: hardkas toolchain install kaspa-wasm
  - Iteration 19: Unexpected Error: WASM_TOOLCHAIN_NOT_INSTALLED: kaspa-wasm 2.1.0 is not installed at 
C:\Users\jrodr\AppData\Local\Temp\hardkas-hermetic-home-qjr6Ze\toolchains\kaspa-wasm\2.1.0.
Install it with: hardkas toolchain install kaspa-wasm
  - Iteration 20: Unexpected Error: WASM_TOOLCHAIN_NOT_INSTALLED: kaspa-wasm 2.1.0 is not installed at 
C:\Users\jrodr\AppData\Local\Temp\hardkas-hermetic-home-qjr6Ze\toolchains\kaspa-wasm\2.1.0.
Install it with: hardkas toolchain install kaspa-wasm
  - Iteration 21: Unexpected Error: WASM_TOOLCHAIN_NOT_INSTALLED: kaspa-wasm 2.1.0 is not installed at 
C:\Users\jrodr\AppData\Local\Temp\hardkas-hermetic-home-qjr6Ze\toolchains\kaspa-wasm\2.1.0.
Install it with: hardkas toolchain install kaspa-wasm
  - Iteration 22: Unexpected Error: WASM_TOOLCHAIN_NOT_INSTALLED: kaspa-wasm 2.1.0 is not installed at 
C:\Users\jrodr\AppData\Local\Temp\hardkas-hermetic-home-qjr6Ze\toolchains\kaspa-wasm\2.1.0.
Install it with: hardkas toolchain install kaspa-wasm
  - Iteration 23: Unexpected Error: WASM_TOOLCHAIN_NOT_INSTALLED: kaspa-wasm 2.1.0 is not installed at 
C:\Users\jrodr\AppData\Local\Temp\hardkas-hermetic-home-qjr6Ze\toolchains\kaspa-wasm\2.1.0.
Install it with: hardkas toolchain install kaspa-wasm
  - Iteration 24: Unexpected Error: WASM_TOOLCHAIN_NOT_INSTALLED: kaspa-wasm 2.1.0 is not installed at 
C:\Users\jrodr\AppData\Local\Temp\hardkas-hermetic-home-qjr6Ze\toolchains\kaspa-wasm\2.1.0.
Install it with: hardkas toolchain install kaspa-wasm
  - Iteration 25: Unexpected Error: WASM_TOOLCHAIN_NOT_INSTALLED: kaspa-wasm 2.1.0 is not installed at 
C:\Users\jrodr\AppData\Local\Temp\hardkas-hermetic-home-qjr6Ze\toolchains\kaspa-wasm\2.1.0.
Install it with: hardkas toolchain install kaspa-wasm
  - Iteration 26: Unexpected Error: WASM_TOOLCHAIN_NOT_INSTALLED: kaspa-wasm 2.1.0 is not installed at 
C:\Users\jrodr\AppData\Local\Temp\hardkas-hermetic-home-qjr6Ze\toolchains\kaspa-wasm\2.1.0.
Install it with: hardkas toolchain install kaspa-wasm
  - Iteration 27: Unexpected Error: WASM_TOOLCHAIN_NOT_INSTALLED: kaspa-wasm 2.1.0 is not installed at 
C:\Users\jrodr\AppData\Local\Temp\hardkas-hermetic-home-qjr6Ze\toolchains\kaspa-wasm\2.1.0.
Install it with: hardkas toolchain install kaspa-wasm
  - Iteration 28: Unexpected Error: WASM_TOOLCHAIN_NOT_INSTALLED: kaspa-wasm 2.1.0 is not installed at 
C:\Users\jrodr\AppData\Local\Temp\hardkas-hermetic-home-qjr6Ze\toolchains\kaspa-wasm\2.1.0.
Install it with: hardkas toolchain install kaspa-wasm
  - Iteration 29: Unexpected Error: WASM_TOOLCHAIN_NOT_INSTALLED: kaspa-wasm 2.1.0 is not installed at 
C:\Users\jrodr\AppData\Local\Temp\hardkas-hermetic-home-qjr6Ze\toolchains\kaspa-wasm\2.1.0.
Install it with: hardkas toolchain install kaspa-wasm
  - Iteration 30: Unexpected Error: WASM_TOOLCHAIN_NOT_INSTALLED: kaspa-wasm 2.1.0 is not installed at 
C:\Users\jrodr\AppData\Local\Temp\hardkas-hermetic-home-qjr6Ze\toolchains\kaspa-wasm\2.1.0.
Install it with: hardkas toolchain install kaspa-wasm
  - Iteration 31: Unexpected Error: WASM_TOOLCHAIN_NOT_INSTALLED: kaspa-wasm 2.1.0 is not installed at 
C:\Users\jrodr\AppData\Local\Temp\hardkas-hermetic-home-qjr6Ze\toolchains\kaspa-wasm\2.1.0.
Install it with: hardkas toolchain install kaspa-wasm
  - Iteration 32: Unexpected Error: WASM_TOOLCHAIN_NOT_INSTALLED: kaspa-wasm 2.1.0 is not installed at 
C:\Users\jrodr\AppData\Local\Temp\hardkas-hermetic-home-qjr6Ze\toolchains\kaspa-wasm\2.1.0.
Install it with: hardkas toolchain install kaspa-wasm
  - Iteration 33: Unexpected Error: WASM_TOOLCHAIN_NOT_INSTALLED: kaspa-wasm 2.1.0 is not installed at 
C:\Users\jrodr\AppData\Local\Temp\hardkas-hermetic-home-qjr6Ze\toolchains\kaspa-wasm\2.1.0.
Install it with: hardkas toolchain install kaspa-wasm
  - Iteration 34: Unexpected Error: WASM_TOOLCHAIN_NOT_INSTALLED: kaspa-wasm 2.1.0 is not installed at 
C:\Users\jrodr\AppData\Local\Temp\hardkas-hermetic-home-qjr6Ze\toolchains\kaspa-wasm\2.1.0.
Install it with: hardkas toolchain install kaspa-wasm
  - Iteration 35: Unexpected Error: WASM_TOOLCHAIN_NOT_INSTALLED: kaspa-wasm 2.1.0 is not installed at 
C:\Users\jrodr\AppData\Local\Temp\hardkas-hermetic-home-qjr6Ze\toolchains\kaspa-wasm\2.1.0.
Install it with: hardkas toolchain install kaspa-wasm
  - Iteration 36: Unexpected Error: WASM_TOOLCHAIN_NOT_INSTALLED: kaspa-wasm 2.1.0 is not installed at 
C:\Users\jrodr\AppData\Local\Temp\hardkas-hermetic-home-qjr6Ze\toolchains\kaspa-wasm\2.1.0.
Install it with: hardkas toolchain install kaspa-wasm
  - Iteration 37: Unexpected Error: WASM_TOOLCHAIN_NOT_INSTALLED: kaspa-wasm 2.1.0 is not installed at 
C:\Users\jrodr\AppData\Local\Temp\hardkas-hermetic-home-qjr6Ze\toolchains\kaspa-wasm\2.1.0.
Install it with: hardkas toolchain install kaspa-wasm
  - Iteration 38: Unexpected Error: WASM_TOOLCHAIN_NOT_INSTALLED: kaspa-wasm 2.1.0 is not installed at 
C:\Users\jrodr\AppData\Local\Temp\hardkas-hermetic-home-qjr6Ze\toolchains\kaspa-wasm\2.1.0.
Install it with: hardkas toolchain install kaspa-wasm
  - Iteration 39: Unexpected Error: WASM_TOOLCHAIN_NOT_INSTALLED: kaspa-wasm 2.1.0 is not installed at 
C:\Users\jrodr\AppData\Local\Temp\hardkas-hermetic-home-qjr6Ze\toolchains\kaspa-wasm\2.1.0.
Install it with: hardkas toolchain install kaspa-wasm
  - Iteration 40: Unexpected Error: WASM_TOOLCHAIN_NOT_INSTALLED: kaspa-wasm 2.1.0 is not installed at 
C:\Users\jrodr\AppData\Local\Temp\hardkas-hermetic-home-qjr6Ze\toolchains\kaspa-wasm\2.1.0.
Install it with: hardkas toolchain install kaspa-wasm
  - Iteration 41: Unexpected Error: WASM_TOOLCHAIN_NOT_INSTALLED: kaspa-wasm 2.1.0 is not installed at 
C:\Users\jrodr\AppData\Local\Temp\hardkas-hermetic-home-qjr6Ze\toolchains\kaspa-wasm\2.1.0.
Install it with: hardkas toolchain install kaspa-wasm
  - Iteration 42: Unexpected Error: WASM_TOOLCHAIN_NOT_INSTALLED: kaspa-wasm 2.1.0 is not installed at 
C:\Users\jrodr\AppData\Local\Temp\hardkas-hermetic-home-qjr6Ze\toolchains\kaspa-wasm\2.1.0.
Install it with: hardkas toolchain install kaspa-wasm
  - Iteration 43: Unexpected Error: WASM_TOOLCHAIN_NOT_INSTALLED: kaspa-wasm 2.1.0 is not installed at 
C:\Users\jrodr\AppData\Local\Temp\hardkas-hermetic-home-qjr6Ze\toolchains\kaspa-wasm\2.1.0.
Install it with: hardkas toolchain install kaspa-wasm
  - Iteration 44: Unexpected Error: WASM_TOOLCHAIN_NOT_INSTALLED: kaspa-wasm 2.1.0 is not installed at 
C:\Users\jrodr\AppData\Local\Temp\hardkas-hermetic-home-qjr6Ze\toolchains\kaspa-wasm\2.1.0.
Install it with: hardkas toolchain install kaspa-wasm
  - Iteration 45: Unexpected Error: WASM_TOOLCHAIN_NOT_INSTALLED: kaspa-wasm 2.1.0 is not installed at 
C:\Users\jrodr\AppData\Local\Temp\hardkas-hermetic-home-qjr6Ze\toolchains\kaspa-wasm\2.1.0.
Install it with: hardkas toolchain install kaspa-wasm
  - Iteration 46: Unexpected Error: WASM_TOOLCHAIN_NOT_INSTALLED: kaspa-wasm 2.1.0 is not installed at 
C:\Users\jrodr\AppData\Local\Temp\hardkas-hermetic-home-qjr6Ze\toolchains\kaspa-wasm\2.1.0.
Install it with: hardkas toolchain install kaspa-wasm
  - Iteration 47: Unexpected Error: WASM_TOOLCHAIN_NOT_INSTALLED: kaspa-wasm 2.1.0 is not installed at 
C:\Users\jrodr\AppData\Local\Temp\hardkas-hermetic-home-qjr6Ze\toolchains\kaspa-wasm\2.1.0.
Install it with: hardkas toolchain install kaspa-wasm
  - Iteration 48: Unexpected Error: WASM_TOOLCHAIN_NOT_INSTALLED: kaspa-wasm 2.1.0 is not installed at 
C:\Users\jrodr\AppData\Local\Temp\hardkas-hermetic-home-qjr6Ze\toolchains\kaspa-wasm\2.1.0.
Install it with: hardkas toolchain install kaspa-wasm
  - Iteration 49: Unexpected Error: WASM_TOOLCHAIN_NOT_INSTALLED: kaspa-wasm 2.1.0 is not installed at 
C:\Users\jrodr\AppData\Local\Temp\hardkas-hermetic-home-qjr6Ze\toolchains\kaspa-wasm\2.1.0.
Install it with: hardkas toolchain install kaspa-wasm
  - Iteration 50: Unexpected Error: WASM_TOOLCHAIN_NOT_INSTALLED: kaspa-wasm 2.1.0 is not installed at 
C:\Users\jrodr\AppData\Local\Temp\hardkas-hermetic-home-qjr6Ze\toolchains\kaspa-wasm\2.1.0.
Install it with: hardkas toolchain install kaspa-wasm
  - Iteration 51: Unexpected Error: WASM_TOOLCHAIN_NOT_INSTALLED: kaspa-wasm 2.1.0 is not installed at 
C:\Users\jrodr\AppData\Local\Temp\hardkas-hermetic-home-qjr6Ze\toolchains\kaspa-wasm\2.1.0.
Install it with: hardkas toolchain install kaspa-wasm
  - Iteration 52: Unexpected Error: WASM_TOOLCHAIN_NOT_INSTALLED: kaspa-wasm 2.1.0 is not installed at 
C:\Users\jrodr\AppData\Local\Temp\hardkas-hermetic-home-qjr6Ze\toolchains\kaspa-wasm\2.1.0.
Install it with: hardkas toolchain install kaspa-wasm
  - Iteration 53: Unexpected Error: WASM_TOOLCHAIN_NOT_INSTALLED: kaspa-wasm 2.1.0 is not installed at 
C:\Users\jrodr\AppData\Local\Temp\hardkas-hermetic-home-qjr6Ze\toolchains\kaspa-wasm\2.1.0.
Install it with: hardkas toolchain install kaspa-wasm
  - Iteration 54: Unexpected Error: WASM_TOOLCHAIN_NOT_INSTALLED: kaspa-wasm 2.1.0 is not installed at 
C:\Users\jrodr\AppData\Local\Temp\hardkas-hermetic-home-qjr6Ze\toolchains\kaspa-wasm\2.1.0.
Install it with: hardkas toolchain install kaspa-wasm
  - Iteration 55: Unexpected Error: WASM_TOOLCHAIN_NOT_INSTALLED: kaspa-wasm 2.1.0 is not installed at 
C:\Users\jrodr\AppData\Local\Temp\hardkas-hermetic-home-qjr6Ze\toolchains\kaspa-wasm\2.1.0.
Install it with: hardkas toolchain install kaspa-wasm
  - Iteration 56: Unexpected Error: WASM_TOOLCHAIN_NOT_INSTALLED: kaspa-wasm 2.1.0 is not installed at 
C:\Users\jrodr\AppData\Local\Temp\hardkas-hermetic-home-qjr6Ze\toolchains\kaspa-wasm\2.1.0.
Install it with: hardkas toolchain install kaspa-wasm
  - Iteration 57: Unexpected Error: WASM_TOOLCHAIN_NOT_INSTALLED: kaspa-wasm 2.1.0 is not installed at 
C:\Users\jrodr\AppData\Local\Temp\hardkas-hermetic-home-qjr6Ze\toolchains\kaspa-wasm\2.1.0.
Install it with: hardkas toolchain install kaspa-wasm
  - Iteration 58: Unexpected Error: WASM_TOOLCHAIN_NOT_INSTALLED: kaspa-wasm 2.1.0 is not installed at 
C:\Users\jrodr\AppData\Local\Temp\hardkas-hermetic-home-qjr6Ze\toolchains\kaspa-wasm\2.1.0.
Install it with: hardkas toolchain install kaspa-wasm
  - Iteration 59: Unexpected Error: WASM_TOOLCHAIN_NOT_INSTALLED: kaspa-wasm 2.1.0 is not installed at 
C:\Users\jrodr\AppData\Local\Temp\hardkas-hermetic-home-qjr6Ze\toolchains\kaspa-wasm\2.1.0.
Install it with: hardkas toolchain install kaspa-wasm
  - Iteration 60: Unexpected Error: WASM_TOOLCHAIN_NOT_INSTALLED: kaspa-wasm 2.1.0 is not installed at 
C:\Users\jrodr\AppData\Local\Temp\hardkas-hermetic-home-qjr6Ze\toolchains\kaspa-wasm\2.1.0.
Install it with: hardkas toolchain install kaspa-wasm
  - Iteration 61: Unexpected Error: WASM_TOOLCHAIN_NOT_INSTALLED: kaspa-wasm 2.1.0 is not installed at 
C:\Users\jrodr\AppData\Local\Temp\hardkas-hermetic-home-qjr6Ze\toolchains\kaspa-wasm\2.1.0.
Install it with: hardkas toolchain install kaspa-wasm
  - Iteration 62: Unexpected Error: WASM_TOOLCHAIN_NOT_INSTALLED: kaspa-wasm 2.1.0 is not installed at 
C:\Users\jrodr\AppData\Local\Temp\hardkas-hermetic-home-qjr6Ze\toolchains\kaspa-wasm\2.1.0.
Install it with: hardkas toolchain install kaspa-wasm
  - Iteration 63: Unexpected Error: WASM_TOOLCHAIN_NOT_INSTALLED: kaspa-wasm 2.1.0 is not installed at 
C:\Users\jrodr\AppData\Local\Temp\hardkas-hermetic-home-qjr6Ze\toolchains\kaspa-wasm\2.1.0.
Install it with: hardkas toolchain install kaspa-wasm
  - Iteration 64: Unexpected Error: WASM_TOOLCHAIN_NOT_INSTALLED: kaspa-wasm 2.1.0 is not installed at 
C:\Users\jrodr\AppData\Local\Temp\hardkas-hermetic-home-qjr6Ze\toolchains\kaspa-wasm\2.1.0.
Install it with: hardkas toolchain install kaspa-wasm
  - Iteration 65: Unexpected Error: WASM_TOOLCHAIN_NOT_INSTALLED: kaspa-wasm 2.1.0 is not installed at 
C:\Users\jrodr\AppData\Local\Temp\hardkas-hermetic-home-qjr6Ze\toolchains\kaspa-wasm\2.1.0.
Install it with: hardkas toolchain install kaspa-wasm
  - Iteration 66: Unexpected Error: WASM_TOOLCHAIN_NOT_INSTALLED: kaspa-wasm 2.1.0 is not installed at 
C:\Users\jrodr\AppData\Local\Temp\hardkas-hermetic-home-qjr6Ze\toolchains\kaspa-wasm\2.1.0.
Install it with: hardkas toolchain install kaspa-wasm
  - Iteration 67: Unexpected Error: WASM_TOOLCHAIN_NOT_INSTALLED: kaspa-wasm 2.1.0 is not installed at 
C:\Users\jrodr\AppData\Local\Temp\hardkas-hermetic-home-qjr6Ze\toolchains\kaspa-wasm\2.1.0.
Install it with: hardkas toolchain install kaspa-wasm
  - Iteration 68: Unexpected Error: WASM_TOOLCHAIN_NOT_INSTALLED: kaspa-wasm 2.1.0 is not installed at 
C:\Users\jrodr\AppData\Local\Temp\hardkas-hermetic-home-qjr6Ze\toolchains\kaspa-wasm\2.1.0.
Install it with: hardkas toolchain install kaspa-wasm
  - Iteration 69: Unexpected Error: WASM_TOOLCHAIN_NOT_INSTALLED: kaspa-wasm 2.1.0 is not installed at 
C:\Users\jrodr\AppData\Local\Temp\hardkas-hermetic-home-qjr6Ze\toolchains\kaspa-wasm\2.1.0.
Install it with: hardkas toolchain install kaspa-wasm
  - Iteration 70: Unexpected Error: WASM_TOOLCHAIN_NOT_INSTALLED: kaspa-wasm 2.1.0 is not installed at 
C:\Users\jrodr\AppData\Local\Temp\hardkas-hermetic-home-qjr6Ze\toolchains\kaspa-wasm\2.1.0.
Install it with: hardkas toolchain install kaspa-wasm
  - Iteration 71: Unexpected Error: WASM_TOOLCHAIN_NOT_INSTALLED: kaspa-wasm 2.1.0 is not installed at 
C:\Users\jrodr\AppData\Local\Temp\hardkas-hermetic-home-qjr6Ze\toolchains\kaspa-wasm\2.1.0.
Install it with: hardkas toolchain install kaspa-wasm
  - Iteration 72: Unexpected Error: WASM_TOOLCHAIN_NOT_INSTALLED: kaspa-wasm 2.1.0 is not installed at 
C:\Users\jrodr\AppData\Local\Temp\hardkas-hermetic-home-qjr6Ze\toolchains\kaspa-wasm\2.1.0.
Install it with: hardkas toolchain install kaspa-wasm
  - Iteration 73: Unexpected Error: WASM_TOOLCHAIN_NOT_INSTALLED: kaspa-wasm 2.1.0 is not installed at 
C:\Users\jrodr\AppData\Local\Temp\hardkas-hermetic-home-qjr6Ze\toolchains\kaspa-wasm\2.1.0.
Install it with: hardkas toolchain install kaspa-wasm
  - Iteration 74: Unexpected Error: WASM_TOOLCHAIN_NOT_INSTALLED: kaspa-wasm 2.1.0 is not installed at 
C:\Users\jrodr\AppData\Local\Temp\hardkas-hermetic-home-qjr6Ze\toolchains\kaspa-wasm\2.1.0.
Install it with: hardkas toolchain install kaspa-wasm
  - Iteration 75: Unexpected Error: WASM_TOOLCHAIN_NOT_INSTALLED: kaspa-wasm 2.1.0 is not installed at 
C:\Users\jrodr\AppData\Local\Temp\hardkas-hermetic-home-qjr6Ze\toolchains\kaspa-wasm\2.1.0.
Install it with: hardkas toolchain install kaspa-wasm
  - Iteration 76: Unexpected Error: WASM_TOOLCHAIN_NOT_INSTALLED: kaspa-wasm 2.1.0 is not installed at 
C:\Users\jrodr\AppData\Local\Temp\hardkas-hermetic-home-qjr6Ze\toolchains\kaspa-wasm\2.1.0.
Install it with: hardkas toolchain install kaspa-wasm
  - Iteration 77: Unexpected Error: WASM_TOOLCHAIN_NOT_INSTALLED: kaspa-wasm 2.1.0 is not installed at 
C:\Users\jrodr\AppData\Local\Temp\hardkas-hermetic-home-qjr6Ze\toolchains\kaspa-wasm\2.1.0.
Install it with: hardkas toolchain install kaspa-wasm
  - Iteration 78: Unexpected Error: WASM_TOOLCHAIN_NOT_INSTALLED: kaspa-wasm 2.1.0 is not installed at 
C:\Users\jrodr\AppData\Local\Temp\hardkas-hermetic-home-qjr6Ze\toolchains\kaspa-wasm\2.1.0.
Install it with: hardkas toolchain install kaspa-wasm
  - Iteration 79: Unexpected Error: WASM_TOOLCHAIN_NOT_INSTALLED: kaspa-wasm 2.1.0 is not installed at 
C:\Users\jrodr\AppData\Local\Temp\hardkas-hermetic-home-qjr6Ze\toolchains\kaspa-wasm\2.1.0.
Install it with: hardkas toolchain install kaspa-wasm
  - Iteration 80: Unexpected Error: WASM_TOOLCHAIN_NOT_INSTALLED: kaspa-wasm 2.1.0 is not installed at 
C:\Users\jrodr\AppData\Local\Temp\hardkas-hermetic-home-qjr6Ze\toolchains\kaspa-wasm\2.1.0.
Install it with: hardkas toolchain install kaspa-wasm
  - Iteration 81: Unexpected Error: WASM_TOOLCHAIN_NOT_INSTALLED: kaspa-wasm 2.1.0 is not installed at 
C:\Users\jrodr\AppData\Local\Temp\hardkas-hermetic-home-qjr6Ze\toolchains\kaspa-wasm\2.1.0.
Install it with: hardkas toolchain install kaspa-wasm
  - Iteration 82: Unexpected Error: WASM_TOOLCHAIN_NOT_INSTALLED: kaspa-wasm 2.1.0 is not installed at 
C:\Users\jrodr\AppData\Local\Temp\hardkas-hermetic-home-qjr6Ze\toolchains\kaspa-wasm\2.1.0.
Install it with: hardkas toolchain install kaspa-wasm
  - Iteration 83: Unexpected Error: WASM_TOOLCHAIN_NOT_INSTALLED: kaspa-wasm 2.1.0 is not installed at 
C:\Users\jrodr\AppData\Local\Temp\hardkas-hermetic-home-qjr6Ze\toolchains\kaspa-wasm\2.1.0.
Install it with: hardkas toolchain install kaspa-wasm
  - Iteration 84: Unexpected Error: WASM_TOOLCHAIN_NOT_INSTALLED: kaspa-wasm 2.1.0 is not installed at 
C:\Users\jrodr\AppData\Local\Temp\hardkas-hermetic-home-qjr6Ze\toolchains\kaspa-wasm\2.1.0.
Install it with: hardkas toolchain install kaspa-wasm
  - Iteration 85: Unexpected Error: WASM_TOOLCHAIN_NOT_INSTALLED: kaspa-wasm 2.1.0 is not installed at 
C:\Users\jrodr\AppData\Local\Temp\hardkas-hermetic-home-qjr6Ze\toolchains\kaspa-wasm\2.1.0.
Install it with: hardkas toolchain install kaspa-wasm
  - Iteration 86: Unexpected Error: WASM_TOOLCHAIN_NOT_INSTALLED: kaspa-wasm 2.1.0 is not installed at 
C:\Users\jrodr\AppData\Local\Temp\hardkas-hermetic-home-qjr6Ze\toolchains\kaspa-wasm\2.1.0.
Install it with: hardkas toolchain install kaspa-wasm
 ❯ packages/testing/test/utxo-invariants.test.ts (1 test | 1 failed) 22ms
   × Infrastructure Invariants: UTXO Stability > should maintain sum(inputs) == sum(outputs) + fee over 100 random transactions 21ms
     → expected false to be true // Object.is equality
  - Iteration 87: Unexpected Error: WASM_TOOLCHAIN_NOT_INSTALLED: kaspa-wasm 2.1.0 is not installed at 
C:\Users\jrodr\AppData\Local\Temp\hardkas-hermetic-home-qjr6Ze\toolchains\kaspa-wasm\2.1.0.
Install it with: hardkas toolchain install kaspa-wasm
  - Iteration 88: Unexpected Error: WASM_TOOLCHAIN_NOT_INSTALLED: kaspa-wasm 2.1.0 is not installed at 
C:\Users\jrodr\AppData\Local\Temp\hardkas-hermetic-home-qjr6Ze\toolchains\kaspa-wasm\2.1.0.
Install it with: hardkas toolchain install kaspa-wasm
  - Iteration 89: Unexpected Error: WASM_TOOLCHAIN_NOT_INSTALLED: kaspa-wasm 2.1.0 is not installed at 
C:\Users\jrodr\AppData\Local\Temp\hardkas-hermetic-home-qjr6Ze\toolchains\kaspa-wasm\2.1.0.
Install it with: hardkas toolchain install kaspa-wasm
  - Iteration 90: Unexpected Error: WASM_TOOLCHAIN_NOT_INSTALLED: kaspa-wasm 2.1.0 is not installed at 
C:\Users\jrodr\AppData\Local\Temp\hardkas-hermetic-home-qjr6Ze\toolchains\kaspa-wasm\2.1.0.
Install it with: hardkas toolchain install kaspa-wasm
  - Iteration 91: Unexpected Error: WASM_TOOLCHAIN_NOT_INSTALLED: kaspa-wasm 2.1.0 is not installed at 
C:\Users\jrodr\AppData\Local\Temp\hardkas-hermetic-home-qjr6Ze\toolchains\kaspa-wasm\2.1.0.
Install it with: hardkas toolchain install kaspa-wasm
  - Iteration 92: Unexpected Error: WASM_TOOLCHAIN_NOT_INSTALLED: kaspa-wasm 2.1.0 is not installed at 
C:\Users\jrodr\AppData\Local\Temp\hardkas-hermetic-home-qjr6Ze\toolchains\kaspa-wasm\2.1.0.
Install it with: hardkas toolchain install kaspa-wasm
  - Iteration 93: Unexpected Error: WASM_TOOLCHAIN_NOT_INSTALLED: kaspa-wasm 2.1.0 is not installed at 
C:\Users\jrodr\AppData\Local\Temp\hardkas-hermetic-home-qjr6Ze\toolchains\kaspa-wasm\2.1.0.
Install it with: hardkas toolchain install kaspa-wasm
  - Iteration 94: Unexpected Error: WASM_TOOLCHAIN_NOT_INSTALLED: kaspa-wasm 2.1.0 is not installed at 
C:\Users\jrodr\AppData\Local\Temp\hardkas-hermetic-home-qjr6Ze\toolchains\kaspa-wasm\2.1.0.
Install it with: hardkas toolchain install kaspa-wasm
  - Iteration 95: Unexpected Error: WASM_TOOLCHAIN_NOT_INSTALLED: kaspa-wasm 2.1.0 is not installed at 
C:\Users\jrodr\AppData\Local\Temp\hardkas-hermetic-home-qjr6Ze\toolchains\kaspa-wasm\2.1.0.
Install it with: hardkas toolchain install kaspa-wasm
  - Iteration 96: Unexpected Error: WASM_TOOLCHAIN_NOT_INSTALLED: kaspa-wasm 2.1.0 is not installed at 
C:\Users\jrodr\AppData\Local\Temp\hardkas-hermetic-home-qjr6Ze\toolchains\kaspa-wasm\2.1.0.
Install it with: hardkas toolchain install kaspa-wasm
  - Iteration 97: Unexpected Error: WASM_TOOLCHAIN_NOT_INSTALLED: kaspa-wasm 2.1.0 is not installed at 
C:\Users\jrodr\AppData\Local\Temp\hardkas-hermetic-home-qjr6Ze\toolchains\kaspa-wasm\2.1.0.
Install it with: hardkas toolchain install kaspa-wasm
  - Iteration 98: Unexpected Error: WASM_TOOLCHAIN_NOT_INSTALLED: kaspa-wasm 2.1.0 is not installed at 
C:\Users\jrodr\AppData\Local\Temp\hardkas-hermetic-home-qjr6Ze\toolchains\kaspa-wasm\2.1.0.
Install it with: hardkas toolchain install kaspa-wasm
  - Iteration 99: Unexpected Error: WASM_TOOLCHAIN_NOT_INSTALLED: kaspa-wasm 2.1.0 is not installed at 
C:\Users\jrodr\AppData\Local\Temp\hardkas-hermetic-home-qjr6Ze\toolchains\kaspa-wasm\2.1.0.
Install it with: hardkas toolchain install kaspa-wasm

 ❯ packages/tx-builder/test/tx-builder.test.ts (1 test | 1 failed) 7ms
   × buildPaymentPlan > selects UTXOs and creates change 6ms
     → WASM_TOOLCHAIN_NOT_INSTALLED: kaspa-wasm 2.1.0 is not installed at C:\Users\jrodr\AppData\Local\Temp\hardkas-hermetic-home-qjr6Ze\toolchains\kaspa-wasm\2.1.0.
Install it with: hardkas toolchain install kaspa-wasm
 ✓ packages/localnet/test/surface-cut-subscriptions.test.ts (1 test) 2ms
 ✓ packages/testing/test/gauntlet.test.ts (1 test) 2ms

⎯⎯⎯⎯⎯⎯ Failed Suites 10 ⎯⎯⎯⎯⎯⎯

 FAIL  packages/accounts/test/wave4-def27-deterministic-identity.test.ts > Wave 4 · DEF-27 · deterministic identity 
invariant
Error: WASM_TOOLCHAIN_NOT_INSTALLED: kaspa-wasm 2.1.0 is not installed at 
C:\Users\jrodr\AppData\Local\Temp\hardkas-hermetic-home-qjr6Ze\toolchains\kaspa-wasm\2.1.0.
Install it with: hardkas toolchain install kaspa-wasm
 ❯ Module.loadManagedKaspaWasmSync packages/core/src/kaspa-wasm.ts:23:17
     21|   const verification = verifyManagedToolchainSync(KASPA_WASM_REFERENCE…
     22|   if (!verification.installed) {
     23|     const err = new Error(
       |                 ^
     24|       `WASM_TOOLCHAIN_NOT_INSTALLED: kaspa-wasm ${KASPA_WASM_REFERENCE…
     25|         `Install it with: hardkas toolchain install kaspa-wasm`
 ❯ loadKaspaWasmSync packages/accounts/src/signer-backend.ts:32:10
 ❯ Module.loadKaspaWasm packages/accounts/src/signer-backend.ts:43:12
 ❯ packages/accounts/test/wave4-def27-deterministic-identity.test.ts:82:19

⎯⎯⎯⎯⎯⎯⎯⎯⎯⎯⎯⎯⎯⎯⎯⎯⎯⎯⎯⎯⎯⎯[1/323]⎯

 FAIL  packages/cli/test/demo-cut-t-a14b-no-false-claims.test.ts > Demo-cut · T-A14b · what the built CLI prints for 
tx status, tx wait and explain
Error: COINBASE_MATURITY_UNRESOLVED: Cannot resolve the coinbase maturity for network 'simulated' 
(WASM_TOOLCHAIN_NOT_INSTALLED: kaspa-wasm 2.1.0 is not installed at 
C:\Users\jrodr\AppData\Local\Temp\hardkas-hermetic-home-qjr6Ze\toolchains\kaspa-wasm\2.1.0.
Install it with: hardkas toolchain install kaspa-wasm). Provide an explicit override.
 ❯ paramsError packages/core/src/network-params.ts:18:15
     16| 
     17| function paramsError(code: string, message: string): Error {
     18|   const err = new Error(`${code}: ${message}`);
       |               ^
     19|   (err as any).code = code;
     20|   return err;
 ❯ Module.getCoinbaseMaturity packages/core/src/network-params.ts:77:11
 ❯ HardkasTx.plan packages/sdk/src/tx.ts:450:30
 ❯ packages/cli/test/demo-cut-t-a14b-no-false-claims.test.ts:57:18

⎯⎯⎯⎯⎯⎯⎯⎯⎯⎯⎯⎯⎯⎯⎯⎯⎯⎯⎯⎯⎯⎯[2/323]⎯

 FAIL  packages/cli/test/demo-ready-e26-simulated-balance-identity.test.ts > Demo-ready · E26 · simulated balance 
shows the identity it queried
AssertionError: expected 1 to be +0 // Object.is equality

- Expected
+ Received

- 0
+ 1

 ❯ packages/cli/test/demo-ready-e26-simulated-balance-identity.test.ts:24:43
     22|   beforeAll(() => {
     23|     ws = fs.mkdtempSync(path.join(os.tmpdir(), "hk-demo-ready-e26-"));
     24|     expect(run(["init", "."], ws).status).toBe(0);
       |                                           ^
     25|     const state = JSON.parse(fs.readFileSync(path.join(ws, ".hardkas",…
     26|     aliceAddress = state.accounts.find((a: any) => a.name === "alice")…

⎯⎯⎯⎯⎯⎯⎯⎯⎯⎯⎯⎯⎯⎯⎯⎯⎯⎯⎯⎯⎯⎯[3/323]⎯

 FAIL  packages/cli/test/wave1-2-next-steps.test.ts > Wave 1.2 · CLI identifiers
Error: COINBASE_MATURITY_UNRESOLVED: Cannot resolve the coinbase maturity for network 'simulated' 
(WASM_TOOLCHAIN_NOT_INSTALLED: kaspa-wasm 2.1.0 is not installed at 
C:\Users\jrodr\AppData\Local\Temp\hardkas-hermetic-home-qjr6Ze\toolchains\kaspa-wasm\2.1.0.
Install it with: hardkas toolchain install kaspa-wasm). Provide an explicit override.
 ❯ paramsError packages/core/src/network-params.ts:18:15
     16| 
     17| function paramsError(code: string, message: string): Error {
     18|   const err = new Error(`${code}: ${message}`);
       |               ^
     19|   (err as any).code = code;
     20|   return err;
 ❯ Module.getCoinbaseMaturity packages/core/src/network-params.ts:77:11
 ❯ HardkasTx.plan packages/sdk/src/tx.ts:450:30
 ❯ packages/cli/test/wave1-2-next-steps.test.ts:38:12

⎯⎯⎯⎯⎯⎯⎯⎯⎯⎯⎯⎯⎯⎯⎯⎯⎯⎯⎯⎯⎯⎯[4/323]⎯

 FAIL  packages/cli/test/wave1-3-verify-cli.test.ts > Wave 1.3 · hardkas verify / artifact verify / artifact migrate
Error: COINBASE_MATURITY_UNRESOLVED: Cannot resolve the coinbase maturity for network 'simulated' 
(WASM_TOOLCHAIN_NOT_INSTALLED: kaspa-wasm 2.1.0 is not installed at 
C:\Users\jrodr\AppData\Local\Temp\hardkas-hermetic-home-qjr6Ze\toolchains\kaspa-wasm\2.1.0.
Install it with: hardkas toolchain install kaspa-wasm). Provide an explicit override.
 ❯ paramsError packages/core/src/network-params.ts:18:15
     16| 
     17| function paramsError(code: string, message: string): Error {
     18|   const err = new Error(`${code}: ${message}`);
       |               ^
     19|   (err as any).code = code;
     20|   return err;
 ❯ Module.getCoinbaseMaturity packages/core/src/network-params.ts:77:11
 ❯ HardkasTx.plan packages/sdk/src/tx.ts:450:30
 ❯ packages/cli/test/wave1-3-verify-cli.test.ts:58:12

⎯⎯⎯⎯⎯⎯⎯⎯⎯⎯⎯⎯⎯⎯⎯⎯⎯⎯⎯⎯⎯⎯[5/323]⎯

 FAIL  packages/cli/test/wave1-5-narratives-cli.test.ts > Wave 1.5 · AUD-14 · CLI narratives report only computed 
results (simulator)
Error: COINBASE_MATURITY_UNRESOLVED: Cannot resolve the coinbase maturity for network 'simulated' 
(WASM_TOOLCHAIN_NOT_INSTALLED: kaspa-wasm 2.1.0 is not installed at 
C:\Users\jrodr\AppData\Local\Temp\hardkas-hermetic-home-qjr6Ze\toolchains\kaspa-wasm\2.1.0.
Install it with: hardkas toolchain install kaspa-wasm). Provide an explicit override.
 ❯ paramsError packages/core/src/network-params.ts:18:15
     16| 
     17| function paramsError(code: string, message: string): Error {
     18|   const err = new Error(`${code}: ${message}`);
       |               ^
     19|   (err as any).code = code;
     20|   return err;
 ❯ Module.getCoinbaseMaturity packages/core/src/network-params.ts:77:11
 ❯ HardkasTx.plan packages/sdk/src/tx.ts:450:30
 ❯ packages/cli/test/wave1-5-narratives-cli.test.ts:33:18

⎯⎯⎯⎯⎯⎯⎯⎯⎯⎯⎯⎯⎯⎯⎯⎯⎯⎯⎯⎯⎯⎯[6/323]⎯

 FAIL  packages/core/test/network-params.test.ts [ packages/core/test/network-params.test.ts ]
Error: WASM_TOOLCHAIN_NOT_INSTALLED: kaspa-wasm 2.1.0 is not installed at 
C:\Users\jrodr\AppData\Local\Temp\hardkas-hermetic-home-qjr6Ze\toolchains\kaspa-wasm\2.1.0.
Install it with: hardkas toolchain install kaspa-wasm
 ❯ Module.loadManagedKaspaWasmSync packages/core/src/kaspa-wasm.ts:23:17
     21|   const verification = verifyManagedToolchainSync(KASPA_WASM_REFERENCE…
     22|   if (!verification.installed) {
     23|     const err = new Error(
       |                 ^
     24|       `WASM_TOOLCHAIN_NOT_INSTALLED: kaspa-wasm ${KASPA_WASM_REFERENCE…
     25|         `Install it with: hardkas toolchain install kaspa-wasm`
 ❯ packages/core/test/network-params.test.ts:13:11

⎯⎯⎯⎯⎯⎯⎯⎯⎯⎯⎯⎯⎯⎯⎯⎯⎯⎯⎯⎯⎯⎯[7/323]⎯

 FAIL  packages/dev-server/test/wave1-5-narratives.test.ts > Wave 1.5 · AUD-14 · the dev-server reports only what it 
computed (T-A14c)
Error: COINBASE_MATURITY_UNRESOLVED: Cannot resolve the coinbase maturity for network 'simulated' 
(WASM_TOOLCHAIN_NOT_INSTALLED: kaspa-wasm 2.1.0 is not installed at 
C:\Users\jrodr\AppData\Local\Temp\hardkas-hermetic-home-qjr6Ze\toolchains\kaspa-wasm\2.1.0.
Install it with: hardkas toolchain install kaspa-wasm). Provide an explicit override.
 ❯ paramsError packages/core/src/network-params.ts:18:15
     16| 
     17| function paramsError(code: string, message: string): Error {
     18|   const err = new Error(`${code}: ${message}`);
       |               ^
     19|   (err as any).code = code;
     20|   return err;
 ❯ Module.getCoinbaseMaturity packages/core/src/network-params.ts:77:11
 ❯ HardkasTx.plan packages/sdk/src/tx.ts:450:30
 ❯ packages/dev-server/test/wave1-5-narratives.test.ts:63:12

⎯⎯⎯⎯⎯⎯⎯⎯⎯⎯⎯⎯⎯⎯⎯⎯⎯⎯⎯⎯⎯⎯[8/323]⎯

 FAIL  packages/testing/test/reproducibility.test.ts [ packages/testing/test/reproducibility.test.ts ]
Error: WASM_TOOLCHAIN_NOT_INSTALLED: kaspa-wasm 2.1.0 is not installed at 
C:\Users\jrodr\AppData\Local\Temp\hardkas-hermetic-home-qjr6Ze\toolchains\kaspa-wasm\2.1.0.
Install it with: hardkas toolchain install kaspa-wasm
 ❯ Module.loadManagedKaspaWasmSync packages/core/src/kaspa-wasm.ts:23:17
     21|   const verification = verifyManagedToolchainSync(KASPA_WASM_REFERENCE…
     22|   if (!verification.installed) {
     23|     const err = new Error(
       |                 ^
     24|       `WASM_TOOLCHAIN_NOT_INSTALLED: kaspa-wasm ${KASPA_WASM_REFERENCE…
     25|         `Install it with: hardkas toolchain install kaspa-wasm`
 ❯ measureUpstreamMass packages/tx-builder/src/mass.ts:128:13
 ❯ calculateUpstreamMass packages/tx-builder/src/mass.ts:243:13
 ❯ shapeMass packages/tx-builder/src/mass.ts:286:10
 ❯ Module.estimateTransactionMass packages/tx-builder/src/mass.ts:306:16
 ❯ Module.profileMass packages/simulator/src/mass-profile.ts:71:18
 ❯ Module.generateReproducibilityReport packages/testing/src/reproducibility.ts:113:22
 ❯ packages/testing/test/reproducibility.test.ts:6:18

⎯⎯⎯⎯⎯⎯⎯⎯⎯⎯⎯⎯⎯⎯⎯⎯⎯⎯⎯⎯⎯⎯[9/323]⎯

 FAIL  packages/tx-builder/test/generator-plan.test.ts [ packages/tx-builder/test/generator-plan.test.ts ]
Error: WASM_TOOLCHAIN_NOT_INSTALLED: kaspa-wasm 2.1.0 is not installed at 
C:\Users\jrodr\AppData\Local\Temp\hardkas-hermetic-home-qjr6Ze\toolchains\kaspa-wasm\2.1.0.
Install it with: hardkas toolchain install kaspa-wasm
 ❯ Module.loadManagedKaspaWasmSync packages/core/src/kaspa-wasm.ts:23:17
     21|   const verification = verifyManagedToolchainSync(KASPA_WASM_REFERENCE…
     22|   if (!verification.installed) {
     23|     const err = new Error(
       |                 ^
     24|       `WASM_TOOLCHAIN_NOT_INSTALLED: kaspa-wasm ${KASPA_WASM_REFERENCE…
     25|         `Install it with: hardkas toolchain install kaspa-wasm`
 ❯ packages/tx-builder/test/generator-plan.test.ts:25:16

⎯⎯⎯⎯⎯⎯⎯⎯⎯⎯⎯⎯⎯⎯⎯⎯⎯⎯⎯⎯⎯[10/323]⎯

⎯⎯⎯⎯⎯⎯ Failed Tests 313 ⎯⎯⎯⎯⎯⎯

 FAIL  packages/accounts/test/address-manager.test.ts > AddressManager > same seed/path => same address
Error: WASM_TOOLCHAIN_NOT_INSTALLED: kaspa-wasm 2.1.0 is not installed at 
C:\Users\jrodr\AppData\Local\Temp\hardkas-hermetic-home-qjr6Ze\toolchains\kaspa-wasm\2.1.0.
Install it with: hardkas toolchain install kaspa-wasm
 ❯ Module.loadManagedKaspaWasmSync packages/core/src/kaspa-wasm.ts:23:17
     21|   const verification = verifyManagedToolchainSync(KASPA_WASM_REFERENCE…
     22|   if (!verification.installed) {
     23|     const err = new Error(
       |                 ^
     24|       `WASM_TOOLCHAIN_NOT_INSTALLED: kaspa-wasm ${KASPA_WASM_REFERENCE…
     25|         `Install it with: hardkas toolchain install kaspa-wasm`
 ❯ Module.loadKaspaWasmSync packages/accounts/src/signer-backend.ts:32:10
 ❯ Object.derive packages/accounts/src/address-manager.ts:81:27
 ❯ Object.deriveReceive packages/accounts/src/address-manager.ts:106:21
 ❯ packages/accounts/test/address-manager.test.ts:6:38

⎯⎯⎯⎯⎯⎯⎯⎯⎯⎯⎯⎯⎯⎯⎯⎯⎯⎯⎯⎯⎯[11/323]⎯

 FAIL  packages/accounts/test/address-manager.test.ts > AddressManager > receive/change differ
Error: WASM_TOOLCHAIN_NOT_INSTALLED: kaspa-wasm 2.1.0 is not installed at 
C:\Users\jrodr\AppData\Local\Temp\hardkas-hermetic-home-qjr6Ze\toolchains\kaspa-wasm\2.1.0.
Install it with: hardkas toolchain install kaspa-wasm
 ❯ Module.loadManagedKaspaWasmSync packages/core/src/kaspa-wasm.ts:23:17
     21|   const verification = verifyManagedToolchainSync(KASPA_WASM_REFERENCE…
     22|   if (!verification.installed) {
     23|     const err = new Error(
       |                 ^
     24|       `WASM_TOOLCHAIN_NOT_INSTALLED: kaspa-wasm ${KASPA_WASM_REFERENCE…
     25|         `Install it with: hardkas toolchain install kaspa-wasm`
 ❯ Module.loadKaspaWasmSync packages/accounts/src/signer-backend.ts:32:10
 ❯ Object.derive packages/accounts/src/address-manager.ts:81:27
 ❯ Object.deriveReceive packages/accounts/src/address-manager.ts:106:21
 ❯ packages/accounts/test/address-manager.test.ts:23:44

⎯⎯⎯⎯⎯⎯⎯⎯⎯⎯⎯⎯⎯⎯⎯⎯⎯⎯⎯⎯⎯[12/323]⎯

 FAIL  packages/accounts/test/address-manager.test.ts > AddressManager > no privateKey/mnemonic in JSON output
Error: WASM_TOOLCHAIN_NOT_INSTALLED: kaspa-wasm 2.1.0 is not installed at 
C:\Users\jrodr\AppData\Local\Temp\hardkas-hermetic-home-qjr6Ze\toolchains\kaspa-wasm\2.1.0.
Install it with: hardkas toolchain install kaspa-wasm
 ❯ Module.loadManagedKaspaWasmSync packages/core/src/kaspa-wasm.ts:23:17
     21|   const verification = verifyManagedToolchainSync(KASPA_WASM_REFERENCE…
     22|   if (!verification.installed) {
     23|     const err = new Error(
       |                 ^
     24|       `WASM_TOOLCHAIN_NOT_INSTALLED: kaspa-wasm ${KASPA_WASM_REFERENCE…
     25|         `Install it with: hardkas toolchain install kaspa-wasm`
 ❯ Module.loadKaspaWasmSync packages/accounts/src/signer-backend.ts:32:10
 ❯ Object.derive packages/accounts/src/address-manager.ts:81:27
 ❯ Object.deriveReceive packages/accounts/src/address-manager.ts:106:21
 ❯ packages/accounts/test/address-manager.test.ts:58:37

⎯⎯⎯⎯⎯⎯⎯⎯⎯⎯⎯⎯⎯⎯⎯⎯⎯⎯⎯⎯⎯[13/323]⎯

 FAIL  packages/accounts/test/silver-funding.test.ts > buildScriptFunding > funds the script output first, returns 
change, and pays the SDK fee
Error: WASM_TOOLCHAIN_NOT_INSTALLED: kaspa-wasm 2.1.0 is not installed at 
C:\Users\jrodr\AppData\Local\Temp\hardkas-hermetic-home-qjr6Ze\toolchains\kaspa-wasm\2.1.0.
Install it with: hardkas toolchain install kaspa-wasm
 ❯ Module.loadManagedKaspaWasmSync packages/core/src/kaspa-wasm.ts:23:17
     21|   const verification = verifyManagedToolchainSync(KASPA_WASM_REFERENCE…
     22|   if (!verification.installed) {
     23|     const err = new Error(
       |                 ^
     24|       `WASM_TOOLCHAIN_NOT_INSTALLED: kaspa-wasm ${KASPA_WASM_REFERENCE…
     25|         `Install it with: hardkas toolchain install kaspa-wasm`
 ❯ own packages/accounts/test/silver-funding.test.ts:11:15
 ❯ coin packages/accounts/test/silver-funding.test.ts:15:144
 ❯ packages/accounts/test/silver-funding.test.ts:19:44

⎯⎯⎯⎯⎯⎯⎯⎯⎯⎯⎯⎯⎯⎯⎯⎯⎯⎯⎯⎯⎯[14/323]⎯

 FAIL  packages/accounts/test/silver-funding.test.ts > buildScriptFunding > refuses what it cannot fund or does not own
AssertionError: expected error to match asymmetric matcher

- Expected
+ Received

- ObjectContaining {
-   "code": "FUNDING_INSUFFICIENT",
- }
+ [Error: WASM_TOOLCHAIN_NOT_INSTALLED: kaspa-wasm 2.1.0 is not installed at 
C:\Users\jrodr\AppData\Local\Temp\hardkas-hermetic-home-qjr6Ze\toolchains\kaspa-wasm\2.1.0.
+ Install it with: hardkas toolchain install kaspa-wasm]

 ❯ packages/accounts/test/silver-funding.test.ts:30:145
     28| 
     29|   it("refuses what it cannot fund or does not own", () => {
     30|     expect(() => buildScriptFunding({ utxos: [coin(0, 100n)], privateK…
       |                                                                                                               
                                  ^
     31|       expect.objectContaining({ code: "FUNDING_INSUFFICIENT" })
     32|     );

⎯⎯⎯⎯⎯⎯⎯⎯⎯⎯⎯⎯⎯⎯⎯⎯⎯⎯⎯⎯⎯[15/323]⎯

 FAIL  packages/accounts/test/wallet-manager.test.ts > WalletManager > same mnemonic + path derives deterministic 
address
Error: WASM_TOOLCHAIN_NOT_INSTALLED: kaspa-wasm 2.1.0 is not installed at 
C:\Users\jrodr\AppData\Local\Temp\hardkas-hermetic-home-qjr6Ze\toolchains\kaspa-wasm\2.1.0.
Install it with: hardkas toolchain install kaspa-wasm
 ❯ Module.loadManagedKaspaWasmSync packages/core/src/kaspa-wasm.ts:23:17
     21|   const verification = verifyManagedToolchainSync(KASPA_WASM_REFERENCE…
     22|   if (!verification.installed) {
     23|     const err = new Error(
       |                 ^
     24|       `WASM_TOOLCHAIN_NOT_INSTALLED: kaspa-wasm ${KASPA_WASM_REFERENCE…
     25|         `Install it with: hardkas toolchain install kaspa-wasm`
 ❯ Module.loadKaspaWasmSync packages/accounts/src/signer-backend.ts:32:10
 ❯ Object.derive packages/accounts/src/address-manager.ts:81:27
 ❯ Object.deriveReceive packages/accounts/src/address-manager.ts:106:21
 ❯ packages/accounts/test/wallet-manager.test.ts:34:38

⎯⎯⎯⎯⎯⎯⎯⎯⎯⎯⎯⎯⎯⎯⎯⎯⎯⎯⎯⎯⎯[16/323]⎯

 FAIL  packages/accounts/test/wasm-rpc-storage-mass.test.ts > parseWasmTxToRpc storage mass > emits the transaction's 
storageMass and no legacy mass
Error: WASM_TOOLCHAIN_NOT_INSTALLED: kaspa-wasm 2.1.0 is not installed at 
C:\Users\jrodr\AppData\Local\Temp\hardkas-hermetic-home-qjr6Ze\toolchains\kaspa-wasm\2.1.0.
Install it with: hardkas toolchain install kaspa-wasm
 ❯ Module.loadManagedKaspaWasmSync packages/core/src/kaspa-wasm.ts:23:17
     21|   const verification = verifyManagedToolchainSync(KASPA_WASM_REFERENCE…
     22|   if (!verification.installed) {
     23|     const err = new Error(
       |                 ^
     24|       `WASM_TOOLCHAIN_NOT_INSTALLED: kaspa-wasm ${KASPA_WASM_REFERENCE…
     25|         `Install it with: hardkas toolchain install kaspa-wasm`
 ❯ build packages/accounts/test/wasm-rpc-storage-mass.test.ts:10:15
 ❯ packages/accounts/test/wasm-rpc-storage-mass.test.ts:29:36

⎯⎯⎯⎯⎯⎯⎯⎯⎯⎯⎯⎯⎯⎯⎯⎯⎯⎯⎯⎯⎯[17/323]⎯

 FAIL  packages/accounts/test/wasm-rpc-storage-mass.test.ts > parseWasmTxToRpc storage mass > keeps a zero commitment 
as zero
Error: WASM_TOOLCHAIN_NOT_INSTALLED: kaspa-wasm 2.1.0 is not installed at 
C:\Users\jrodr\AppData\Local\Temp\hardkas-hermetic-home-qjr6Ze\toolchains\kaspa-wasm\2.1.0.
Install it with: hardkas toolchain install kaspa-wasm
 ❯ Module.loadManagedKaspaWasmSync packages/core/src/kaspa-wasm.ts:23:17
     21|   const verification = verifyManagedToolchainSync(KASPA_WASM_REFERENCE…
     22|   if (!verification.installed) {
     23|     const err = new Error(
       |                 ^
     24|       `WASM_TOOLCHAIN_NOT_INSTALLED: kaspa-wasm ${KASPA_WASM_REFERENCE…
     25|         `Install it with: hardkas toolchain install kaspa-wasm`
 ❯ build packages/accounts/test/wasm-rpc-storage-mass.test.ts:10:15
 ❯ packages/accounts/test/wasm-rpc-storage-mass.test.ts:36:29

⎯⎯⎯⎯⎯⎯⎯⎯⎯⎯⎯⎯⎯⎯⎯⎯⎯⎯⎯⎯⎯[18/323]⎯

 FAIL  packages/accounts/test/wasm-rpc-storage-mass.test.ts > parseWasmTxToRpc storage mass > reads the deprecated 
mass alias of older serializations
Error: WASM_TOOLCHAIN_NOT_INSTALLED: kaspa-wasm 2.1.0 is not installed at 
C:\Users\jrodr\AppData\Local\Temp\hardkas-hermetic-home-qjr6Ze\toolchains\kaspa-wasm\2.1.0.
Install it with: hardkas toolchain install kaspa-wasm
 ❯ Module.loadManagedKaspaWasmSync packages/core/src/kaspa-wasm.ts:23:17
     21|   const verification = verifyManagedToolchainSync(KASPA_WASM_REFERENCE…
     22|   if (!verification.installed) {
     23|     const err = new Error(
       |                 ^
     24|       `WASM_TOOLCHAIN_NOT_INSTALLED: kaspa-wasm ${KASPA_WASM_REFERENCE…
     25|         `Install it with: hardkas toolchain install kaspa-wasm`
 ❯ build packages/accounts/test/wasm-rpc-storage-mass.test.ts:10:15
 ❯ packages/accounts/test/wasm-rpc-storage-mass.test.ts:40:25

⎯⎯⎯⎯⎯⎯⎯⎯⎯⎯⎯⎯⎯⎯⎯⎯⎯⎯⎯⎯⎯[19/323]⎯

 FAIL  packages/artifacts/test/corruption.test.ts > Corruption Corpus Hardening > should reject fee-mismatch.json in 
strict mode
Error: WASM_TOOLCHAIN_NOT_INSTALLED: kaspa-wasm 2.1.0 is not installed at 
C:\Users\jrodr\AppData\Local\Temp\hardkas-hermetic-home-qjr6Ze\toolchains\kaspa-wasm\2.1.0.
Install it with: hardkas toolchain install kaspa-wasm
 ❯ Module.loadManagedKaspaWasmSync packages/core/src/kaspa-wasm.ts:23:17
     21|   const verification = verifyManagedToolchainSync(KASPA_WASM_REFERENCE…
     22|   if (!verification.installed) {
     23|     const err = new Error(
       |                 ^
     24|       `WASM_TOOLCHAIN_NOT_INSTALLED: kaspa-wasm ${KASPA_WASM_REFERENCE…
     25|         `Install it with: hardkas toolchain install kaspa-wasm`
 ❯ Module.measureUpstreamMass packages/tx-builder/src/mass.ts:128:13
 ❯ planMass packages/artifacts/src/feeVerify.ts:37:18
 ❯ recomputeMass packages/artifacts/src/feeVerify.ts:48:12
 ❯ Module.verifyFeeSemantics packages/artifacts/src/feeVerify.ts:94:26
 ❯ Module.verifyArtifactSemantics packages/artifacts/src/verify.ts:472:20
 ❯ packages/artifacts/test/corruption.test.ts:12:20

⎯⎯⎯⎯⎯⎯⎯⎯⎯⎯⎯⎯⎯⎯⎯⎯⎯⎯⎯⎯⎯[20/323]⎯

 FAIL  packages/artifacts/test/fee-correctness.test.ts > Fee Correctness (Fase 1 Hardening) > should recompute correct 
mass for a standard plan
Error: WASM_TOOLCHAIN_NOT_INSTALLED: kaspa-wasm 2.1.0 is not installed at 
C:\Users\jrodr\AppData\Local\Temp\hardkas-hermetic-home-qjr6Ze\toolchains\kaspa-wasm\2.1.0.
Install it with: hardkas toolchain install kaspa-wasm
 ❯ Module.loadManagedKaspaWasmSync packages/core/src/kaspa-wasm.ts:23:17
     21|   const verification = verifyManagedToolchainSync(KASPA_WASM_REFERENCE…
     22|   if (!verification.installed) {
     23|     const err = new Error(
       |                 ^
     24|       `WASM_TOOLCHAIN_NOT_INSTALLED: kaspa-wasm ${KASPA_WASM_REFERENCE…
     25|         `Install it with: hardkas toolchain install kaspa-wasm`
 ❯ Module.measureUpstreamMass packages/tx-builder/src/mass.ts:128:13
 ❯ planMass packages/artifacts/src/feeVerify.ts:37:18
 ❯ Module.recomputeMass packages/artifacts/src/feeVerify.ts:48:12
 ❯ packages/artifacts/test/fee-correctness.test.ts:39:18

⎯⎯⎯⎯⎯⎯⎯⎯⎯⎯⎯⎯⎯⎯⎯⎯⎯⎯⎯⎯⎯[21/323]⎯

 FAIL  packages/artifacts/test/fee-correctness.test.ts > Fee Correctness (Fase 1 Hardening) > should pass verification 
for a valid fee artifact
Error: WASM_TOOLCHAIN_NOT_INSTALLED: kaspa-wasm 2.1.0 is not installed at 
C:\Users\jrodr\AppData\Local\Temp\hardkas-hermetic-home-qjr6Ze\toolchains\kaspa-wasm\2.1.0.
Install it with: hardkas toolchain install kaspa-wasm
 ❯ Module.loadManagedKaspaWasmSync packages/core/src/kaspa-wasm.ts:23:17
     21|   const verification = verifyManagedToolchainSync(KASPA_WASM_REFERENCE…
     22|   if (!verification.installed) {
     23|     const err = new Error(
       |                 ^
     24|       `WASM_TOOLCHAIN_NOT_INSTALLED: kaspa-wasm ${KASPA_WASM_REFERENCE…
     25|         `Install it with: hardkas toolchain install kaspa-wasm`
 ❯ Module.measureUpstreamMass packages/tx-builder/src/mass.ts:128:13
 ❯ planMass packages/artifacts/src/feeVerify.ts:37:18
 ❯ recomputeMass packages/artifacts/src/feeVerify.ts:48:12
 ❯ Module.verifyFeeSemantics packages/artifacts/src/feeVerify.ts:94:26
 ❯ packages/artifacts/test/fee-correctness.test.ts:54:19

⎯⎯⎯⎯⎯⎯⎯⎯⎯⎯⎯⎯⎯⎯⎯⎯⎯⎯⎯⎯⎯[22/323]⎯

 FAIL  packages/artifacts/test/fee-correctness.test.ts > Fee Correctness (Fase 1 Hardening) > should fail when mass is 
mutated
Error: WASM_TOOLCHAIN_NOT_INSTALLED: kaspa-wasm 2.1.0 is not installed at 
C:\Users\jrodr\AppData\Local\Temp\hardkas-hermetic-home-qjr6Ze\toolchains\kaspa-wasm\2.1.0.
Install it with: hardkas toolchain install kaspa-wasm
 ❯ Module.loadManagedKaspaWasmSync packages/core/src/kaspa-wasm.ts:23:17
     21|   const verification = verifyManagedToolchainSync(KASPA_WASM_REFERENCE…
     22|   if (!verification.installed) {
     23|     const err = new Error(
       |                 ^
     24|       `WASM_TOOLCHAIN_NOT_INSTALLED: kaspa-wasm ${KASPA_WASM_REFERENCE…
     25|         `Install it with: hardkas toolchain install kaspa-wasm`
 ❯ Module.measureUpstreamMass packages/tx-builder/src/mass.ts:128:13
 ❯ planMass packages/artifacts/src/feeVerify.ts:37:18
 ❯ recomputeMass packages/artifacts/src/feeVerify.ts:48:12
 ❯ Module.verifyFeeSemantics packages/artifacts/src/feeVerify.ts:94:26
 ❯ packages/artifacts/test/fee-correctness.test.ts:70:19

⎯⎯⎯⎯⎯⎯⎯⎯⎯⎯⎯⎯⎯⎯⎯⎯⎯⎯⎯⎯⎯[23/323]⎯

 FAIL  packages/artifacts/test/fee-correctness.test.ts > Fee Correctness (Fase 1 Hardening) > should fail on negative 
fee
Error: WASM_TOOLCHAIN_NOT_INSTALLED: kaspa-wasm 2.1.0 is not installed at 
C:\Users\jrodr\AppData\Local\Temp\hardkas-hermetic-home-qjr6Ze\toolchains\kaspa-wasm\2.1.0.
Install it with: hardkas toolchain install kaspa-wasm
 ❯ Module.loadManagedKaspaWasmSync packages/core/src/kaspa-wasm.ts:23:17
     21|   const verification = verifyManagedToolchainSync(KASPA_WASM_REFERENCE…
     22|   if (!verification.installed) {
     23|     const err = new Error(
       |                 ^
     24|       `WASM_TOOLCHAIN_NOT_INSTALLED: kaspa-wasm ${KASPA_WASM_REFERENCE…
     25|         `Install it with: hardkas toolchain install kaspa-wasm`
 ❯ Module.measureUpstreamMass packages/tx-builder/src/mass.ts:128:13
 ❯ planMass packages/artifacts/src/feeVerify.ts:37:18
 ❯ recomputeMass packages/artifacts/src/feeVerify.ts:48:12
 ❯ Module.verifyFeeSemantics packages/artifacts/src/feeVerify.ts:94:26
 ❯ packages/artifacts/test/fee-correctness.test.ts:86:19

⎯⎯⎯⎯⎯⎯⎯⎯⎯⎯⎯⎯⎯⎯⎯⎯⎯⎯⎯⎯⎯[24/323]⎯

 FAIL  packages/artifacts/test/fee-correctness.test.ts > Fee Correctness (Fase 1 Hardening) > should fail on 
input/output imbalance
Error: WASM_TOOLCHAIN_NOT_INSTALLED: kaspa-wasm 2.1.0 is not installed at 
C:\Users\jrodr\AppData\Local\Temp\hardkas-hermetic-home-qjr6Ze\toolchains\kaspa-wasm\2.1.0.
Install it with: hardkas toolchain install kaspa-wasm
 ❯ Module.loadManagedKaspaWasmSync packages/core/src/kaspa-wasm.ts:23:17
     21|   const verification = verifyManagedToolchainSync(KASPA_WASM_REFERENCE…
     22|   if (!verification.installed) {
     23|     const err = new Error(
       |                 ^
     24|       `WASM_TOOLCHAIN_NOT_INSTALLED: kaspa-wasm ${KASPA_WASM_REFERENCE…
     25|         `Install it with: hardkas toolchain install kaspa-wasm`
 ❯ Module.measureUpstreamMass packages/tx-builder/src/mass.ts:128:13
 ❯ planMass packages/artifacts/src/feeVerify.ts:37:18
 ❯ recomputeMass packages/artifacts/src/feeVerify.ts:48:12
 ❯ Module.verifyFeeSemantics packages/artifacts/src/feeVerify.ts:94:26
 ❯ packages/artifacts/test/fee-correctness.test.ts:106:19

⎯⎯⎯⎯⎯⎯⎯⎯⎯⎯⎯⎯⎯⎯⎯⎯⎯⎯⎯⎯⎯[25/323]⎯

 FAIL  packages/artifacts/test/fee-correctness.test.ts > Fee Correctness (Fase 1 Hardening) > should fail on dust 
outputs
Error: WASM_TOOLCHAIN_NOT_INSTALLED: kaspa-wasm 2.1.0 is not installed at 
C:\Users\jrodr\AppData\Local\Temp\hardkas-hermetic-home-qjr6Ze\toolchains\kaspa-wasm\2.1.0.
Install it with: hardkas toolchain install kaspa-wasm
 ❯ Module.loadManagedKaspaWasmSync packages/core/src/kaspa-wasm.ts:23:17
     21|   const verification = verifyManagedToolchainSync(KASPA_WASM_REFERENCE…
     22|   if (!verification.installed) {
     23|     const err = new Error(
       |                 ^
     24|       `WASM_TOOLCHAIN_NOT_INSTALLED: kaspa-wasm ${KASPA_WASM_REFERENCE…
     25|         `Install it with: hardkas toolchain install kaspa-wasm`
 ❯ Module.measureUpstreamMass packages/tx-builder/src/mass.ts:128:13
 ❯ planMass packages/artifacts/src/feeVerify.ts:37:18
 ❯ recomputeMass packages/artifacts/src/feeVerify.ts:48:12
 ❯ Module.verifyFeeSemantics packages/artifacts/src/feeVerify.ts:94:26
 ❯ packages/artifacts/test/fee-correctness.test.ts:127:19

⎯⎯⎯⎯⎯⎯⎯⎯⎯⎯⎯⎯⎯⎯⎯⎯⎯⎯⎯⎯⎯[26/323]⎯

 FAIL  packages/config/test/config.test.ts > config > default node endpoints: the SDK's port on devnet, the canonical 
localnet on simnet
Error: WASM_TOOLCHAIN_NOT_INSTALLED: kaspa-wasm 2.1.0 is not installed at 
C:\Users\jrodr\AppData\Local\Temp\hardkas-hermetic-home-qjr6Ze\toolchains\kaspa-wasm\2.1.0.
Install it with: hardkas toolchain install kaspa-wasm
 ❯ Module.loadManagedKaspaWasmSync packages/core/src/kaspa-wasm.ts:23:17
     21|   const verification = verifyManagedToolchainSync(KASPA_WASM_REFERENCE…
     22|   if (!verification.installed) {
     23|     const err = new Error(
       |                 ^
     24|       `WASM_TOOLCHAIN_NOT_INSTALLED: kaspa-wasm ${KASPA_WASM_REFERENCE…
     25|         `Install it with: hardkas toolchain install kaspa-wasm`
 ❯ Module.defaultRpcListen packages/core/src/network-params.ts:93:13
 ❯ packages/config/test/config.test.ts:50:50

⎯⎯⎯⎯⎯⎯⎯⎯⎯⎯⎯⎯⎯⎯⎯⎯⎯⎯⎯⎯⎯[27/323]⎯

 FAIL  packages/cli/test/demo-cut-aud21-no-secrets-in-json.test.ts > Demo-cut · AUD-21 · no secret in JSON output > 
generate --unsafe-plaintext --json: the stored private key appears nowhere in stdout or stderr
AssertionError: {
  "ok": false,
  "code": "WASM_TOOLCHAIN_NOT_INSTALLED",
  "message": "WASM_TOOLCHAIN_NOT_INSTALLED: kaspa-wasm 2.1.0 is not installed at 
C:\\Users\\jrodr\\AppData\\Local\\Temp\\hardkas-hermetic-home-qjr6Ze\\toolchains\\kaspa-wasm\\2.1.0.\nInstall it with: 
hardkas toolchain install kaspa-wasm",
  "mode": "cli"
}


  ⚠️  WARNING:
     LEGACY MODE: Generating accounts in plaintext is unsafe.
: expected 1 to be +0 // Object.is equality

- Expected
+ Received

- 0
+ 1

 ❯ packages/cli/test/demo-cut-aud21-no-secrets-in-json.test.ts:40:29
     38|   it("generate --unsafe-plaintext --json: the stored private key appea…
     39|     const r = run(["accounts", "real", "generate", "--name", "ana", "-…
     40|     expect(r.status, r.all).toBe(0);
       |                             ^
     41| 
     42|     const stored = storedAccount(ws, "ana");

⎯⎯⎯⎯⎯⎯⎯⎯⎯⎯⎯⎯⎯⎯⎯⎯⎯⎯⎯⎯⎯[28/323]⎯

 FAIL  packages/cli/test/demo-cut-aud21-no-secrets-in-json.test.ts > Demo-cut · AUD-21 · no secret in JSON output > 
Demo-ready · the human output of generate --unsafe-plaintext masks the key too (stdout and stderr)
AssertionError: 

  ⚠️  WARNING:
     LEGACY MODE: Generating accounts in plaintext is unsafe.

  ✗ Error:
    WASM_TOOLCHAIN_NOT_INSTALLED: kaspa-wasm 2.1.0 is not installed at 
C:\Users\jrodr\AppData\Local\Temp\hardkas-hermetic-home-qjr6Ze\toolchains\kaspa-wasm\2.1.0.
Install it with: hardkas toolchain install kaspa-wasm
: expected 1 to be +0 // Object.is equality

- Expected
+ Received

- 0
+ 1

 ❯ packages/cli/test/demo-cut-aud21-no-secrets-in-json.test.ts:63:29
     61|   it("Demo-ready · the human output of generate --unsafe-plaintext mas…
     62|     const r = run(["accounts", "real", "generate", "--name", "dora", "…
     63|     expect(r.status, r.all).toBe(0);
       |                             ^
     64|     const secret = String(storedAccount(ws, "dora").privateKey).toLowe…
     65|     expect(secret).toMatch(/^[0-9a-f]{64}$/);

⎯⎯⎯⎯⎯⎯⎯⎯⎯⎯⎯⎯⎯⎯⎯⎯⎯⎯⎯⎯⎯[29/323]⎯

 FAIL  packages/cli/test/demo-cut-aud21-no-secrets-in-json.test.ts > Demo-cut · AUD-21 · no secret in JSON output > 
the same key never leaks through `accounts list --json` either
AssertionError: expected 1 to be +0 // Object.is equality

- Expected
+ Received

- 0
+ 1

 ❯ packages/cli/test/demo-cut-aud21-no-secrets-in-json.test.ts:71:110
     69| 
     70|   it("the same key never leaks through `accounts list --json` either",…
     71|     expect(run(["accounts", "real", "generate", "--name", "ben", "--un…
       |                                                                                                              ^
     72|     const secret = String(storedAccount(ws, "ben").privateKey).toLower…
     73|     expect(secret).toMatch(/^[0-9a-f]{64}$/);

⎯⎯⎯⎯⎯⎯⎯⎯⎯⎯⎯⎯⎯⎯⎯⎯⎯⎯⎯⎯⎯[30/323]⎯

 FAIL  packages/cli/test/demo-cut-aud21-no-secrets-in-json.test.ts > Demo-cut · AUD-21 · no secret in JSON output > an 
encrypted account reports its keystore, and no key material at all
AssertionError: {
  "ok": false,
  "code": "WASM_TOOLCHAIN_NOT_INSTALLED",
  "message": "WASM_TOOLCHAIN_NOT_INSTALLED: kaspa-wasm 2.1.0 is not installed at 
C:\\Users\\jrodr\\AppData\\Local\\Temp\\hardkas-hermetic-home-qjr6Ze\\toolchains\\kaspa-wasm\\2.1.0.\nInstall it with: 
hardkas toolchain install kaspa-wasm",
  "mode": "cli"
}

: expected 1 to be +0 // Object.is equality

- Expected
+ Received

- 0
+ 1

 ❯ packages/cli/test/demo-cut-aud21-no-secrets-in-json.test.ts:81:29
     79|   it("an encrypted account reports its keystore, and no key material a…
     80|     const r = run(["accounts", "real", "generate", "--name", "cleo", "…
     81|     expect(r.status, r.all).toBe(0);
       |                             ^
     82|     const stored = storedAccount(ws, "cleo");
     83|     expect(stored.privateKey).toBeUndefined(); // encrypted: no plaint…

⎯⎯⎯⎯⎯⎯⎯⎯⎯⎯⎯⎯⎯⎯⎯⎯⎯⎯⎯⎯⎯[31/323]⎯

 FAIL  packages/cli/test/demo-cut-e04-cli-balances.test.ts > Demo-cut · E04 · CLI balances after a simulated send > 
alice → bob 25 KAS: bob 1025, alice 1000 − 25 − fee, by name and by synthetic identity
AssertionError: {
  "ok": false,
  "command": "tx send",
  "mode": "cli",
  "outcome": "failed",
  "code": "TX_SEND_FAILED",
  "message": "FAILED: 'tx send' did not broadcast (plan step failed: COINBASE_MATURITY_UNRESOLVED: Cannot resolve the 
coinbase maturity for network 'simulated' (WASM_TOOLCHAIN_NOT_INSTALLED: kaspa-wasm 2.1.0 is not installed at 
C:\\Users\\jrodr\\AppData\\Local\\Temp\\hardkas-hermetic-home-qjr6Ze\\toolchains\\kaspa-wasm\\2.1.0.\nInstall it with: 
hardkas toolchain install kaspa-wasm). Provide an explicit override.).",
  "network": "simulated",
  "steps": {
    "plan": "error",
    "sign": "skipped",
    "send": "skipped"
  }
}

[runTxFlow catch] Error: COINBASE_MATURITY_UNRESOLVED: Cannot resolve the coinbase maturity for network 'simulated' 
(WASM_TOOLCHAIN_NOT_INSTALLED: kaspa-wasm 2.1.0 is not installed at 
C:\Users\jrodr\AppData\Local\Temp\hardkas-hermetic-home-qjr6Ze\toolchains\kaspa-wasm\2.1.0.
Install it with: hardkas toolchain install kaspa-wasm). Provide an explicit override.
    at paramsError (file:///C:/Users/jrodr/Documents/kaslabdevs/GitHub/HardKas-repo/packages/core/dist/index.js:405:15)
    at getCoinbaseMaturity 
(file:///C:/Users/jrodr/Documents/kaslabdevs/GitHub/HardKas-repo/packages/core/dist/index.js:442:11)
    at runTxPlan 
(file:///C:/Users/jrodr/Documents/kaslabdevs/GitHub/HardKas-repo/packages/cli/dist/chunk-FX777FFF.js:130:32)
    at async runTxFlow 
(file:///C:/Users/jrodr/Documents/kaslabdevs/GitHub/HardKas-repo/packages/cli/dist/chunk-FX777FFF.js:716:26)
    at async file:///C:/Users/jrodr/Documents/kaslabdevs/GitHub/HardKas-repo/packages/cli/dist/chunk-VQN6EBKC.js:973:30
    at async withLock 
(file:///C:/Users/jrodr/Documents/kaslabdevs/GitHub/HardKas-repo/packages/core/dist/index.js:2680:12)
    at async Command.<anonymous> 
(file:///C:/Users/jrodr/Documents/kaslabdevs/GitHub/HardKas-repo/packages/cli/dist/chunk-VQN6EBKC.js:864:9)
    at async Command.parseAsync (C:\Users\jrodr\Documents\kaslabdevs\GitHub\HardKas-repo\node_modules\.pnpm\commander@1
2.1.0\node_modules\commander\lib\command.js:1092:5)
    at async main (file:///C:/Users/jrodr/Documents/kaslabdevs/GitHub/HardKas-repo/packages/cli/dist/index.js:41:5) {
  code: 'COINBASE_MATURITY_UNRESOLVED'
}
: expected 1 to be +0 // Object.is equality

- Expected
+ Received

- 0
+ 1

 ❯ Command.parseAsync node_modules/.pnpm/commander@12.1.0/node_modules/commander/lib/command.js:1092:5
 ❯ packages/cli/test/demo-cut-e04-cli-balances.test.ts:33:35
     31|   it("alice → bob 25 KAS: bob 1025, alice 1000 − 25 − fee, by name and…
     32|     const sent = runCli(["tx", "send", "--from", "alice", "--to", "bob…
     33|     expect(sent.status, sent.out).toBe(0);
       |                                   ^
     34|     const env = JSON.parse(sent.stdout.trim());
     35|     const fee = BigInt(env.data.receipt.feeSompi);

⎯⎯⎯⎯⎯⎯⎯⎯⎯⎯⎯⎯⎯⎯⎯⎯⎯⎯⎯⎯⎯[32/323]⎯

 FAIL  packages/cli/test/demo-cut-t-a14b-tx-status.test.ts > Demo-cut · T-A14b · tx status / tx wait present the 
derived Q4 state > walks SUBMITTED → MEMPOOL_ACCEPTED → ACCEPTED(n) → CONFIRMED(n) → FINALIZED, each equal to 
sdk.tx.status, nothing asserted beyond it
Error: COINBASE_MATURITY_UNRESOLVED: Cannot resolve the coinbase maturity for network 'simulated' 
(WASM_TOOLCHAIN_NOT_INSTALLED: kaspa-wasm 2.1.0 is not installed at 
C:\Users\jrodr\AppData\Local\Temp\hardkas-hermetic-home-qjr6Ze\toolchains\kaspa-wasm\2.1.0.
Install it with: hardkas toolchain install kaspa-wasm). Provide an explicit override.
 ❯ paramsError packages/core/src/network-params.ts:18:15
     16| 
     17| function paramsError(code: string, message: string): Error {
     18|   const err = new Error(`${code}: ${message}`);
       |               ^
     19|   (err as any).code = code;
     20|   return err;
 ❯ Module.getCoinbaseMaturity packages/core/src/network-params.ts:77:11
 ❯ HardkasTx.plan packages/sdk/src/tx.ts:450:30
 ❯ realSend packages/cli/test/demo-cut-t-a14b-tx-status.test.ts:114:18
 ❯ packages/cli/test/demo-cut-t-a14b-tx-status.test.ts:157:5

⎯⎯⎯⎯⎯⎯⎯⎯⎯⎯⎯⎯⎯⎯⎯⎯⎯⎯⎯⎯⎯[33/323]⎯

 FAIL  packages/cli/test/demo-cut-t-a14b-tx-status.test.ts > Demo-cut · T-A14b · tx status / tx wait present the 
derived Q4 state > REORGED, REJECTED_BY_NODE and INSUFFICIENT_EVIDENCE come straight from the model
Error: COINBASE_MATURITY_UNRESOLVED: Cannot resolve the coinbase maturity for network 'simulated' 
(WASM_TOOLCHAIN_NOT_INSTALLED: kaspa-wasm 2.1.0 is not installed at 
C:\Users\jrodr\AppData\Local\Temp\hardkas-hermetic-home-qjr6Ze\toolchains\kaspa-wasm\2.1.0.
Install it with: hardkas toolchain install kaspa-wasm). Provide an explicit override.
 ❯ paramsError packages/core/src/network-params.ts:18:15
     16| 
     17| function paramsError(code: string, message: string): Error {
     18|   const err = new Error(`${code}: ${message}`);
       |               ^
     19|   (err as any).code = code;
     20|   return err;
 ❯ Module.getCoinbaseMaturity packages/core/src/network-params.ts:77:11
 ❯ HardkasTx.plan packages/sdk/src/tx.ts:450:30
 ❯ realSend packages/cli/test/demo-cut-t-a14b-tx-status.test.ts:114:18
 ❯ packages/cli/test/demo-cut-t-a14b-tx-status.test.ts:204:5

⎯⎯⎯⎯⎯⎯⎯⎯⎯⎯⎯⎯⎯⎯⎯⎯⎯⎯⎯⎯⎯[34/323]⎯

 FAIL  packages/cli/test/demo-cut-t-a14b-tx-status.test.ts > Demo-cut · T-A14b · tx status / tx wait present the 
derived Q4 state > a submission the node rejected is REJECTED_BY_NODE, and `tx wait` fails on it instead of waiting
Error: COINBASE_MATURITY_UNRESOLVED: Cannot resolve the coinbase maturity for network 'simulated' 
(WASM_TOOLCHAIN_NOT_INSTALLED: kaspa-wasm 2.1.0 is not installed at 
C:\Users\jrodr\AppData\Local\Temp\hardkas-hermetic-home-qjr6Ze\toolchains\kaspa-wasm\2.1.0.
Install it with: hardkas toolchain install kaspa-wasm). Provide an explicit override.
 ❯ paramsError packages/core/src/network-params.ts:18:15
     16| 
     17| function paramsError(code: string, message: string): Error {
     18|   const err = new Error(`${code}: ${message}`);
       |               ^
     19|   (err as any).code = code;
     20|   return err;
 ❯ Module.getCoinbaseMaturity packages/core/src/network-params.ts:77:11
 ❯ HardkasTx.plan packages/sdk/src/tx.ts:450:30
 ❯ realSend packages/cli/test/demo-cut-t-a14b-tx-status.test.ts:114:18
 ❯ packages/cli/test/demo-cut-t-a14b-tx-status.test.ts:222:5

⎯⎯⎯⎯⎯⎯⎯⎯⎯⎯⎯⎯⎯⎯⎯⎯⎯⎯⎯⎯⎯[35/323]⎯

 FAIL  packages/cli/test/demo-cut-t-a14b-tx-status.test.ts > Demo-cut · T-A14b · tx status / tx wait present the 
derived Q4 state > `tx wait --until confirmed` follows the evidence to CONFIRMED, one persisted observation per look
Error: COINBASE_MATURITY_UNRESOLVED: Cannot resolve the coinbase maturity for network 'simulated' 
(WASM_TOOLCHAIN_NOT_INSTALLED: kaspa-wasm 2.1.0 is not installed at 
C:\Users\jrodr\AppData\Local\Temp\hardkas-hermetic-home-qjr6Ze\toolchains\kaspa-wasm\2.1.0.
Install it with: hardkas toolchain install kaspa-wasm). Provide an explicit override.
 ❯ paramsError packages/core/src/network-params.ts:18:15
     16| 
     17| function paramsError(code: string, message: string): Error {
     18|   const err = new Error(`${code}: ${message}`);
       |               ^
     19|   (err as any).code = code;
     20|   return err;
 ❯ Module.getCoinbaseMaturity packages/core/src/network-params.ts:77:11
 ❯ HardkasTx.plan packages/sdk/src/tx.ts:450:30
 ❯ realSend packages/cli/test/demo-cut-t-a14b-tx-status.test.ts:114:18
 ❯ packages/cli/test/demo-cut-t-a14b-tx-status.test.ts:254:5

⎯⎯⎯⎯⎯⎯⎯⎯⎯⎯⎯⎯⎯⎯⎯⎯⎯⎯⎯⎯⎯[36/323]⎯

 FAIL  packages/cli/test/demo-cut-t-a14b-tx-status.test.ts > Demo-cut · T-A14b · tx status / tx wait present the 
derived Q4 state > `tx wait --until accepted` stops at ACCEPTED; a timeout names the last derived state and never 
claims confirmation
Error: COINBASE_MATURITY_UNRESOLVED: Cannot resolve the coinbase maturity for network 'simulated' 
(WASM_TOOLCHAIN_NOT_INSTALLED: kaspa-wasm 2.1.0 is not installed at 
C:\Users\jrodr\AppData\Local\Temp\hardkas-hermetic-home-qjr6Ze\toolchains\kaspa-wasm\2.1.0.
Install it with: hardkas toolchain install kaspa-wasm). Provide an explicit override.
 ❯ paramsError packages/core/src/network-params.ts:18:15
     16| 
     17| function paramsError(code: string, message: string): Error {
     18|   const err = new Error(`${code}: ${message}`);
       |               ^
     19|   (err as any).code = code;
     20|   return err;
 ❯ Module.getCoinbaseMaturity packages/core/src/network-params.ts:77:11
 ❯ HardkasTx.plan packages/sdk/src/tx.ts:450:30
 ❯ realSend packages/cli/test/demo-cut-t-a14b-tx-status.test.ts:114:18
 ❯ packages/cli/test/demo-cut-t-a14b-tx-status.test.ts:289:5

⎯⎯⎯⎯⎯⎯⎯⎯⎯⎯⎯⎯⎯⎯⎯⎯⎯⎯⎯⎯⎯[37/323]⎯

 FAIL  packages/cli/test/demo-cut-t-a14b-tx-status.test.ts > Demo-cut · T-A14b · tx status / tx wait present the 
derived Q4 state > `tx wait --until confirmed` returns only once the node's UTXO view reflects the transaction (a 
trailing view is waited out)
Error: COINBASE_MATURITY_UNRESOLVED: Cannot resolve the coinbase maturity for network 'simulated' 
(WASM_TOOLCHAIN_NOT_INSTALLED: kaspa-wasm 2.1.0 is not installed at 
C:\Users\jrodr\AppData\Local\Temp\hardkas-hermetic-home-qjr6Ze\toolchains\kaspa-wasm\2.1.0.
Install it with: hardkas toolchain install kaspa-wasm). Provide an explicit override.
 ❯ paramsError packages/core/src/network-params.ts:18:15
     16| 
     17| function paramsError(code: string, message: string): Error {
     18|   const err = new Error(`${code}: ${message}`);
       |               ^
     19|   (err as any).code = code;
     20|   return err;
 ❯ Module.getCoinbaseMaturity packages/core/src/network-params.ts:77:11
 ❯ HardkasTx.plan packages/sdk/src/tx.ts:450:30
 ❯ realSend packages/cli/test/demo-cut-t-a14b-tx-status.test.ts:114:18
 ❯ packages/cli/test/demo-cut-t-a14b-tx-status.test.ts:316:5

⎯⎯⎯⎯⎯⎯⎯⎯⎯⎯⎯⎯⎯⎯⎯⎯⎯⎯⎯⎯⎯[38/323]⎯

 FAIL  packages/cli/test/demo-cut-t-a14b-tx-status.test.ts > Demo-cut · T-A14b · tx status / tx wait present the 
derived Q4 state > a UTXO view that never reflects the transaction fails explicitly and bounded, naming what is 
missing; the state stays CONFIRMED
Error: COINBASE_MATURITY_UNRESOLVED: Cannot resolve the coinbase maturity for network 'simulated' 
(WASM_TOOLCHAIN_NOT_INSTALLED: kaspa-wasm 2.1.0 is not installed at 
C:\Users\jrodr\AppData\Local\Temp\hardkas-hermetic-home-qjr6Ze\toolchains\kaspa-wasm\2.1.0.
Install it with: hardkas toolchain install kaspa-wasm). Provide an explicit override.
 ❯ paramsError packages/core/src/network-params.ts:18:15
     16| 
     17| function paramsError(code: string, message: string): Error {
     18|   const err = new Error(`${code}: ${message}`);
       |               ^
     19|   (err as any).code = code;
     20|   return err;
 ❯ Module.getCoinbaseMaturity packages/core/src/network-params.ts:77:11
 ❯ HardkasTx.plan packages/sdk/src/tx.ts:450:30
 ❯ realSend packages/cli/test/demo-cut-t-a14b-tx-status.test.ts:114:18
 ❯ packages/cli/test/demo-cut-t-a14b-tx-status.test.ts:330:5

⎯⎯⎯⎯⎯⎯⎯⎯⎯⎯⎯⎯⎯⎯⎯⎯⎯⎯⎯⎯⎯[39/323]⎯

 FAIL  packages/cli/test/demo-cut-t-a14b-tx-status.test.ts > Demo-cut · T-A14b · tx status / tx wait present the 
derived Q4 state > without a verifiable plan for the txId in this workspace the view is not checked, and the wait says 
so
Error: COINBASE_MATURITY_UNRESOLVED: Cannot resolve the coinbase maturity for network 'simulated' 
(WASM_TOOLCHAIN_NOT_INSTALLED: kaspa-wasm 2.1.0 is not installed at 
C:\Users\jrodr\AppData\Local\Temp\hardkas-hermetic-home-qjr6Ze\toolchains\kaspa-wasm\2.1.0.
Install it with: hardkas toolchain install kaspa-wasm). Provide an explicit override.
 ❯ paramsError packages/core/src/network-params.ts:18:15
     16| 
     17| function paramsError(code: string, message: string): Error {
     18|   const err = new Error(`${code}: ${message}`);
       |               ^
     19|   (err as any).code = code;
     20|   return err;
 ❯ Module.getCoinbaseMaturity packages/core/src/network-params.ts:77:11
 ❯ HardkasTx.plan packages/sdk/src/tx.ts:450:30
 ❯ realSend packages/cli/test/demo-cut-t-a14b-tx-status.test.ts:114:18
 ❯ packages/cli/test/demo-cut-t-a14b-tx-status.test.ts:356:5

⎯⎯⎯⎯⎯⎯⎯⎯⎯⎯⎯⎯⎯⎯⎯⎯⎯⎯⎯⎯⎯[40/323]⎯

 FAIL  packages/cli/test/demo-cut-t-a14b-tx-status.test.ts > Demo-cut · T-A14b · tx status / tx wait present the 
derived Q4 state > a simulator txId is SYNTHETIC_EXECUTED: status and wait say there is no network, and take no 
observation
Error: COINBASE_MATURITY_UNRESOLVED: Cannot resolve the coinbase maturity for network 'simulated' 
(WASM_TOOLCHAIN_NOT_INSTALLED: kaspa-wasm 2.1.0 is not installed at 
C:\Users\jrodr\AppData\Local\Temp\hardkas-hermetic-home-qjr6Ze\toolchains\kaspa-wasm\2.1.0.
Install it with: hardkas toolchain install kaspa-wasm). Provide an explicit override.
 ❯ paramsError packages/core/src/network-params.ts:18:15
     16| 
     17| function paramsError(code: string, message: string): Error {
     18|   const err = new Error(`${code}: ${message}`);
       |               ^
     19|   (err as any).code = code;
     20|   return err;
 ❯ Module.getCoinbaseMaturity packages/core/src/network-params.ts:77:11
 ❯ HardkasTx.plan packages/sdk/src/tx.ts:450:30
 ❯ packages/cli/test/demo-cut-t-a14b-tx-status.test.ts:376:18

⎯⎯⎯⎯⎯⎯⎯⎯⎯⎯⎯⎯⎯⎯⎯⎯⎯⎯⎯⎯⎯[41/323]⎯

 FAIL  packages/cli/test/demo-ready-e02-live-dag-planning.test.ts > Demo-ready · E02 · planning on a live DAG is 
UTXO-scoped > A · the DAG advances several times while one plan is built; inputs intact, mempool clean ⇒ the plan is 
valid
Error: COINBASE_MATURITY_UNRESOLVED: Cannot resolve the coinbase maturity for network 'simnet' 
(WASM_TOOLCHAIN_NOT_INSTALLED: kaspa-wasm 2.1.0 is not installed at 
C:\Users\jrodr\AppData\Local\Temp\hardkas-hermetic-home-qjr6Ze\toolchains\kaspa-wasm\2.1.0.
Install it with: hardkas toolchain install kaspa-wasm). Provide an explicit override.
 ❯ paramsError packages/core/src/network-params.ts:18:15
     16| 
     17| function paramsError(code: string, message: string): Error {
     18|   const err = new Error(`${code}: ${message}`);
       |               ^
     19|   (err as any).code = code;
     20|   return err;
 ❯ Module.getCoinbaseMaturity packages/core/src/network-params.ts:77:11
 ❯ Module.runTxPlan packages/cli/src/runners/tx-plan-runner.ts:184:32
 ❯ packages/cli/test/demo-ready-e02-live-dag-planning.test.ts:153:27

⎯⎯⎯⎯⎯⎯⎯⎯⎯⎯⎯⎯⎯⎯⎯⎯⎯⎯⎯⎯⎯[42/323]⎯

 FAIL  packages/cli/test/demo-ready-e02-live-dag-planning.test.ts > Demo-ready · E02 · planning on a live DAG is 
UTXO-scoped > control · no block arrives while planning ⇒ one attempt, identical fingerprints, same evidence shape
Error: COINBASE_MATURITY_UNRESOLVED: Cannot resolve the coinbase maturity for network 'simnet' 
(WASM_TOOLCHAIN_NOT_INSTALLED: kaspa-wasm 2.1.0 is not installed at 
C:\Users\jrodr\AppData\Local\Temp\hardkas-hermetic-home-qjr6Ze\toolchains\kaspa-wasm\2.1.0.
Install it with: hardkas toolchain install kaspa-wasm). Provide an explicit override.
 ❯ paramsError packages/core/src/network-params.ts:18:15
     16| 
     17| function paramsError(code: string, message: string): Error {
     18|   const err = new Error(`${code}: ${message}`);
       |               ^
     19|   (err as any).code = code;
     20|   return err;
 ❯ Module.getCoinbaseMaturity packages/core/src/network-params.ts:77:11
 ❯ Module.runTxPlan packages/cli/src/runners/tx-plan-runner.ts:184:32
 ❯ packages/cli/test/demo-ready-e02-live-dag-planning.test.ts:170:27

⎯⎯⎯⎯⎯⎯⎯⎯⎯⎯⎯⎯⎯⎯⎯⎯⎯⎯⎯⎯⎯[43/323]⎯

 FAIL  packages/cli/test/demo-ready-e02-live-dag-planning.test.ts > Demo-ready · E02 · planning on a live DAG is 
UTXO-scoped > B · a selected input missing when the node is re-read is never planned: bounded retries, then 
SELECTED_UTXO_INVALIDATED
AssertionError: expected 'COINBASE_MATURITY_UNRESOLVED' to be 'SELECTED_UTXO_INVALIDATED' // Object.is equality

Expected: "SELECTED_UTXO_INVALIDATED"
Received: "COINBASE_MATURITY_UNRESOLVED"

 ❯ packages/cli/test/demo-ready-e02-live-dag-planning.test.ts:181:22
    179|     node.hiddenOnRevalidation = new Set([key(A), key(B)]);
    180|     const err = await errorOf(plan());
    181|     expect(err.code).toBe("SELECTED_UTXO_INVALIDATED");
       |                      ^
    182|     expect(err.attempts).toBe(3);
    183|     expect(err.missing.length).toBeGreaterThan(0);

⎯⎯⎯⎯⎯⎯⎯⎯⎯⎯⎯⎯⎯⎯⎯⎯⎯⎯⎯⎯⎯[44/323]⎯

 FAIL  packages/cli/test/demo-ready-e02-live-dag-planning.test.ts > Demo-ready · E02 · planning on a live DAG is 
UTXO-scoped > B · an input spent between selection and re-validation makes the attempt retry; the retry plans on what 
is still unspent
Error: COINBASE_MATURITY_UNRESOLVED: Cannot resolve the coinbase maturity for network 'simnet' 
(WASM_TOOLCHAIN_NOT_INSTALLED: kaspa-wasm 2.1.0 is not installed at 
C:\Users\jrodr\AppData\Local\Temp\hardkas-hermetic-home-qjr6Ze\toolchains\kaspa-wasm\2.1.0.
Install it with: hardkas toolchain install kaspa-wasm). Provide an explicit override.
 ❯ paramsError packages/core/src/network-params.ts:18:15
     16| 
     17| function paramsError(code: string, message: string): Error {
     18|   const err = new Error(`${code}: ${message}`);
       |               ^
     19|   (err as any).code = code;
     20|   return err;
 ❯ Module.getCoinbaseMaturity packages/core/src/network-params.ts:77:11
 ❯ Module.runTxPlan packages/cli/src/runners/tx-plan-runner.ts:184:32
 ❯ packages/cli/test/demo-ready-e02-live-dag-planning.test.ts:192:27

⎯⎯⎯⎯⎯⎯⎯⎯⎯⎯⎯⎯⎯⎯⎯⎯⎯⎯⎯⎯⎯[45/323]⎯

 FAIL  packages/cli/test/demo-ready-e02-live-dag-planning.test.ts > Demo-ready · E02 · planning on a live DAG is 
UTXO-scoped > C · a selected input the observed mempool shows being spent after planning is never planned: retries, 
then SELECTED_UTXO_INVALIDATED
AssertionError: expected 'COINBASE_MATURITY_UNRESOLVED' to be 'SELECTED_UTXO_INVALIDATED' // Object.is equality

Expected: "SELECTED_UTXO_INVALIDATED"
Received: "COINBASE_MATURITY_UNRESOLVED"

 ❯ packages/cli/test/demo-ready-e02-live-dag-planning.test.ts:202:22
    200|     node.pendingOnlyAfterPlanning = new Set([key(A), key(B)]);
    201|     const err = await errorOf(plan());
    202|     expect(err.code).toBe("SELECTED_UTXO_INVALIDATED");
       |                      ^
    203|     expect(err.pending.length).toBeGreaterThan(0);
    204|     // The error scopes what it saw to this node's mempool; it promise…

⎯⎯⎯⎯⎯⎯⎯⎯⎯⎯⎯⎯⎯⎯⎯⎯⎯⎯⎯⎯⎯[46/323]⎯

 FAIL  packages/cli/test/demo-ready-e02-live-dag-planning.test.ts > Demo-ready · E02 · planning on a live DAG is 
UTXO-scoped > C · once the observed mempool shows the input being spent, the retry excludes it through the 
pending-spend evidence
Error: COINBASE_MATURITY_UNRESOLVED: Cannot resolve the coinbase maturity for network 'simnet' 
(WASM_TOOLCHAIN_NOT_INSTALLED: kaspa-wasm 2.1.0 is not installed at 
C:\Users\jrodr\AppData\Local\Temp\hardkas-hermetic-home-qjr6Ze\toolchains\kaspa-wasm\2.1.0.
Install it with: hardkas toolchain install kaspa-wasm). Provide an explicit override.
 ❯ paramsError packages/core/src/network-params.ts:18:15
     16| 
     17| function paramsError(code: string, message: string): Error {
     18|   const err = new Error(`${code}: ${message}`);
       |               ^
     19|   (err as any).code = code;
     20|   return err;
 ❯ Module.getCoinbaseMaturity packages/core/src/network-params.ts:77:11
 ❯ Module.runTxPlan packages/cli/src/runners/tx-plan-runner.ts:184:32
 ❯ packages/cli/test/demo-ready-e02-live-dag-planning.test.ts:213:27

⎯⎯⎯⎯⎯⎯⎯⎯⎯⎯⎯⎯⎯⎯⎯⎯⎯⎯⎯⎯⎯[47/323]⎯

 FAIL  packages/cli/test/demo-ready-e20-account-names.test.ts > Demo-ready · E20 · real account names > --name ana 
creates exactly `ana` when one account is requested
AssertionError: expected 1 to be +0 // Object.is equality

- Expected
+ Received

- 0
+ 1

 ❯ packages/cli/test/demo-ready-e20-account-names.test.ts:34:22
     32|   it("--name ana creates exactly `ana` when one account is requested",…
     33|     const r = run(["accounts", "real", "generate", "--name", "ana", "-…
     34|     expect(r.status).toBe(0);
       |                      ^
     35|     expect(names(ws)).toEqual(["ana"]);
     36|     expect(JSON.parse(r.stdout.slice(r.stdout.indexOf("[")))[0].name).…

⎯⎯⎯⎯⎯⎯⎯⎯⎯⎯⎯⎯⎯⎯⎯⎯⎯⎯⎯⎯⎯[48/323]⎯

 FAIL  packages/cli/test/demo-ready-e20-account-names.test.ts > Demo-ready · E20 · real account names > --count 2 
--name ben still numbers them: ben1, ben2
AssertionError: expected 1 to be +0 // Object.is equality

- Expected
+ Received

- 0
+ 1

 ❯ packages/cli/test/demo-ready-e20-account-names.test.ts:41:22
     39|   it("--count 2 --name ben still numbers them: ben1, ben2", () => {
     40|     const r = run(["accounts", "real", "generate", "--name", "ben", "-…
     41|     expect(r.status).toBe(0);
       |                      ^
     42|     expect(names(ws)).toEqual(["ben1", "ben2"]);
     43|   });

⎯⎯⎯⎯⎯⎯⎯⎯⎯⎯⎯⎯⎯⎯⎯⎯⎯⎯⎯⎯⎯[49/323]⎯

 FAIL  packages/cli/test/demo-ready-e20-account-names.test.ts > Demo-ready · E20 · real account names > a taken name 
is refused and the existing plaintext account is left untouched
AssertionError: expected 1 to be +0 // Object.is equality

- Expected
+ Received

- 0
+ 1

 ❯ packages/cli/test/demo-ready-e20-account-names.test.ts:46:110
     44| 
     45|   it("a taken name is refused and the existing plaintext account is le…
     46|     expect(run(["accounts", "real", "generate", "--name", "ana", "--un…
       |                                                                                                              ^
     47|     const before = store(ws).accounts[0];
     48|     const again = run(["accounts", "real", "generate", "--name", "ANA"…

⎯⎯⎯⎯⎯⎯⎯⎯⎯⎯⎯⎯⎯⎯⎯⎯⎯⎯⎯⎯⎯[50/323]⎯

 FAIL  packages/cli/test/demo-ready-e20-account-names.test.ts > Demo-ready · E20 · real account names > a taken name 
in encrypted mode is refused before the existing keystore is touched
AssertionError: expected 1 to be +0 // Object.is equality

- Expected
+ Received

- 0
+ 1

 ❯ packages/cli/test/demo-ready-e20-account-names.test.ts:56:117
     54|   it("a taken name in encrypted mode is refused before the existing ke…
     55|     const env = { HK_TEST_PW: "correct horse battery staple" };
     56|     expect(run(["accounts", "real", "generate", "--name", "cleo", "--p…
       |                                                                                                               
      ^
     57|     const keystore = path.join(ws, ".hardkas", "keystore", "cleo.json"…
     58|     expect(fs.existsSync(keystore)).toBe(true);

⎯⎯⎯⎯⎯⎯⎯⎯⎯⎯⎯⎯⎯⎯⎯⎯⎯⎯⎯⎯⎯[51/323]⎯

 FAIL  packages/cli/test/demo-ready-e21-plan-path.test.ts > Demo-ready · E21 · tx plan says where the plan is > 
without --out it prints the persisted path, which exists, holds the plan and is signable
AssertionError: expected 1 to be +0 // Object.is equality

- Expected
+ Received

- 0
+ 1

 ❯ packages/cli/test/demo-ready-e21-plan-path.test.ts:21:45
     19|     const ws = fs.mkdtempSync(path.join(os.tmpdir(), "hk-demo-ready-e2…
     20|     try {
     21|       expect(run(["init", "."], ws).status).toBe(0);
       |                                             ^
     22|       const plan = run(["tx", "plan", "--from", "alice", "--to", "bob"…
     23|       expect(plan.status).toBe(0);

⎯⎯⎯⎯⎯⎯⎯⎯⎯⎯⎯⎯⎯⎯⎯⎯⎯⎯⎯⎯⎯[52/323]⎯

 FAIL  packages/cli/test/demo-ready-e21-plan-path.test.ts > Demo-ready · E21 · tx plan says where the plan is > with 
--out it still reports the --out file
AssertionError: expected 1 to be +0 // Object.is equality

- Expected
+ Received

- 0
+ 1

 ❯ packages/cli/test/demo-ready-e21-plan-path.test.ts:43:45
     41|     const ws = fs.mkdtempSync(path.join(os.tmpdir(), "hk-demo-ready-e2…
     42|     try {
     43|       expect(run(["init", "."], ws).status).toBe(0);
       |                                             ^
     44|       const plan = run(["tx", "plan", "--from", "alice", "--to", "bob"…
     45|       expect(plan.status).toBe(0);

⎯⎯⎯⎯⎯⎯⎯⎯⎯⎯⎯⎯⎯⎯⎯⎯⎯⎯⎯⎯⎯[53/323]⎯

 FAIL  packages/cli/test/demo-ready-e27-init-messages.test.ts > Demo-ready · E27 · init announces what it creates > 
every `Created: <path>` line names a file that exists, and the test file is payment.test.ts
AssertionError: expected 1 to be +0 // Object.is equality

- Expected
+ Received

- 0
+ 1

 ❯ packages/cli/test/demo-ready-e27-init-messages.test.ts:16:24
     14|     try {
     15|       const r = spawnSync(process.execPath, [cliDist, "init", "."], { …
     16|       expect(r.status).toBe(0);
       |                        ^
     17|       const announced = [...`${r.stdout}\n${r.stderr}`.matchAll(/Creat…
     18|       expect(announced.length).toBeGreaterThanOrEqual(4);

⎯⎯⎯⎯⎯⎯⎯⎯⎯⎯⎯⎯⎯⎯⎯⎯⎯⎯⎯⎯⎯[54/323]⎯

 FAIL  packages/cli/test/e2e-simulated.test.ts > E2E Simulated Happy Path > should complete a full plan -> sign -> 
send flow
AssertionError: expected false to be true // Object.is equality

- Expected
+ Received

- true
+ false

 ❯ packages/cli/test/e2e-simulated.test.ts:93:23
     91|     }
     92| 
     93|     expect(result.ok).toBe(true);
       |                       ^
     94|     expect(result.result).toBe("broadcast");
     95|     expect(result.steps.send.status).toBe("ok");

⎯⎯⎯⎯⎯⎯⎯⎯⎯⎯⎯⎯⎯⎯⎯⎯⎯⎯⎯⎯⎯[55/323]⎯

 FAIL  packages/cli/test/e2e-simulated.test.ts > E2E Simulated Happy Path > should fail if insufficient funds
AssertionError: expected 'COINBASE_MATURITY_UNRESOLVED: Cannot …' to contain 'Insufficient funds'

- Expected
+ Received

- Insufficient funds
+ COINBASE_MATURITY_UNRESOLVED: Cannot resolve the coinbase maturity for network 'simnet' 
(WASM_TOOLCHAIN_NOT_INSTALLED: kaspa-wasm 2.1.0 is not installed at 
C:\Users\jrodr\AppData\Local\Temp\hardkas-hermetic-home-qjr6Ze\toolchains\kaspa-wasm\2.1.0.
+ Install it with: hardkas toolchain install kaspa-wasm). Provide an explicit override.

 ❯ packages/cli/test/e2e-simulated.test.ts:131:37
    129|     expect(result.ok).toBe(false);
    130|     expect(result.steps.plan.status).toBe("error");
    131|     expect(result.steps.plan.error).toContain("Insufficient funds");
       |                                     ^
    132|   });
    133| });

⎯⎯⎯⎯⎯⎯⎯⎯⎯⎯⎯⎯⎯⎯⎯⎯⎯⎯⎯⎯⎯[56/323]⎯

 FAIL  packages/cli/test/e39-toolchain-bootstrap.test.ts > E39 · hardkas init and the pinned kaspa-wasm > reuses a 
verified install of the pin and says so
AssertionError: the gate must provide HARDKAS_HOME with kaspa-wasm 2.1.0: expected false to be true // Object.is 
equality

- Expected
+ Received

- true
+ false

 ❯ packages/cli/test/e39-toolchain-bootstrap.test.ts:139:125
    137|   it("reuses a verified install of the pin and says so", () => {
    138|     const source = getToolchainInstallDir(pin, gateHome);
    139|     expect(verifyManagedToolchainSync(pin, source).ok, `the gate must …
       |                                                                                                               
              ^
    140|     const home = tmp("hk-e39-init-home-");
    141|     fs.cpSync(source, getToolchainInstallDir(pin, home), { recursive: …

⎯⎯⎯⎯⎯⎯⎯⎯⎯⎯⎯⎯⎯⎯⎯⎯⎯⎯⎯⎯⎯[57/323]⎯

 FAIL  packages/cli/test/execution-guard-runners.test.ts > Execution Guard - CLI Runners > tx-plan-runner uses 
assertAccountCompatible and throws on mismatch
AssertionError: expected [Function] to throw error including 'AccountNetworkMismatchError' but got '[vitest] There was 
an error when mock…'

Expected: "AccountNetworkMismatchError"
Received: "[vitest] There was an error when mocking a module. If you are using "vi.mock" factory, make sure there are 
no top level variables inside, since this call is hoisted to top of the file. Read more: 
https://vitest.dev/api/vi.html#vi-mock"

 ❯ packages/cli/test/execution-guard-runners.test.ts:55:5
     53|   it("tx-plan-runner uses assertAccountCompatible and throws on mismat…
     54|     // If the CLI passes a network that mismatches the account network…
     55|     await expect(
       |     ^
     56|       runTxPlan({
     57|         from: "alice",

⎯⎯⎯⎯⎯⎯⎯⎯⎯⎯⎯⎯⎯⎯⎯⎯⎯⎯⎯⎯⎯[58/323]⎯

 FAIL  packages/cli/test/execution-guard-runners.test.ts > Execution Guard - CLI Runners > tx-plan-runner succeeds 
when account network matches execution target
Error: WASM_TOOLCHAIN_NOT_INSTALLED: kaspa-wasm 2.1.0 is not installed at 
C:\Users\jrodr\AppData\Local\Temp\hardkas-hermetic-home-qjr6Ze\toolchains\kaspa-wasm\2.1.0.
Install it with: hardkas toolchain install kaspa-wasm
 ❯ Module.loadManagedKaspaWasmSync packages/core/src/kaspa-wasm.ts:23:17
     21|   const verification = verifyManagedToolchainSync(KASPA_WASM_REFERENCE…
     22|   if (!verification.installed) {
     23|     const err = new Error(
       |                 ^
     24|       `WASM_TOOLCHAIN_NOT_INSTALLED: kaspa-wasm ${KASPA_WASM_REFERENCE…
     25|         `Install it with: hardkas toolchain install kaspa-wasm`
 ❯ loadKaspaWasmSync packages/accounts/src/signer-backend.ts:32:10
 ❯ Module.loadKaspaWasm packages/accounts/src/signer-backend.ts:43:12
 ❯ testnetFixtureAddress packages/cli/test/execution-guard-runners.test.ts:21:47
 ❯ packages/cli/test/execution-guard-runners.test.ts:87:34

⎯⎯⎯⎯⎯⎯⎯⎯⎯⎯⎯⎯⎯⎯⎯⎯⎯⎯⎯⎯⎯[59/323]⎯

 FAIL  packages/cli/test/first-contact-newcomer.test.ts > First contact · the documented first steps work as published 
> docs/start/quickstart.md · SDK Workflow runs verbatim and prints the simulation receipt
AssertionError: 
Error: COINBASE_MATURITY_UNRESOLVED: Cannot resolve the coinbase maturity for network 'simulated' 
(WASM_TOOLCHAIN_NOT_INSTALLED: kaspa-wasm 2.1.0 is not installed at 
C:\Users\jrodr\AppData\Local\Temp\hardkas-hermetic-home-qjr6Ze\toolchains\kaspa-wasm\2.1.0.
Install it with: hardkas toolchain install kaspa-wasm). Provide an explicit override.
    at paramsError (file:///C:/Users/jrodr/Documents/kaslabdevs/GitHub/HardKas-repo/packages/core/dist/index.js:405:15)
    at getCoinbaseMaturity 
(file:///C:/Users/jrodr/Documents/kaslabdevs/GitHub/HardKas-repo/packages/core/dist/index.js:442:11)
    at HardkasTx.plan 
(file:///C:/Users/jrodr/Documents/kaslabdevs/GitHub/HardKas-repo/packages/sdk/dist/index.js:699:30)
    at async run (file:///C:/Users/jrodr/AppData/Local/Temp/hk-fc-qs-yBcOse/quickstart.mjs:10:16) {
  code: 'COINBASE_MATURITY_UNRESOLVED'
}
: expected 1 to be +0 // Object.is equality

- Expected
+ Received

- 0
+ 1

 ❯ packages/cli/test/first-contact-newcomer.test.ts:35:29
     33|     fs.writeFileSync(path.join(consumer.dir, "quickstart.mjs"), code);
     34|     const r = runNode(["quickstart.mjs"], consumer.dir);
     35|     expect(r.status, r.out).toBe(0);
       |                             ^
     36|     expect(r.stdout).toMatch(/Simulation receipt: synthetic-[0-9a-f]{6…
     37|     expect(r.out).not.toMatch(/parent_plan_unresolved|DEBUG SDK TX PLA…

⎯⎯⎯⎯⎯⎯⎯⎯⎯⎯⎯⎯⎯⎯⎯⎯⎯⎯⎯⎯⎯[60/323]⎯

 FAIL  packages/cli/test/first-contact-newcomer.test.ts > First contact · the documented first steps work as published 
> README.md · 30 Second SDK Example runs verbatim and prints the receipt txId
AssertionError: 
file:///C:/Users/jrodr/Documents/kaslabdevs/GitHub/HardKas-repo/packages/core/dist/index.js:405
  const err = new Error(`${code}: ${message}`);
              ^

Error: COINBASE_MATURITY_UNRESOLVED: Cannot resolve the coinbase maturity for network 'simulated' 
(WASM_TOOLCHAIN_NOT_INSTALLED: kaspa-wasm 2.1.0 is not installed at 
C:\Users\jrodr\AppData\Local\Temp\hardkas-hermetic-home-qjr6Ze\toolchains\kaspa-wasm\2.1.0.
Install it with: hardkas toolchain install kaspa-wasm). Provide an explicit override.
    at paramsError (file:///C:/Users/jrodr/Documents/kaslabdevs/GitHub/HardKas-repo/packages/core/dist/index.js:405:15)
    at getCoinbaseMaturity 
(file:///C:/Users/jrodr/Documents/kaslabdevs/GitHub/HardKas-repo/packages/core/dist/index.js:442:11)
    at HardkasTx.plan 
(file:///C:/Users/jrodr/Documents/kaslabdevs/GitHub/HardKas-repo/packages/sdk/dist/index.js:699:30)
    at async file:///C:/Users/jrodr/AppData/Local/Temp/hk-fc-readme-z2rl5W/readme.mjs:8:14 {
  code: 'COINBASE_MATURITY_UNRESOLVED'
}

Node.js v24.15.0
: expected 1 to be +0 // Object.is equality

- Expected
+ Received

- 0
+ 1

 ❯ packages/cli/test/first-contact-newcomer.test.ts:45:29
     43|     fs.writeFileSync(path.join(consumer.dir, "readme.mjs"), code);
     44|     const r = runNode(["readme.mjs"], consumer.dir);
     45|     expect(r.status, r.out).toBe(0);
       |                             ^
     46|     expect(r.stdout).toMatch(/synthetic-[0-9a-f]{64}/);
     47|     expect(r.out).not.toMatch(/parent_plan_unresolved|DEBUG SDK TX PLA…

⎯⎯⎯⎯⎯⎯⎯⎯⎯⎯⎯⎯⎯⎯⎯⎯⎯⎯⎯⎯⎯[61/323]⎯

 FAIL  packages/cli/test/first-contact-newcomer.test.ts > First contact · the documented first steps work as published 
> `hardkas init .` then its generated test passes under vitest in the new project, balance check included
AssertionError:   ℹ Created: package.json
  ℹ Created: vitest.config.ts
  ℹ Created: test/payment.test.ts
  ℹ Created: .gitignore
  ℹ Created: .hardkas/localnet.json (simulated accounts funded: 1000 KAS each)
  ℹ Installing kaspa-wasm 2.1.0, the Kaspa WASM SDK this release pins, from 
https://github.com/kaspanet/rusty-kaspa/releases/download/v2.1.0/kaspa-wasm32-sdk-v2.1.0.zip ...


  ✗ [TOOLCHAIN_DOWNLOAD_FAILED] The project files were created, but kaspa-wasm 2.1.0 could not be installed: could not 
download https://github.com/kaspanet/rusty-kaspa/releases/download/v2.1.0/kaspa-wasm32-sdk-v2.1.0.zip: HERMETIC_GATE: 
refused non-loopback network access to github.com:443
  Signing, planning and the generated test need it. Retry with: hardkas toolchain install kaspa-wasm (offline: add 
--from-file <kaspa-wasm32-sdk-v2.1.0.zip>)
: expected 1 to be +0 // Object.is equality

- Expected
+ Received

- 0
+ 1

 ❯ packages/cli/test/first-contact-newcomer.test.ts:54:35
     52|     consumer = makeConsumerDir("hk-fc-init-", ["sdk", "testing"], { vi…
     53|     const init = runCli(["init", "."], consumer.dir);
     54|     expect(init.status, init.out).toBe(0);
       |                                   ^
     55|     expect(fs.existsSync(path.join(consumer.dir, "test", "payment.test…
     56|     const r = runNode([path.join(vitestReal, "vitest.mjs"), "run", "--…

⎯⎯⎯⎯⎯⎯⎯⎯⎯⎯⎯⎯⎯⎯⎯⎯⎯⎯⎯⎯⎯[62/323]⎯

 FAIL  packages/cli/test/first-contact-small-fixes.test.ts > First contact · CLI texts tell the truth about accounts > 
generate prints a clean summary and list labels a plaintext key as plaintext, never as encrypted
AssertionError: 

  ⚠️  WARNING:
     LEGACY MODE: Generating accounts in plaintext is unsafe.

  ✗ Error:
    WASM_TOOLCHAIN_NOT_INSTALLED: kaspa-wasm 2.1.0 is not installed at 
C:\Users\jrodr\AppData\Local\Temp\hardkas-hermetic-home-qjr6Ze\toolchains\kaspa-wasm\2.1.0.
Install it with: hardkas toolchain install kaspa-wasm
: expected 1 to be +0 // Object.is equality

- Expected
+ Received

- 0
+ 1

 ❯ packages/cli/test/first-contact-small-fixes.test.ts:29:33
     27|   it("generate prints a clean summary and list labels a plaintext key …
     28|     const gen = runCli(["accounts", "real", "generate", "--name", "ana…
     29|     expect(gen.status, gen.out).toBe(0);
       |                                 ^
     30|     expect(gen.out).toMatch(/Generated 1 real dev account\(s\)\s*$/m);
     31|     expect(gen.out).not.toMatch(/\{ cwd \}/);

⎯⎯⎯⎯⎯⎯⎯⎯⎯⎯⎯⎯⎯⎯⎯⎯⎯⎯⎯⎯⎯[63/323]⎯

 FAIL  packages/cli/test/json-contract.test.ts > CLI JSON Contract > tx plan --json produces strict parsable JSON with 
no stdout pollution
 FAIL  packages/cli/test/json-contract.test.ts > CLI JSON Contract > doctor --json produces strict parsable JSON with 
no stdout pollution
 FAIL  packages/cli/test/json-contract.test.ts > CLI JSON Contract > verify --json produces strict parsable JSON
 FAIL  packages/cli/test/json-contract.test.ts > CLI JSON Contract > rebuild --json produces strict parsable JSON
 FAIL  packages/cli/test/json-contract.test.ts > CLI JSON Contract > capabilities --json produces strict parsable JSON
ExecaError: Command failed with exit code 1: node 
"C:\Users\jrodr\Documents\kaslabdevs\GitHub\HardKas-repo\packages\cli\dist\index.js" init


  ✗ [TOOLCHAIN_DOWNLOAD_FAILED] The project files were created, but kaspa-wasm 2.1.0 could not be installed: could not 
download https://github.com/kaspanet/rusty-kaspa/releases/download/v2.1.0/kaspa-wasm32-sdk-v2.1.0.zip: HERMETIC_GATE: 
refused non-loopback network access to github.com:443
  Signing, planning and the generated test need it. Retry with: hardkas toolchain install kaspa-wasm (offline: add 
--from-file <kaspa-wasm32-sdk-v2.1.0.zip>)

  ℹ Created: package.json
  ℹ Created: vitest.config.ts
  ℹ Created: test/payment.test.ts
  ℹ Created: .gitignore
  ℹ Created: .hardkas/localnet.json (simulated accounts funded: 1000 KAS each)
  ℹ Installing kaspa-wasm 2.1.0, the Kaspa WASM SDK this release pins, from 
https://github.com/kaspanet/rusty-kaspa/releases/download/v2.1.0/kaspa-wasm32-sdk-v2.1.0.zip ...
 ❯ getFinalError node_modules/.pnpm/execa@9.6.1/node_modules/execa/lib/return/final-error.js:6:9
 ❯ makeError node_modules/.pnpm/execa@9.6.1/node_modules/execa/lib/return/result.js:108:16
 ❯ getAsyncResult node_modules/.pnpm/execa@9.6.1/node_modules/execa/lib/methods/main-async.js:168:4
 ❯ handlePromise node_modules/.pnpm/execa@9.6.1/node_modules/execa/lib/methods/main-async.js:151:17
 ❯ packages/cli/test/json-contract.test.ts:13:5
     11|     tmpDir = await fs.mkdtemp(path.join(os.tmpdir(), "hardkas-json-"));
     12|     const bin = path.resolve(__dirname, "../dist/index.js");
     13|     await execa("node", [bin, "init"], { cwd: tmpDir });
       |     ^
     14|   }, 180000);
     15| 

⎯⎯⎯⎯⎯⎯⎯⎯⎯⎯⎯⎯⎯⎯⎯⎯⎯⎯⎯⎯⎯[64/323]⎯

 FAIL  packages/cli/test/scaffold-versions.test.ts > scaffold-versions — end-to-end via `hardkas init` > generated 
package.json for `hardkas init` pins @hardkas/* to the CLI's exact version
Error: Command failed: node --import tsx 
"C:\Users\jrodr\Documents\kaslabdevs\GitHub\HardKas-repo\packages\cli\src\index.ts" init 
"C:\Users\jrodr\AppData\Local\Temp\hardkas-scaffold-test-kYQiQp" --template basic --network simulated --accounts 3 
--json
 ❯ runHardkasInit packages/cli/test/scaffold-versions.test.ts:30:3
     28|  */
     29| function runHardkasInit(tmpDirAbs: string): void {
     30|   execSync(
       |   ^
     31|     `node --import tsx "${CLI_DEV_ENTRY}" init "${tmpDirAbs}" --templa…
     32|     { cwd: CLI_PKG_DIR, stdio: "pipe" }
 ❯ packages/cli/test/scaffold-versions.test.ts:157:5

⎯⎯⎯⎯⎯⎯⎯⎯⎯⎯⎯⎯⎯⎯⎯⎯⎯⎯⎯⎯⎯[65/323]⎯

 FAIL  packages/cli/test/scaffold-versions.test.ts > scaffold-versions — end-to-end via `hardkas init` > scaffold 
output HardKAS dep set is deterministic across runs on the same CLI
Error: Command failed: node --import tsx 
"C:\Users\jrodr\Documents\kaslabdevs\GitHub\HardKas-repo\packages\cli\src\index.ts" init 
"C:\Users\jrodr\AppData\Local\Temp\hardkas-scaffold-test-oC15MY" --template basic --network simulated --accounts 3 
--json
 ❯ runHardkasInit packages/cli/test/scaffold-versions.test.ts:30:3
     28|  */
     29| function runHardkasInit(tmpDirAbs: string): void {
     30|   execSync(
       |   ^
     31|     `node --import tsx "${CLI_DEV_ENTRY}" init "${tmpDirAbs}" --templa…
     32|     { cwd: CLI_PKG_DIR, stdio: "pipe" }
 ❯ packages/cli/test/scaffold-versions.test.ts:179:5

⎯⎯⎯⎯⎯⎯⎯⎯⎯⎯⎯⎯⎯⎯⎯⎯⎯⎯⎯⎯⎯[66/323]⎯

 FAIL  packages/cli/test/scaffold-versions.test.ts > scaffold-versions — end-to-end via `hardkas init` > regression: 
`hardkas init` does not scaffold @kaspa/core-lib, which nothing in HardKAS uses
Error: Command failed: node --import tsx 
"C:\Users\jrodr\Documents\kaslabdevs\GitHub\HardKas-repo\packages\cli\src\index.ts" init 
"C:\Users\jrodr\AppData\Local\Temp\hardkas-scaffold-test-dJBcDh" --template basic --network simulated --accounts 3 
--json
 ❯ runHardkasInit packages/cli/test/scaffold-versions.test.ts:30:3
     28|  */
     29| function runHardkasInit(tmpDirAbs: string): void {
     30|   execSync(
       |   ^
     31|     `node --import tsx "${CLI_DEV_ENTRY}" init "${tmpDirAbs}" --templa…
     32|     { cwd: CLI_PKG_DIR, stdio: "pipe" }
 ❯ packages/cli/test/scaffold-versions.test.ts:189:5

⎯⎯⎯⎯⎯⎯⎯⎯⎯⎯⎯⎯⎯⎯⎯⎯⎯⎯⎯⎯⎯[67/323]⎯

 FAIL  packages/cli/test/scaffold-versions.test.ts > scaffold-versions — end-to-end via `hardkas init` > regression: 
`latest` never appears in generated @hardkas/* dep values (bug historically observed on rc.21)
Error: Command failed: node --import tsx 
"C:\Users\jrodr\Documents\kaslabdevs\GitHub\HardKas-repo\packages\cli\src\index.ts" init 
"C:\Users\jrodr\AppData\Local\Temp\hardkas-scaffold-test-LxoKCz" --template basic --network simulated --accounts 3 
--json
 ❯ runHardkasInit packages/cli/test/scaffold-versions.test.ts:30:3
     28|  */
     29| function runHardkasInit(tmpDirAbs: string): void {
     30|   execSync(
       |   ^
     31|     `node --import tsx "${CLI_DEV_ENTRY}" init "${tmpDirAbs}" --templa…
     32|     { cwd: CLI_PKG_DIR, stdio: "pipe" }
 ❯ packages/cli/test/scaffold-versions.test.ts:198:5

⎯⎯⎯⎯⎯⎯⎯⎯⎯⎯⎯⎯⎯⎯⎯⎯⎯⎯⎯⎯⎯[68/323]⎯

 FAIL  packages/cli/test/scaffold-versions.test.ts > scaffold-versions — post-publish coherence property > `CLI 
release X -> hardkas init -> generated @hardkas/* deps === X`
Error: Command failed: node --import tsx 
"C:\Users\jrodr\Documents\kaslabdevs\GitHub\HardKas-repo\packages\cli\src\index.ts" init 
"C:\Users\jrodr\AppData\Local\Temp\hardkas-scaffold-test-nWbhbP" --template basic --network simulated --accounts 3 
--json
 ❯ runHardkasInit packages/cli/test/scaffold-versions.test.ts:30:3
     28|  */
     29| function runHardkasInit(tmpDirAbs: string): void {
     30|   execSync(
       |   ^
     31|     `node --import tsx "${CLI_DEV_ENTRY}" init "${tmpDirAbs}" --templa…
     32|     { cwd: CLI_PKG_DIR, stdio: "pipe" }
 ❯ packages/cli/test/scaffold-versions.test.ts:217:5

⎯⎯⎯⎯⎯⎯⎯⎯⎯⎯⎯⎯⎯⎯⎯⎯⎯⎯⎯⎯⎯[69/323]⎯

 FAIL  packages/cli/test/simulated-isolation.test.ts > Simulated Isolation > simulated mode never performs network 
fetches and sets rpcUrl to simulated://local
Error: COINBASE_MATURITY_UNRESOLVED: Cannot resolve the coinbase maturity for network 'simnet' 
(WASM_TOOLCHAIN_NOT_INSTALLED: kaspa-wasm 2.1.0 is not installed at 
C:\Users\jrodr\AppData\Local\Temp\hardkas-hermetic-home-qjr6Ze\toolchains\kaspa-wasm\2.1.0.
Install it with: hardkas toolchain install kaspa-wasm). Provide an explicit override.
 ❯ paramsError packages/core/src/network-params.ts:18:15
     16| 
     17| function paramsError(code: string, message: string): Error {
     18|   const err = new Error(`${code}: ${message}`);
       |               ^
     19|   (err as any).code = code;
     20|   return err;
 ❯ Module.getCoinbaseMaturity packages/core/src/network-params.ts:77:11
 ❯ Module.runTxPlan packages/cli/src/runners/tx-plan-runner.ts:184:32
 ❯ packages/cli/test/simulated-isolation.test.ts:55:22

⎯⎯⎯⎯⎯⎯⎯⎯⎯⎯⎯⎯⎯⎯⎯⎯⎯⎯⎯⎯⎯[70/323]⎯

 FAIL  packages/cli/test/wave2-b-planner-convergence.test.ts > Wave 2(b) · canonical planner in the CLI (AUD-17) and 
explicit change (AUD-28) > T-A17c · the simulator plans through the canonical synthetic planner and says so
Error: COINBASE_MATURITY_UNRESOLVED: Cannot resolve the coinbase maturity for network 'simulated' 
(WASM_TOOLCHAIN_NOT_INSTALLED: kaspa-wasm 2.1.0 is not installed at 
C:\Users\jrodr\AppData\Local\Temp\hardkas-hermetic-home-qjr6Ze\toolchains\kaspa-wasm\2.1.0.
Install it with: hardkas toolchain install kaspa-wasm). Provide an explicit override.
 ❯ paramsError packages/core/src/network-params.ts:18:15
     16| 
     17| function paramsError(code: string, message: string): Error {
     18|   const err = new Error(`${code}: ${message}`);
       |               ^
     19|   (err as any).code = code;
     20|   return err;
 ❯ Module.getCoinbaseMaturity packages/core/src/network-params.ts:77:11
 ❯ Module.runTxPlan packages/cli/src/runners/tx-plan-runner.ts:184:32
 ❯ packages/cli/test/wave2-b-planner-convergence.test.ts:105:27

⎯⎯⎯⎯⎯⎯⎯⎯⎯⎯⎯⎯⎯⎯⎯⎯⎯⎯⎯⎯⎯[71/323]⎯

 FAIL  packages/cli/test/wave2-b-planner-convergence.test.ts > Wave 2(b) · canonical planner in the CLI (AUD-17) and 
explicit change (AUD-28) > T-A17a · a real network plans through the upstream Generator (KASPA_WASM_GENERATOR) with 
the CLI read guards intact
Error: COINBASE_MATURITY_UNRESOLVED: Cannot resolve the coinbase maturity for network 'simnet' 
(WASM_TOOLCHAIN_NOT_INSTALLED: kaspa-wasm 2.1.0 is not installed at 
C:\Users\jrodr\AppData\Local\Temp\hardkas-hermetic-home-qjr6Ze\toolchains\kaspa-wasm\2.1.0.
Install it with: hardkas toolchain install kaspa-wasm). Provide an explicit override.
 ❯ paramsError packages/core/src/network-params.ts:18:15
     16| 
     17| function paramsError(code: string, message: string): Error {
     18|   const err = new Error(`${code}: ${message}`);
       |               ^
     19|   (err as any).code = code;
     20|   return err;
 ❯ Module.getCoinbaseMaturity packages/core/src/network-params.ts:77:11
 ❯ Module.runTxPlan packages/cli/src/runners/tx-plan-runner.ts:184:32
 ❯ packages/cli/test/wave2-b-planner-convergence.test.ts:116:27

⎯⎯⎯⎯⎯⎯⎯⎯⎯⎯⎯⎯⎯⎯⎯⎯⎯⎯⎯⎯⎯[72/323]⎯

 FAIL  packages/cli/test/wave2-b-planner-convergence.test.ts > Wave 2(b) · canonical planner in the CLI (AUD-17) and 
explicit change (AUD-28) > T-A17b · the same intention through the CLI and the SDK yields the same inputs, fee and mass
Error: COINBASE_MATURITY_UNRESOLVED: Cannot resolve the coinbase maturity for network 'simnet' 
(WASM_TOOLCHAIN_NOT_INSTALLED: kaspa-wasm 2.1.0 is not installed at 
C:\Users\jrodr\AppData\Local\Temp\hardkas-hermetic-home-qjr6Ze\toolchains\kaspa-wasm\2.1.0.
Install it with: hardkas toolchain install kaspa-wasm). Provide an explicit override.
 ❯ paramsError packages/core/src/network-params.ts:18:15
     16| 
     17| function paramsError(code: string, message: string): Error {
     18|   const err = new Error(`${code}: ${message}`);
       |               ^
     19|   (err as any).code = code;
     20|   return err;
 ❯ Module.getCoinbaseMaturity packages/core/src/network-params.ts:77:11
 ❯ Module.runTxPlan packages/cli/src/runners/tx-plan-runner.ts:184:32
 ❯ packages/cli/test/wave2-b-planner-convergence.test.ts:148:22

⎯⎯⎯⎯⎯⎯⎯⎯⎯⎯⎯⎯⎯⎯⎯⎯⎯⎯⎯⎯⎯[73/323]⎯

 FAIL  packages/cli/test/wave2-b-planner-convergence.test.ts > Wave 2(b) · canonical planner in the CLI (AUD-17) and 
explicit change (AUD-28) > T-A28 · an explicit change destination reaches the plan through the CLI (real and 
simulator), the SDK and the toolkit
Error: COINBASE_MATURITY_UNRESOLVED: Cannot resolve the coinbase maturity for network 'simnet' 
(WASM_TOOLCHAIN_NOT_INSTALLED: kaspa-wasm 2.1.0 is not installed at 
C:\Users\jrodr\AppData\Local\Temp\hardkas-hermetic-home-qjr6Ze\toolchains\kaspa-wasm\2.1.0.
Install it with: hardkas toolchain install kaspa-wasm). Provide an explicit override.
 ❯ paramsError packages/core/src/network-params.ts:18:15
     16| 
     17| function paramsError(code: string, message: string): Error {
     18|   const err = new Error(`${code}: ${message}`);
       |               ^
     19|   (err as any).code = code;
     20|   return err;
 ❯ Module.getCoinbaseMaturity packages/core/src/network-params.ts:77:11
 ❯ Module.runTxPlan packages/cli/src/runners/tx-plan-runner.ts:184:32
 ❯ packages/cli/test/wave2-b-planner-convergence.test.ts:173:26

⎯⎯⎯⎯⎯⎯⎯⎯⎯⎯⎯⎯⎯⎯⎯⎯⎯⎯⎯⎯⎯[74/323]⎯

 FAIL  packages/cli/test/wave2-c-pending-spend.test.ts > Wave 2(c) · AUD-19 · pending-spend exclusion with mempool 
evidence > T-A19 · with a mempool transaction spending outpoint A, the CLI plan never selects A and records the 
evidence it filtered against
Error: COINBASE_MATURITY_UNRESOLVED: Cannot resolve the coinbase maturity for network 'simnet' 
(WASM_TOOLCHAIN_NOT_INSTALLED: kaspa-wasm 2.1.0 is not installed at 
C:\Users\jrodr\AppData\Local\Temp\hardkas-hermetic-home-qjr6Ze\toolchains\kaspa-wasm\2.1.0.
Install it with: hardkas toolchain install kaspa-wasm). Provide an explicit override.
 ❯ paramsError packages/core/src/network-params.ts:18:15
     16| 
     17| function paramsError(code: string, message: string): Error {
     18|   const err = new Error(`${code}: ${message}`);
       |               ^
     19|   (err as any).code = code;
     20|   return err;
 ❯ Module.getCoinbaseMaturity packages/core/src/network-params.ts:77:11
 ❯ Module.runTxPlan packages/cli/src/runners/tx-plan-runner.ts:184:32
 ❯ packages/cli/test/wave2-c-pending-spend.test.ts:125:27

⎯⎯⎯⎯⎯⎯⎯⎯⎯⎯⎯⎯⎯⎯⎯⎯⎯⎯⎯⎯⎯[75/323]⎯

 FAIL  packages/cli/test/wave2-c-pending-spend.test.ts > Wave 2(c) · AUD-19 · pending-spend exclusion with mempool 
evidence > T-A19 · a mempool transaction merely PAYING the sender excludes nothing
Error: COINBASE_MATURITY_UNRESOLVED: Cannot resolve the coinbase maturity for network 'simnet' 
(WASM_TOOLCHAIN_NOT_INSTALLED: kaspa-wasm 2.1.0 is not installed at 
C:\Users\jrodr\AppData\Local\Temp\hardkas-hermetic-home-qjr6Ze\toolchains\kaspa-wasm\2.1.0.
Install it with: hardkas toolchain install kaspa-wasm). Provide an explicit override.
 ❯ paramsError packages/core/src/network-params.ts:18:15
     16| 
     17| function paramsError(code: string, message: string): Error {
     18|   const err = new Error(`${code}: ${message}`);
       |               ^
     19|   (err as any).code = code;
     20|   return err;
 ❯ Module.getCoinbaseMaturity packages/core/src/network-params.ts:77:11
 ❯ Module.runTxPlan packages/cli/src/runners/tx-plan-runner.ts:184:32
 ❯ packages/cli/test/wave2-c-pending-spend.test.ts:145:27

⎯⎯⎯⎯⎯⎯⎯⎯⎯⎯⎯⎯⎯⎯⎯⎯⎯⎯⎯⎯⎯[76/323]⎯

 FAIL  packages/cli/test/wave2-c-pending-spend.test.ts > Wave 2(c) · AUD-19 · pending-spend exclusion with mempool 
evidence > T-A19 · every spendable outpoint pending ⇒ an explicit PENDING_SPEND_ALL_EXCLUDED, not a generic 
insufficient-funds
AssertionError: expected 'COINBASE_MATURITY_UNRESOLVED' to be 'PENDING_SPEND_ALL_EXCLUDED' // Object.is equality

Expected: "PENDING_SPEND_ALL_EXCLUDED"
Received: "COINBASE_MATURITY_UNRESOLVED"

 ❯ packages/cli/test/wave2-c-pending-spend.test.ts:154:18
    152|     node.receiving = [];
    153|     const code = await codeOf(cliPlan(config, ws));
    154|     expect(code).toBe("PENDING_SPEND_ALL_EXCLUDED");
       |                  ^
    155|     node.sending = [];
    156|   });

⎯⎯⎯⎯⎯⎯⎯⎯⎯⎯⎯⎯⎯⎯⎯⎯⎯⎯⎯⎯⎯[77/323]⎯

 FAIL  packages/cli/test/wave2-c-pending-spend.test.ts > Wave 2(c) · AUD-19 · pending-spend exclusion with mempool 
evidence > T-A19 · no mempool evidence (RPC failure, or a client that cannot ask) ⇒ no plan, 
PENDING_SPEND_EVIDENCE_UNAVAILABLE
AssertionError: expected 'COINBASE_MATURITY_UNRESOLVED' to be 'PENDING_SPEND_EVIDENCE_UNAVAILABLE' // Object.is 
equality

Expected: "PENDING_SPEND_EVIDENCE_UNAVAILABLE"
Received: "COINBASE_MATURITY_UNRESOLVED"

 ❯ packages/cli/test/wave2-c-pending-spend.test.ts:161:47
    159|     node.sending = [];
    160|     node.mempoolFails = true;
    161|     expect(await codeOf(cliPlan(config, ws))).toBe("PENDING_SPEND_EVID…
       |                                               ^
    162|     node.mempoolFails = false;
    163|     node.mempoolMissing = true;

⎯⎯⎯⎯⎯⎯⎯⎯⎯⎯⎯⎯⎯⎯⎯⎯⎯⎯⎯⎯⎯[78/323]⎯

 FAIL  packages/cli/test/wave2-c-pending-spend.test.ts > Wave 2(c) · AUD-19 · pending-spend exclusion with mempool 
evidence > T-A19 · the SDK applies the same exclusion and refusal; CLI ≡ SDK under the same mempool
Error: COINBASE_MATURITY_UNRESOLVED: Cannot resolve the coinbase maturity for network 'simnet' 
(WASM_TOOLCHAIN_NOT_INSTALLED: kaspa-wasm 2.1.0 is not installed at 
C:\Users\jrodr\AppData\Local\Temp\hardkas-hermetic-home-qjr6Ze\toolchains\kaspa-wasm\2.1.0.
Install it with: hardkas toolchain install kaspa-wasm). Provide an explicit override.
 ❯ paramsError packages/core/src/network-params.ts:18:15
     16| 
     17| function paramsError(code: string, message: string): Error {
     18|   const err = new Error(`${code}: ${message}`);
       |               ^
     19|   (err as any).code = code;
     20|   return err;
 ❯ Module.getCoinbaseMaturity packages/core/src/network-params.ts:77:11
 ❯ Module.runTxPlan packages/cli/src/runners/tx-plan-runner.ts:184:32
 ❯ packages/cli/test/wave2-c-pending-spend.test.ts:172:22

⎯⎯⎯⎯⎯⎯⎯⎯⎯⎯⎯⎯⎯⎯⎯⎯⎯⎯⎯⎯⎯[79/323]⎯

 FAIL  packages/cli/test/wave2-c-pending-spend.test.ts > Wave 2(c) · AUD-19 · pending-spend exclusion with mempool 
evidence > the simulator records no pending-spend evidence (it has no mempool) and says nothing about one
Error: COINBASE_MATURITY_UNRESOLVED: Cannot resolve the coinbase maturity for network 'simulated' 
(WASM_TOOLCHAIN_NOT_INSTALLED: kaspa-wasm 2.1.0 is not installed at 
C:\Users\jrodr\AppData\Local\Temp\hardkas-hermetic-home-qjr6Ze\toolchains\kaspa-wasm\2.1.0.
Install it with: hardkas toolchain install kaspa-wasm). Provide an explicit override.
 ❯ paramsError packages/core/src/network-params.ts:18:15
     16| 
     17| function paramsError(code: string, message: string): Error {
     18|   const err = new Error(`${code}: ${message}`);
       |               ^
     19|   (err as any).code = code;
     20|   return err;
 ❯ Module.getCoinbaseMaturity packages/core/src/network-params.ts:77:11
 ❯ Module.runTxPlan packages/cli/src/runners/tx-plan-runner.ts:184:32
 ❯ packages/cli/test/wave2-c-pending-spend.test.ts:208:22

⎯⎯⎯⎯⎯⎯⎯⎯⎯⎯⎯⎯⎯⎯⎯⎯⎯⎯⎯⎯⎯[80/323]⎯

 FAIL  packages/cli/test/wave2-e-send-outcome.test.ts > Wave 2(e) · AUX-11 · tx send outcomes are unambiguous > 
control · a simulated shortcut send really runs and is `submitted`: ok:true, outcome:submitted, a receipt, exit 0
AssertionError: {
  "ok": false,
  "command": "tx send",
  "mode": "cli",
  "outcome": "failed",
  "code": "TX_SEND_FAILED",
  "message": "FAILED: 'tx send' did not broadcast (plan step failed: COINBASE_MATURITY_UNRESOLVED: Cannot resolve the 
coinbase maturity for network 'simulated' (WASM_TOOLCHAIN_NOT_INSTALLED: kaspa-wasm 2.1.0 is not installed at 
C:\\Users\\jrodr\\AppData\\Local\\Temp\\hardkas-hermetic-home-qjr6Ze\\toolchains\\kaspa-wasm\\2.1.0.\nInstall it with: 
hardkas toolchain install kaspa-wasm). Provide an explicit override.).",
  "network": "simulated",
  "steps": {
    "plan": "error",
    "sign": "skipped",
    "send": "skipped"
  }
}

[runTxFlow catch] Error: COINBASE_MATURITY_UNRESOLVED: Cannot resolve the coinbase maturity for network 'simulated' 
(WASM_TOOLCHAIN_NOT_INSTALLED: kaspa-wasm 2.1.0 is not installed at 
C:\Users\jrodr\AppData\Local\Temp\hardkas-hermetic-home-qjr6Ze\toolchains\kaspa-wasm\2.1.0.
Install it with: hardkas toolchain install kaspa-wasm). Provide an explicit override.
    at paramsError (file:///C:/Users/jrodr/Documents/kaslabdevs/GitHub/HardKas-repo/packages/core/dist/index.js:405:15)
    at getCoinbaseMaturity 
(file:///C:/Users/jrodr/Documents/kaslabdevs/GitHub/HardKas-repo/packages/core/dist/index.js:442:11)
    at runTxPlan 
(file:///C:/Users/jrodr/Documents/kaslabdevs/GitHub/HardKas-repo/packages/cli/dist/chunk-FX777FFF.js:130:32)
    at async runTxFlow 
(file:///C:/Users/jrodr/Documents/kaslabdevs/GitHub/HardKas-repo/packages/cli/dist/chunk-FX777FFF.js:716:26)
    at async file:///C:/Users/jrodr/Documents/kaslabdevs/GitHub/HardKas-repo/packages/cli/dist/chunk-VQN6EBKC.js:973:30
    at async withLock 
(file:///C:/Users/jrodr/Documents/kaslabdevs/GitHub/HardKas-repo/packages/core/dist/index.js:2680:12)
    at async Command.<anonymous> 
(file:///C:/Users/jrodr/Documents/kaslabdevs/GitHub/HardKas-repo/packages/cli/dist/chunk-VQN6EBKC.js:864:9)
    at async Command.parseAsync (C:\Users\jrodr\Documents\kaslabdevs\GitHub\HardKas-repo\node_modules\.pnpm\commander@1
2.1.0\node_modules\commander\lib\command.js:1092:5)
    at async main (file:///C:/Users/jrodr/Documents/kaslabdevs/GitHub/HardKas-repo/packages/cli/dist/index.js:41:5) {
  code: 'COINBASE_MATURITY_UNRESOLVED'
}
: expected 1 to be +0 // Object.is equality

- Expected
+ Received

- 0
+ 1

 ❯ Command.parseAsync node_modules/.pnpm/commander@12.1.0/node_modules/commander/lib/command.js:1092:5
 ❯ packages/cli/test/wave2-e-send-outcome.test.ts:115:29
    113|     const before = artifactFiles(ws);
    114|     const r = run(["tx", "send", "--from", "alice", "--to", "bob", "--…
    115|     expect(r.status, r.out).toBe(0);
       |                             ^
    116|     const env = JSON.parse(r.stdout.trim());
    117|     expect(env.ok).toBe(true);

⎯⎯⎯⎯⎯⎯⎯⎯⎯⎯⎯⎯⎯⎯⎯⎯⎯⎯⎯⎯⎯[81/323]⎯

 FAIL  packages/cli/test/wave2-e-send-outcome.test.ts > Wave 2(e) · AUX-11 · tx send outcomes are unambiguous > 
control · the same send in human mode names the receipt it wrote (no 'unknown' artifact behind a success line)
AssertionError: 
[runTxFlow catch] Error: COINBASE_MATURITY_UNRESOLVED: Cannot resolve the coinbase maturity for network 'simulated' 
(WASM_TOOLCHAIN_NOT_INSTALLED: kaspa-wasm 2.1.0 is not installed at 
C:\Users\jrodr\AppData\Local\Temp\hardkas-hermetic-home-qjr6Ze\toolchains\kaspa-wasm\2.1.0.
Install it with: hardkas toolchain install kaspa-wasm). Provide an explicit override.
    at paramsError (file:///C:/Users/jrodr/Documents/kaslabdevs/GitHub/HardKas-repo/packages/core/dist/index.js:405:15)
    at getCoinbaseMaturity 
(file:///C:/Users/jrodr/Documents/kaslabdevs/GitHub/HardKas-repo/packages/core/dist/index.js:442:11)
    at runTxPlan 
(file:///C:/Users/jrodr/Documents/kaslabdevs/GitHub/HardKas-repo/packages/cli/dist/chunk-FX777FFF.js:130:32)
    at async runTxFlow 
(file:///C:/Users/jrodr/Documents/kaslabdevs/GitHub/HardKas-repo/packages/cli/dist/chunk-FX777FFF.js:716:26)
    at async file:///C:/Users/jrodr/Documents/kaslabdevs/GitHub/HardKas-repo/packages/cli/dist/chunk-VQN6EBKC.js:973:30
    at async withLock 
(file:///C:/Users/jrodr/Documents/kaslabdevs/GitHub/HardKas-repo/packages/core/dist/index.js:2680:12)
    at async Command.<anonymous> 
(file:///C:/Users/jrodr/Documents/kaslabdevs/GitHub/HardKas-repo/packages/cli/dist/chunk-VQN6EBKC.js:864:9)
    at async Command.parseAsync (C:\Users\jrodr\Documents\kaslabdevs\GitHub\HardKas-repo\node_modules\.pnpm\commander@1
2.1.0\node_modules\commander\lib\command.js:1092:5)
    at async main (file:///C:/Users/jrodr/Documents/kaslabdevs/GitHub/HardKas-repo/packages/cli/dist/index.js:41:5) {
  code: 'COINBASE_MATURITY_UNRESOLVED'
}

  ✗ [TX_SEND_FAILED] FAILED: 'tx send' did not broadcast (plan step failed: COINBASE_MATURITY_UNRESOLVED: Cannot 
resolve the coinbase maturity for network 'simulated' (WASM_TOOLCHAIN_NOT_INSTALLED: kaspa-wasm 2.1.0 is not installed 
at C:\Users\jrodr\AppData\Local\Temp\hardkas-hermetic-home-qjr6Ze\toolchains\kaspa-wasm\2.1.0.
Install it with: hardkas toolchain install kaspa-wasm). Provide an explicit override.).
: expected 1 to be +0 // Object.is equality

- Expected
+ Received

- 0
+ 1

 ❯ Command.parseAsync node_modules/.pnpm/commander@12.1.0/node_modules/commander/lib/command.js:1092:5
 ❯ packages/cli/test/wave2-e-send-outcome.test.ts:126:29
    124|   it("control · the same send in human mode names the receipt it wrote…
    125|     const r = run(["tx", "send", "--from", "alice", "--to", "bob", "--…
    126|     expect(r.status, r.out).toBe(0);
       |                             ^
    127|     expect(r.out).toMatch(/Transaction simulated successfully/);
    128|     expect(r.out).toMatch(/Artifact ID\s+[0-9a-f]{64}/);

⎯⎯⎯⎯⎯⎯⎯⎯⎯⎯⎯⎯⎯⎯⎯⎯⎯⎯⎯⎯⎯[82/323]⎯

 FAIL  packages/core/test/silverscript-abi.test.ts > SilverScript entry encoding vs upstream silverscript-abi 
(differential) > vector 0: scalars matches upstream byte for byte
 FAIL  packages/core/test/silverscript-abi.test.ts > SilverScript entry encoding vs upstream silverscript-abi 
(differential) > vector 1: scalars matches upstream byte for byte
 FAIL  packages/core/test/silverscript-abi.test.ts > SilverScript entry encoding vs upstream silverscript-abi 
(differential) > vector 2: scalars matches upstream byte for byte
 FAIL  packages/core/test/silverscript-abi.test.ts > SilverScript entry encoding vs upstream silverscript-abi 
(differential) > vector 3: scalars matches upstream byte for byte
 FAIL  packages/core/test/silverscript-abi.test.ts > SilverScript entry encoding vs upstream silverscript-abi 
(differential) > vector 4: scalars matches upstream byte for byte
 FAIL  packages/core/test/silverscript-abi.test.ts > SilverScript entry encoding vs upstream silverscript-abi 
(differential) > vector 5: scalars matches upstream byte for byte
 FAIL  packages/core/test/silverscript-abi.test.ts > SilverScript entry encoding vs upstream silverscript-abi 
(differential) > vector 6: scalars matches upstream byte for byte
 FAIL  packages/core/test/silverscript-abi.test.ts > SilverScript entry encoding vs upstream silverscript-abi 
(differential) > vector 7: scalars matches upstream byte for byte
 FAIL  packages/core/test/silverscript-abi.test.ts > SilverScript entry encoding vs upstream silverscript-abi 
(differential) > vector 8: scalars matches upstream byte for byte
 FAIL  packages/core/test/silverscript-abi.test.ts > SilverScript entry encoding vs upstream silverscript-abi 
(differential) > vector 9: scalars matches upstream byte for byte
 FAIL  packages/core/test/silverscript-abi.test.ts > SilverScript entry encoding vs upstream silverscript-abi 
(differential) > vector 10: scalars matches upstream byte for byte
 FAIL  packages/core/test/silverscript-abi.test.ts > SilverScript entry encoding vs upstream silverscript-abi 
(differential) > vector 11: scalars matches upstream byte for byte
 FAIL  packages/core/test/silverscript-abi.test.ts > SilverScript entry encoding vs upstream silverscript-abi 
(differential) > vector 12: scalars matches upstream byte for byte
 FAIL  packages/core/test/silverscript-abi.test.ts > SilverScript entry encoding vs upstream silverscript-abi 
(differential) > vector 13: scalars matches upstream byte for byte
 FAIL  packages/core/test/silverscript-abi.test.ts > SilverScript entry encoding vs upstream silverscript-abi 
(differential) > vector 14: scalars matches upstream byte for byte
 FAIL  packages/core/test/silverscript-abi.test.ts > SilverScript entry encoding vs upstream silverscript-abi 
(differential) > vector 15: scalars matches upstream byte for byte
 FAIL  packages/core/test/silverscript-abi.test.ts > SilverScript entry encoding vs upstream silverscript-abi 
(differential) > vector 16: scalars matches upstream byte for byte
 FAIL  packages/core/test/silverscript-abi.test.ts > SilverScript entry encoding vs upstream silverscript-abi 
(differential) > vector 17: scalars matches upstream byte for byte
 FAIL  packages/core/test/silverscript-abi.test.ts > SilverScript entry encoding vs upstream silverscript-abi 
(differential) > vector 18: scalars matches upstream byte for byte
 FAIL  packages/core/test/silverscript-abi.test.ts > SilverScript entry encoding vs upstream silverscript-abi 
(differential) > vector 19: scalars matches upstream byte for byte
 FAIL  packages/core/test/silverscript-abi.test.ts > SilverScript entry encoding vs upstream silverscript-abi 
(differential) > vector 20: scalars matches upstream byte for byte
 FAIL  packages/core/test/silverscript-abi.test.ts > SilverScript entry encoding vs upstream silverscript-abi 
(differential) > vector 21: scalars matches upstream byte for byte
 FAIL  packages/core/test/silverscript-abi.test.ts > SilverScript entry encoding vs upstream silverscript-abi 
(differential) > vector 22: scalars matches upstream byte for byte
 FAIL  packages/core/test/silverscript-abi.test.ts > SilverScript entry encoding vs upstream silverscript-abi 
(differential) > vector 23: scalars matches upstream byte for byte
 FAIL  packages/core/test/silverscript-abi.test.ts > SilverScript entry encoding vs upstream silverscript-abi 
(differential) > vector 24: scalars matches upstream byte for byte
 FAIL  packages/core/test/silverscript-abi.test.ts > SilverScript entry encoding vs upstream silverscript-abi 
(differential) > vector 25: keys matches upstream byte for byte
 FAIL  packages/core/test/silverscript-abi.test.ts > SilverScript entry encoding vs upstream silverscript-abi 
(differential) > vector 26: timed matches upstream byte for byte
 FAIL  packages/core/test/silverscript-abi.test.ts > SilverScript entry encoding vs upstream silverscript-abi 
(differential) > vector 27: timed matches upstream byte for byte
 FAIL  packages/core/test/silverscript-abi.test.ts > SilverScript entry encoding vs upstream silverscript-abi 
(differential) > vector 28: timed matches upstream byte for byte
Error: WASM_TOOLCHAIN_NOT_INSTALLED: kaspa-wasm 2.1.0 is not installed at 
C:\Users\jrodr\AppData\Local\Temp\hardkas-hermetic-home-qjr6Ze\toolchains\kaspa-wasm\2.1.0.
Install it with: hardkas toolchain install kaspa-wasm
 ❯ Module.loadManagedKaspaWasmSync packages/core/src/kaspa-wasm.ts:23:17
     21|   const verification = verifyManagedToolchainSync(KASPA_WASM_REFERENCE…
     22|   if (!verification.installed) {
     23|     const err = new Error(
       |                 ^
     24|       `WASM_TOOLCHAIN_NOT_INSTALLED: kaspa-wasm ${KASPA_WASM_REFERENCE…
     25|         `Install it with: hardkas toolchain install kaspa-wasm`
 ❯ Module.encodeSilverEntryArgs packages/core/src/silverscript-abi.ts:154:13
 ❯ packages/core/test/silverscript-abi.test.ts:55:14

⎯⎯⎯⎯⎯⎯⎯⎯⎯⎯⎯⎯⎯⎯⎯⎯⎯⎯⎯⎯⎯[83/323]⎯

 FAIL  packages/core/test/silverscript-abi.test.ts > SilverScript entry encoding vs upstream silverscript-abi 
(differential) > is NOT_IMPLEMENTED where upstream uses its own array/struct encoding
AssertionError: expected error to match asymmetric matcher

- Expected
+ Received

- ObjectContaining {
-   "code": "SILVER_ABI_NOT_IMPLEMENTED",
- }
+ [Error: WASM_TOOLCHAIN_NOT_INSTALLED: kaspa-wasm 2.1.0 is not installed at 
C:\Users\jrodr\AppData\Local\Temp\hardkas-hermetic-home-qjr6Ze\toolchains\kaspa-wasm\2.1.0.
+ Install it with: hardkas toolchain install kaspa-wasm]

 ❯ packages/core/test/silverscript-abi.test.ts:64:104
     62|     for (const v of listVectors) {
     63|       expect(v.expectedHex).toBeDefined(); // upstream encodes it...
     64|       expect(() => encodeSilverEntryArgs({ artifact, entry: v.entry, a…
       |                                                                                                        ^
     65|         expect.objectContaining({ code: "SILVER_ABI_NOT_IMPLEMENTED" }…
     66|       );

⎯⎯⎯⎯⎯⎯⎯⎯⎯⎯⎯⎯⎯⎯⎯⎯⎯⎯⎯⎯⎯[84/323]⎯

 FAIL  packages/core/test/silverscript-abi.test.ts > SilverScript entry encoding vs upstream silverscript-abi 
(differential) > rejects calls that do not fit the entry
AssertionError: [{"kind":"bool","value":true}]: expected error to match asymmetric matcher

- Expected
+ Received

- ObjectContaining {
-   "code": "SILVER_ABI_ARGUMENT_INVALID",
- }
+ [Error: WASM_TOOLCHAIN_NOT_INSTALLED: kaspa-wasm 2.1.0 is not installed at 
C:\Users\jrodr\AppData\Local\Temp\hardkas-hermetic-home-qjr6Ze\toolchains\kaspa-wasm\2.1.0.
+ Install it with: hardkas toolchain install kaspa-wasm]

 ❯ packages/core/test/silverscript-abi.test.ts:85:181
     83|     ] as const;
     84|     for (const call of invalid) {
     85|       expect(() => encodeSilverEntryArgs({ artifact, entry: call.entry…
       |                                                                                                               
                                                                      ^
     86|         expect.objectContaining({ code: "SILVER_ABI_ARGUMENT_INVALID" …
     87|       );

⎯⎯⎯⎯⎯⎯⎯⎯⎯⎯⎯⎯⎯⎯⎯⎯⎯⎯⎯⎯⎯[85/323]⎯

 FAIL  packages/core/test/silverscript-abi.test.ts > SilverScript P2SH lock and unlock (SDK) > locks to OP_BLAKE2B 
<blake2b-256(bytecode)> OP_EQUAL
Error: WASM_TOOLCHAIN_NOT_INSTALLED: kaspa-wasm 2.1.0 is not installed at 
C:\Users\jrodr\AppData\Local\Temp\hardkas-hermetic-home-qjr6Ze\toolchains\kaspa-wasm\2.1.0.
Install it with: hardkas toolchain install kaspa-wasm
 ❯ Module.loadManagedKaspaWasmSync packages/core/src/kaspa-wasm.ts:23:17
     21|   const verification = verifyManagedToolchainSync(KASPA_WASM_REFERENCE…
     22|   if (!verification.installed) {
     23|     const err = new Error(
       |                 ^
     24|       `WASM_TOOLCHAIN_NOT_INSTALLED: kaspa-wasm ${KASPA_WASM_REFERENCE…
     25|         `Install it with: hardkas toolchain install kaspa-wasm`
 ❯ Module.silverP2shLock packages/core/src/silverscript-abi.ts:41:13
 ❯ packages/core/test/silverscript-abi.test.ts:96:12

⎯⎯⎯⎯⎯⎯⎯⎯⎯⎯⎯⎯⎯⎯⎯⎯⎯⎯⎯⎯⎯[86/323]⎯

 FAIL  packages/core/test/silverscript-abi.test.ts > SilverScript P2SH lock and unlock (SDK) > derives a script-hash 
address on the requested network
Error: WASM_TOOLCHAIN_NOT_INSTALLED: kaspa-wasm 2.1.0 is not installed at 
C:\Users\jrodr\AppData\Local\Temp\hardkas-hermetic-home-qjr6Ze\toolchains\kaspa-wasm\2.1.0.
Install it with: hardkas toolchain install kaspa-wasm
 ❯ Module.loadManagedKaspaWasmSync packages/core/src/kaspa-wasm.ts:23:17
     21|   const verification = verifyManagedToolchainSync(KASPA_WASM_REFERENCE…
     22|   if (!verification.installed) {
     23|     const err = new Error(
       |                 ^
     24|       `WASM_TOOLCHAIN_NOT_INSTALLED: kaspa-wasm ${KASPA_WASM_REFERENCE…
     25|         `Install it with: hardkas toolchain install kaspa-wasm`
 ❯ Module.silverP2shAddress packages/core/src/silverscript-abi.ts:47:13
 ❯ packages/core/test/silverscript-abi.test.ts:100:12

⎯⎯⎯⎯⎯⎯⎯⎯⎯⎯⎯⎯⎯⎯⎯⎯⎯⎯⎯⎯⎯[87/323]⎯

 FAIL  packages/core/test/silverscript-abi.test.ts > SilverScript P2SH lock and unlock (SDK) > unlocks with the entry 
arguments followed by the pushed redeem script
Error: WASM_TOOLCHAIN_NOT_INSTALLED: kaspa-wasm 2.1.0 is not installed at 
C:\Users\jrodr\AppData\Local\Temp\hardkas-hermetic-home-qjr6Ze\toolchains\kaspa-wasm\2.1.0.
Install it with: hardkas toolchain install kaspa-wasm
 ❯ Module.loadManagedKaspaWasmSync packages/core/src/kaspa-wasm.ts:23:17
     21|   const verification = verifyManagedToolchainSync(KASPA_WASM_REFERENCE…
     22|   if (!verification.installed) {
     23|     const err = new Error(
       |                 ^
     24|       `WASM_TOOLCHAIN_NOT_INSTALLED: kaspa-wasm ${KASPA_WASM_REFERENCE…
     25|         `Install it with: hardkas toolchain install kaspa-wasm`
 ❯ Module.encodeSilverEntryArgs packages/core/src/silverscript-abi.ts:154:13
 ❯ packages/core/test/silverscript-abi.test.ts:105:18

⎯⎯⎯⎯⎯⎯⎯⎯⎯⎯⎯⎯⎯⎯⎯⎯⎯⎯⎯⎯⎯[88/323]⎯

 FAIL  packages/core/test/silverscript-abi.test.ts > SilverScript P2SH lock and unlock (SDK) > takes the 65-byte sig 
out of an SDK input signature
Error: WASM_TOOLCHAIN_NOT_INSTALLED: kaspa-wasm 2.1.0 is not installed at 
C:\Users\jrodr\AppData\Local\Temp\hardkas-hermetic-home-qjr6Ze\toolchains\kaspa-wasm\2.1.0.
Install it with: hardkas toolchain install kaspa-wasm
 ❯ Module.loadManagedKaspaWasmSync packages/core/src/kaspa-wasm.ts:23:17
     21|   const verification = verifyManagedToolchainSync(KASPA_WASM_REFERENCE…
     22|   if (!verification.installed) {
     23|     const err = new Error(
       |                 ^
     24|       `WASM_TOOLCHAIN_NOT_INSTALLED: kaspa-wasm ${KASPA_WASM_REFERENCE…
     25|         `Install it with: hardkas toolchain install kaspa-wasm`
 ❯ packages/core/test/silverscript-abi.test.ts:110:15

⎯⎯⎯⎯⎯⎯⎯⎯⎯⎯⎯⎯⎯⎯⎯⎯⎯⎯⎯⎯⎯[89/323]⎯

 FAIL  packages/core/test/silverscript-runner.test.ts > prepareSilverVmTests > puts the record's constructor arguments 
on every test and keeps the rest
Error: WASM_TOOLCHAIN_NOT_INSTALLED: kaspa-wasm 2.1.0 is not installed at 
C:\Users\jrodr\AppData\Local\Temp\hardkas-hermetic-home-qjr6Ze\toolchains\kaspa-wasm\2.1.0.
Install it with: hardkas toolchain install kaspa-wasm
 ❯ Module.loadManagedKaspaWasmSync packages/core/src/kaspa-wasm.ts:23:17
     21|   const verification = verifyManagedToolchainSync(KASPA_WASM_REFERENCE…
     22|   if (!verification.installed) {
     23|     const err = new Error(
       |                 ^
     24|       `WASM_TOOLCHAIN_NOT_INSTALLED: kaspa-wasm ${KASPA_WASM_REFERENCE…
     25|         `Install it with: hardkas toolchain install kaspa-wasm`
 ❯ Module.silverP2shLock packages/core/src/silverscript-abi.ts:41:13
 ❯ Module.prepareSilverVmTests packages/core/src/silverscript-runner.ts:337:19
 ❯ prepare packages/core/test/silverscript-runner.test.ts:96:5
 ❯ packages/core/test/silverscript-runner.test.ts:99:21

⎯⎯⎯⎯⎯⎯⎯⎯⎯⎯⎯⎯⎯⎯⎯⎯⎯⎯⎯⎯⎯[90/323]⎯

 FAIL  packages/core/test/silverscript-runner.test.ts > prepareSilverVmTests > signs a signature slot for its account 
over the scenario
Error: WASM_TOOLCHAIN_NOT_INSTALLED: kaspa-wasm 2.1.0 is not installed at 
C:\Users\jrodr\AppData\Local\Temp\hardkas-hermetic-home-qjr6Ze\toolchains\kaspa-wasm\2.1.0.
Install it with: hardkas toolchain install kaspa-wasm
 ❯ Module.loadManagedKaspaWasmSync packages/core/src/kaspa-wasm.ts:23:17
     21|   const verification = verifyManagedToolchainSync(KASPA_WASM_REFERENCE…
     22|   if (!verification.installed) {
     23|     const err = new Error(
       |                 ^
     24|       `WASM_TOOLCHAIN_NOT_INSTALLED: kaspa-wasm ${KASPA_WASM_REFERENCE…
     25|         `Install it with: hardkas toolchain install kaspa-wasm`
 ❯ Module.silverP2shLock packages/core/src/silverscript-abi.ts:41:13
 ❯ Module.prepareSilverVmTests packages/core/src/silverscript-runner.ts:337:19
 ❯ prepare packages/core/test/silverscript-runner.test.ts:96:5
 ❯ packages/core/test/silverscript-runner.test.ts:112:21

⎯⎯⎯⎯⎯⎯⎯⎯⎯⎯⎯⎯⎯⎯⎯⎯⎯⎯⎯⎯⎯[91/323]⎯

 FAIL  packages/core/test/silverscript-runner.test.ts > prepareSilverVmTests > signs the runner's default scenario 
when a test has no tx
Error: WASM_TOOLCHAIN_NOT_INSTALLED: kaspa-wasm 2.1.0 is not installed at 
C:\Users\jrodr\AppData\Local\Temp\hardkas-hermetic-home-qjr6Ze\toolchains\kaspa-wasm\2.1.0.
Install it with: hardkas toolchain install kaspa-wasm
 ❯ Module.loadManagedKaspaWasmSync packages/core/src/kaspa-wasm.ts:23:17
     21|   const verification = verifyManagedToolchainSync(KASPA_WASM_REFERENCE…
     22|   if (!verification.installed) {
     23|     const err = new Error(
       |                 ^
     24|       `WASM_TOOLCHAIN_NOT_INSTALLED: kaspa-wasm ${KASPA_WASM_REFERENCE…
     25|         `Install it with: hardkas toolchain install kaspa-wasm`
 ❯ Module.silverP2shLock packages/core/src/silverscript-abi.ts:41:13
 ❯ Module.prepareSilverVmTests packages/core/src/silverscript-runner.ts:337:19
 ❯ prepare packages/core/test/silverscript-runner.test.ts:96:5
 ❯ packages/core/test/silverscript-runner.test.ts:121:21

⎯⎯⎯⎯⎯⎯⎯⎯⎯⎯⎯⎯⎯⎯⎯⎯⎯⎯⎯⎯⎯[92/323]⎯

 FAIL  packages/core/test/silverscript-runner.test.ts > prepareSilverVmTests > rejects what the runner would ignore or 
HardKAS cannot vouch for
AssertionError: expected 'WASM_TOOLCHAIN_NOT_INSTALLED' to be 'SILVER_TEST_FILE_INVALID' // Object.is equality

Expected: "SILVER_TEST_FILE_INVALID"
Received: "WASM_TOOLCHAIN_NOT_INSTALLED"

 ❯ packages/core/test/silverscript-runner.test.ts:131:150
    129|     expect(await code(prepare({ tests: [], extra: 1 }))).toBe("SILVER_…
    130|     expect(await code(prepare({ tests: [] }))).toBe("SILVER_TEST_FILE_…
    131|     expect(await code(prepare({ tests: [{ name: "t", function: "releas…
       |                                                                                                               
                                       ^
    132|     expect(await code(prepare(t({ expect: "passes" })))).toBe("SILVER_…
    133|     expect(await code(prepare(t({ expected: "pass" })))).toBe("SILVER_…

⎯⎯⎯⎯⎯⎯⎯⎯⎯⎯⎯⎯⎯⎯⎯⎯⎯⎯⎯⎯⎯[93/323]⎯

 FAIL  packages/core/test/silverscript-runner.test.ts > prepareSilverVmTests > allows signature slots only where the 
entry takes a sig, with a signer, in a plain P2SH scenario
AssertionError: expected 'WASM_TOOLCHAIN_NOT_INSTALLED' to be 'SILVER_TEST_SIGNER_UNAVAILABLE' // Object.is equality

Expected: "SILVER_TEST_SIGNER_UNAVAILABLE"
Received: "WASM_TOOLCHAIN_NOT_INSTALLED"

 ❯ packages/core/test/silverscript-runner.test.ts:143:119


⎯⎯⎯⎯⎯⎯⎯⎯⎯⎯⎯⎯⎯⎯⎯⎯⎯⎯⎯⎯⎯[94/323]⎯

 FAIL  packages/core/test/silverscript-runner.test.ts > prepareSilverVmTests > never echoes what a signer returned
AssertionError: expected 'WASM_TOOLCHAIN_NOT_INSTALLED' to be 'SILVER_TEST_SIGNER_FAILED' // Object.is equality

Expected: "SILVER_TEST_SIGNER_FAILED"
Received: "WASM_TOOLCHAIN_NOT_INSTALLED"

 ❯ packages/core/test/silverscript-runner.test.ts:154:22


⎯⎯⎯⎯⎯⎯⎯⎯⎯⎯⎯⎯⎯⎯⎯⎯⎯⎯⎯⎯⎯[95/323]⎯

 FAIL  packages/core/test/silverscript-runner.test.ts > runSilverVmTests (stand-in runner) > takes the runner's exit 
status as the verdict, one process per test
Error: WASM_TOOLCHAIN_NOT_INSTALLED: kaspa-wasm 2.1.0 is not installed at 
C:\Users\jrodr\AppData\Local\Temp\hardkas-hermetic-home-qjr6Ze\toolchains\kaspa-wasm\2.1.0.
Install it with: hardkas toolchain install kaspa-wasm
 ❯ Module.loadManagedKaspaWasmSync packages/core/src/kaspa-wasm.ts:23:17
     21|   const verification = verifyManagedToolchainSync(KASPA_WASM_REFERENCE…
     22|   if (!verification.installed) {
     23|     const err = new Error(
       |                 ^
     24|       `WASM_TOOLCHAIN_NOT_INSTALLED: kaspa-wasm ${KASPA_WASM_REFERENCE…
     25|         `Install it with: hardkas toolchain install kaspa-wasm`
 ❯ Module.silverP2shLock packages/core/src/silverscript-abi.ts:41:13
 ❯ Module.prepareSilverVmTests packages/core/src/silverscript-runner.ts:337:19
 ❯ prepared packages/core/test/silverscript-runner.test.ts:187:5
 ❯ packages/core/test/silverscript-runner.test.ts:190:21

⎯⎯⎯⎯⎯⎯⎯⎯⎯⎯⎯⎯⎯⎯⎯⎯⎯⎯⎯⎯⎯[96/323]⎯

 FAIL  packages/core/test/silverscript-runner.test.ts > runSilverVmTests (stand-in runner) > treats a silent success, 
a timeout and a runner that does not start as errors, never verdicts
AssertionError: expected 'WASM_TOOLCHAIN_NOT_INSTALLED' to be 'SILVER_RUNNER_OUTPUT_UNRECOGNIZED' // Object.is equality

Expected: "SILVER_RUNNER_OUTPUT_UNRECOGNIZED"
Received: "WASM_TOOLCHAIN_NOT_INSTALLED"

 ❯ packages/core/test/silverscript-runner.test.ts:203:114
    201| 
    202|   it("treats a silent success, a timeout and a runner that does not st…
    203|     expect(await code(prepared(["silent"]).then((p) => runSilverVmTest…
       |                                                                                                               
   ^
    204|     expect(await code(prepared(["hangs"]).then((p) => runSilverVmTests…
    205|     const missing = { ...runner, path: path.join(temp, "no-such-runner…

⎯⎯⎯⎯⎯⎯⎯⎯⎯⎯⎯⎯⎯⎯⎯⎯⎯⎯⎯⎯⎯[97/323]⎯

 FAIL  packages/dev-server/test/escrow-fail-closed.test.ts > escrow routes fail closed > fund refuses to spend from an 
account other than the buyer and persists nothing
AssertionError: expected 'WASM_TOOLCHAIN_NOT_INSTALLED: kaspa-w…' to match /^ESCROW_BUYER_ACCOUNT_NOT_FOUND/

- Expected: 
/^ESCROW_BUYER_ACCOUNT_NOT_FOUND/

+ Received: 
"WASM_TOOLCHAIN_NOT_INSTALLED: kaspa-wasm 2.1.0 is not installed at 
C:\\Users\\jrodr\\AppData\\Local\\Temp\\hardkas-hermetic-home-qjr6Ze\\toolchains\\kaspa-wasm\\2.1.0.
Install it with: hardkas toolchain install kaspa-wasm"

 ❯ packages/dev-server/test/escrow-fail-closed.test.ts:120:24
    118|     const body = await res.json();
    119|     expect(body.ok).toBe(false);
    120|     expect(body.error).toMatch(/^ESCROW_BUYER_ACCOUNT_NOT_FOUND/);
       |                        ^
    121|     expect(memoryStore.get(record.id)?.state).toBe("CREATED");
    122|     expect(memoryStore.get(record.id)?.funding.status).toBe("none");

⎯⎯⎯⎯⎯⎯⎯⎯⎯⎯⎯⎯⎯⎯⎯⎯⎯⎯⎯⎯⎯[98/323]⎯

 FAIL  packages/dev-server/test/escrow-fail-closed.test.ts > escrow routes fail closed > sign refuses to sign without 
the signer's key and stores no signature
AssertionError: expected 'WASM_TOOLCHAIN_NOT_INSTALLED: kaspa-w…' to match /^ESCROW_SIGNER_NOT_FOUND/

- Expected: 
/^ESCROW_SIGNER_NOT_FOUND/

+ Received: 
"WASM_TOOLCHAIN_NOT_INSTALLED: kaspa-wasm 2.1.0 is not installed at 
C:\\Users\\jrodr\\AppData\\Local\\Temp\\hardkas-hermetic-home-qjr6Ze\\toolchains\\kaspa-wasm\\2.1.0.
Install it with: hardkas toolchain install kaspa-wasm"

 ❯ packages/dev-server/test/escrow-fail-closed.test.ts:133:24
    131|     const body = await res.json();
    132|     expect(body.ok).toBe(false);
    133|     expect(body.error).toMatch(/^ESCROW_SIGNER_NOT_FOUND/);
       |                        ^
    134|     expect(memoryStore.get(record.id)?.signatures).toEqual({});
    135|     expect(memoryStore.get(record.id)?.state).toBe("PARTIALLY_SIGNED");

⎯⎯⎯⎯⎯⎯⎯⎯⎯⎯⎯⎯⎯⎯⎯⎯⎯⎯⎯⎯⎯[99/323]⎯

 FAIL  packages/dev-server/test/escrow-fail-closed.test.ts > escrow routes fail closed > sign finds the signer by its 
x-only key, and still refuses a draft that does not rebuild to its id
Error: WASM_TOOLCHAIN_NOT_INSTALLED: kaspa-wasm 2.1.0 is not installed at 
C:\Users\jrodr\AppData\Local\Temp\hardkas-hermetic-home-qjr6Ze\toolchains\kaspa-wasm\2.1.0.
Install it with: hardkas toolchain install kaspa-wasm
 ❯ Module.loadManagedKaspaWasmSync packages/core/src/kaspa-wasm.ts:23:17
     21|   const verification = verifyManagedToolchainSync(KASPA_WASM_REFERENCE…
     22|   if (!verification.installed) {
     23|     const err = new Error(
       |                 ^
     24|       `WASM_TOOLCHAIN_NOT_INSTALLED: kaspa-wasm ${KASPA_WASM_REFERENCE…
     25|         `Install it with: hardkas toolchain install kaspa-wasm`
 ❯ loadKaspaWasmSync packages/accounts/src/signer-backend.ts:32:10
 ❯ loadKaspaWasm packages/accounts/src/signer-backend.ts:43:12
 ❯ getOrCreateDevAccount packages/accounts/src/dev-accounts.ts:72:27
 ❯ packages/dev-server/test/escrow-fail-closed.test.ts:156:21

⎯⎯⎯⎯⎯⎯⎯⎯⎯⎯⎯⎯⎯⎯⎯⎯⎯⎯⎯⎯[100/323]⎯

 FAIL  packages/kaspa-rpc/test/upstream.test.ts > Node/Windows compatibility: the SDK's WebSocket 
(node-websocket-compat.ts) > officialRpcFactory gives the SDK the `ws` WebSocket when the global is still Node's
Error: WASM_TOOLCHAIN_NOT_INSTALLED: kaspa-wasm 2.1.0 is not installed at 
C:\Users\jrodr\AppData\Local\Temp\hardkas-hermetic-home-qjr6Ze\toolchains\kaspa-wasm\2.1.0.
Install it with: hardkas toolchain install kaspa-wasm
 ❯ Module.loadManagedKaspaWasmSync packages/core/src/kaspa-wasm.ts:23:17
     21|   const verification = verifyManagedToolchainSync(KASPA_WASM_REFERENCE…
     22|   if (!verification.installed) {
     23|     const err = new Error(
       |                 ^
     24|       `WASM_TOOLCHAIN_NOT_INSTALLED: kaspa-wasm ${KASPA_WASM_REFERENCE…
     25|         `Install it with: hardkas toolchain install kaspa-wasm`
 ❯ Module.officialRpcFactory packages/kaspa-rpc/src/upstream/session.ts:27:13
 ❯ packages/kaspa-rpc/test/upstream.test.ts:234:13

⎯⎯⎯⎯⎯⎯⎯⎯⎯⎯⎯⎯⎯⎯⎯⎯⎯⎯⎯⎯[101/323]⎯

 FAIL  packages/localnet/test/property.test.ts > Localnet Property Tests (fast-check) > should prevent double spending 
(invariant check)
AssertionError: expected false to be true // Object.is equality

- Expected
+ Received

- true
+ false

 ❯ packages/localnet/test/property.test.ts:151:21
    149|       systemRuntimeContext
    150|     );
    151|     expect(res1.ok).toBe(true);
       |                     ^
    152| 
    153|     // Try to spend again from the same account.

⎯⎯⎯⎯⎯⎯⎯⎯⎯⎯⎯⎯⎯⎯⎯⎯⎯⎯⎯⎯[102/323]⎯

 FAIL  packages/localnet/test/replay-determinism.test.ts > Deterministic Replay Injection > should produce the exact 
same receipt and trace for identical inputs across two different replays
AssertionError: expected false to be true // Object.is equality

- Expected
+ Received

- true
+ false

 ❯ packages/localnet/test/replay-determinism.test.ts:63:24
     61|     const result2 = applySimulatedPayment(initialState, input, mockCtx…
     62| 
     63|     expect(result1.ok).toBe(true);
       |                        ^
     64|     expect(result2.ok).toBe(true);
     65| 

⎯⎯⎯⎯⎯⎯⎯⎯⎯⎯⎯⎯⎯⎯⎯⎯⎯⎯⎯⎯[103/323]⎯

 FAIL  packages/localnet/test/replay-invariants.test.ts > Replay Invariants > should verify exact match for a 
successful transaction
Error: applySimulatedPayment failed: ["WASM_TOOLCHAIN_NOT_INSTALLED: kaspa-wasm 2.1.0 is not installed at 
C:\\Users\\jrodr\\AppData\\Local\\Temp\\hardkas-hermetic-home-qjr6Ze\\toolchains\\kaspa-wasm\\2.1.0.\nInstall it with: 
hardkas toolchain install kaspa-wasm"]
 ❯ packages/localnet/test/replay-invariants.test.ts:29:15
     27|     );
     28|     if (!result.ok) {
     29|         throw new Error("applySimulatedPayment failed: " + JSON.string…
       |               ^
     30|     }
     31| 

⎯⎯⎯⎯⎯⎯⎯⎯⎯⎯⎯⎯⎯⎯⎯⎯⎯⎯⎯⎯[104/323]⎯

 FAIL  packages/localnet/test/replay-invariants.test.ts > Replay Invariants > should fail if plan is mutated 
(contentHash mismatch)
Error: applySimulatedPayment failed in second test: ["WASM_TOOLCHAIN_NOT_INSTALLED: kaspa-wasm 2.1.0 is not installed 
at C:\\Users\\jrodr\\AppData\\Local\\Temp\\hardkas-hermetic-home-qjr6Ze\\toolchains\\kaspa-wasm\\2.1.0.\nInstall it 
with: hardkas toolchain install kaspa-wasm"]
 ❯ packages/localnet/test/replay-invariants.test.ts:54:15
     52|     );
     53|     if (!result.ok) {
     54|         throw new Error("applySimulatedPayment failed in second test: …
       |               ^
     55|     }
     56| 

⎯⎯⎯⎯⎯⎯⎯⎯⎯⎯⎯⎯⎯⎯⎯⎯⎯⎯⎯⎯[105/323]⎯

 FAIL  packages/localnet/test/replay-invariants.test.ts > Replay Invariants > should fail if preStateHash mismatch
Error: applySimulatedPayment failed in third test: ["WASM_TOOLCHAIN_NOT_INSTALLED: kaspa-wasm 2.1.0 is not installed 
at C:\\Users\\jrodr\\AppData\\Local\\Temp\\hardkas-hermetic-home-qjr6Ze\\toolchains\\kaspa-wasm\\2.1.0.\nInstall it 
with: hardkas toolchain install kaspa-wasm"]
 ❯ packages/localnet/test/replay-invariants.test.ts:79:15
     77|     );
     78|     if (!result.ok) {
     79|         throw new Error("applySimulatedPayment failed in third test: "…
       |               ^
     80|     }
     81| 

⎯⎯⎯⎯⎯⎯⎯⎯⎯⎯⎯⎯⎯⎯⎯⎯⎯⎯⎯⎯[106/323]⎯

 FAIL  packages/localnet/test/simulation-correctness.test.ts > Simulation Correctness > should perform atomic state 
transition on success
AssertionError: expected false to be true // Object.is equality

- Expected
+ Received

- true
+ false

 ❯ packages/localnet/test/simulation-correctness.test.ts:29:23
     27|     );
     28| 
     29|     expect(result.ok).toBe(true);
       |                       ^
     30|     expect(result.state.daaScore).toBe("1");
     31|     expect(result.receipt.preStateHash).toBe(preHash);

⎯⎯⎯⎯⎯⎯⎯⎯⎯⎯⎯⎯⎯⎯⎯⎯⎯⎯⎯⎯[107/323]⎯

 FAIL  packages/localnet/test/simulation-correctness.test.ts > Simulation Correctness > should reject double spend in 
subsequent transactions
AssertionError: expected false to be true // Object.is equality

- Expected
+ Received

- true
+ false

 ❯ packages/localnet/test/simulation-correctness.test.ts:76:24
     74|       systemRuntimeContext
     75|     );
     76|     expect(result1.ok).toBe(true);
       |                        ^
     77| 
     78|     // Alice tries to spend again using old state (should be fine if s…

⎯⎯⎯⎯⎯⎯⎯⎯⎯⎯⎯⎯⎯⎯⎯⎯⎯⎯⎯⎯[108/323]⎯

 FAIL  packages/localnet/test/simulation-correctness.test.ts > Simulation Correctness > should refuse dust outputs the 
node would not relay
AssertionError: expected 'WASM_TOOLCHAIN_NOT_INSTALLED: kaspa-w…' to contain 'TX_MASS_ABOVE_STANDARD_LIMIT'

- Expected
+ Received

- TX_MASS_ABOVE_STANDARD_LIMIT
+ WASM_TOOLCHAIN_NOT_INSTALLED: kaspa-wasm 2.1.0 is not installed at 
C:\Users\jrodr\AppData\Local\Temp\hardkas-hermetic-home-qjr6Ze\toolchains\kaspa-wasm\2.1.0.
+ Install it with: hardkas toolchain install kaspa-wasm

 ❯ packages/localnet/test/simulation-correctness.test.ts:157:30
    155|     expect(result.ok).toBe(false);
    156|     expect(result.errors.length).toBeGreaterThan(0);
    157|     expect(result.errors[0]).toContain("TX_MASS_ABOVE_STANDARD_LIMIT");
       |                              ^
    158|   });
    159| });

⎯⎯⎯⎯⎯⎯⎯⎯⎯⎯⎯⎯⎯⎯⎯⎯⎯⎯⎯⎯[109/323]⎯

 FAIL  packages/localnet/test/transactions.test.ts > Simulated Transactions > should spend sender UTXOs and create 
recipient/change UTXOs
AssertionError: expected '0' to be '1' // Object.is equality

Expected: "1"
Received: "0"

 ❯ packages/localnet/test/transactions.test.ts:48:28
     46| 
     47|     // Verify DAA score increment
     48|     expect(state.daaScore).toBe("1");
       |                            ^
     49|     expect(receipt.daaScore).toBe("1");
     50| 

⎯⎯⎯⎯⎯⎯⎯⎯⎯⎯⎯⎯⎯⎯⎯⎯⎯⎯⎯⎯[110/323]⎯

 FAIL  packages/localnet/test/transactions.test.ts > Simulated Transactions > should handle address as recipient
AssertionError: expected 10000000000n to be 10100000000n // Object.is equality

- Expected
+ Received

- 10100000000n
+ 10000000000n

 ❯ packages/localnet/test/transactions.test.ts:125:56
    123|     );
    124| 
    125|     expect(getAddressBalanceSompi(nextState, bobAddr)).toBe(BALANCE + …
       |                                                        ^
    126|   });
    127| });

⎯⎯⎯⎯⎯⎯⎯⎯⎯⎯⎯⎯⎯⎯⎯⎯⎯⎯⎯⎯[111/323]⎯

 FAIL  packages/localnet/test/wave1-3-domain-digests.test.ts > Wave 1.3 · T-N7 replay uses the digest of the receipt's 
declared version > a current (v5) receipt records current digests and replays cleanly
Error: WASM_TOOLCHAIN_NOT_INSTALLED: kaspa-wasm 2.1.0 is not installed at 
C:\Users\jrodr\AppData\Local\Temp\hardkas-hermetic-home-qjr6Ze\toolchains\kaspa-wasm\2.1.0.
Install it with: hardkas toolchain install kaspa-wasm
 ❯ execute packages/localnet/test/wave1-3-domain-digests.test.ts:127:27
    125|     initial.accounts[0] = { ...initial.accounts[0], status: "active" };
    126|     const result = applySimulatedPayment(initial, { from: "alice", to:…
    127|     if (!result.ok) throw new Error(result.errors.join(", "));
       |                           ^
    128|     expect(calculateStateHash(initial, { hashVersion: 4 })).not.toBe(c…
    129|     return { initial, result };
 ❯ packages/localnet/test/wave1-3-domain-digests.test.ts:133:33

⎯⎯⎯⎯⎯⎯⎯⎯⎯⎯⎯⎯⎯⎯⎯⎯⎯⎯⎯⎯[112/323]⎯

 FAIL  packages/localnet/test/wave1-3-domain-digests.test.ts > Wave 1.3 · T-N7 replay uses the digest of the receipt's 
declared version > a legacy v4 receipt (digests from canonical v4) replays with the legacy digest: no false 
preStateHash divergence
Error: WASM_TOOLCHAIN_NOT_INSTALLED: kaspa-wasm 2.1.0 is not installed at 
C:\Users\jrodr\AppData\Local\Temp\hardkas-hermetic-home-qjr6Ze\toolchains\kaspa-wasm\2.1.0.
Install it with: hardkas toolchain install kaspa-wasm
 ❯ execute packages/localnet/test/wave1-3-domain-digests.test.ts:127:27
    125|     initial.accounts[0] = { ...initial.accounts[0], status: "active" };
    126|     const result = applySimulatedPayment(initial, { from: "alice", to:…
    127|     if (!result.ok) throw new Error(result.errors.join(", "));
       |                           ^
    128|     expect(calculateStateHash(initial, { hashVersion: 4 })).not.toBe(c…
    129|     return { initial, result };
 ❯ packages/localnet/test/wave1-3-domain-digests.test.ts:142:33

⎯⎯⎯⎯⎯⎯⎯⎯⎯⎯⎯⎯⎯⎯⎯⎯⎯⎯⎯⎯[113/323]⎯

 FAIL  packages/localnet/test/wave1-3-domain-digests.test.ts > Wave 1.3 · T-N7 replay uses the digest of the receipt's 
declared version > control: a v5 receipt carrying legacy digests diverges (the declared version decides, nothing is 
retried)
Error: WASM_TOOLCHAIN_NOT_INSTALLED: kaspa-wasm 2.1.0 is not installed at 
C:\Users\jrodr\AppData\Local\Temp\hardkas-hermetic-home-qjr6Ze\toolchains\kaspa-wasm\2.1.0.
Install it with: hardkas toolchain install kaspa-wasm
 ❯ execute packages/localnet/test/wave1-3-domain-digests.test.ts:127:27
    125|     initial.accounts[0] = { ...initial.accounts[0], status: "active" };
    126|     const result = applySimulatedPayment(initial, { from: "alice", to:…
    127|     if (!result.ok) throw new Error(result.errors.join(", "));
       |                           ^
    128|     expect(calculateStateHash(initial, { hashVersion: 4 })).not.toBe(c…
    129|     return { initial, result };
 ❯ packages/localnet/test/wave1-3-domain-digests.test.ts:157:33

⎯⎯⎯⎯⎯⎯⎯⎯⎯⎯⎯⎯⎯⎯⎯⎯⎯⎯⎯⎯[114/323]⎯

 FAIL  packages/localnet/test/wave1-4-synthetic-txid.test.ts > Wave 1.4 · localnet synthetic txIds (N4) > a simulated 
payment's receipt carries synthetic-<planArtifactId>
AssertionError: expected false to be true // Object.is equality

- Expected
+ Received

- true
+ false

 ❯ packages/localnet/test/wave1-4-synthetic-txid.test.ts:14:23
     12|     const state = createInitialLocalnetState({ accounts: 2, initialBal…
     13|     const result = applySimulatedPayment(state, { from: "alice", to: "…
     14|     expect(result.ok).toBe(true);
       |                       ^
     15|     expect(result.planArtifact?.contentHash).toMatch(/^[0-9a-f]{64}$/);
     16|     expect(result.receipt.txId).toBe(`synthetic-${result.planArtifact!…

⎯⎯⎯⎯⎯⎯⎯⎯⎯⎯⎯⎯⎯⎯⎯⎯⎯⎯⎯⎯[115/323]⎯

 FAIL  packages/localnet/test/wave1-4-synthetic-txid.test.ts > Wave 1.4 · localnet synthetic txIds (N4) > 
applySimulatedPlan without an explicit txId derives the same synthetic id from the plan identity
AssertionError: expected false to be true // Object.is equality

- Expected
+ Received

- true
+ false

 ❯ packages/localnet/test/wave1-4-synthetic-txid.test.ts:23:22
     21|     const state = createInitialLocalnetState({ accounts: 2, initialBal…
     22|     const first = applySimulatedPayment(state, { from: "alice", to: "b…
     23|     expect(first.ok).toBe(true);
       |                      ^
     24|     const replayed = applySimulatedPlan(state, first.planArtifact!, ct…
     25|     expect(replayed.ok).toBe(true);

⎯⎯⎯⎯⎯⎯⎯⎯⎯⎯⎯⎯⎯⎯⎯⎯⎯⎯⎯⎯[116/323]⎯

 FAIL  packages/node-orchestrator/test/args.test.ts > node-orchestrator args > should add --devnet for devnet network
Error: WASM_TOOLCHAIN_NOT_INSTALLED: kaspa-wasm 2.1.0 is not installed at 
C:\Users\jrodr\AppData\Local\Temp\hardkas-hermetic-home-qjr6Ze\toolchains\kaspa-wasm\2.1.0.
Install it with: hardkas toolchain install kaspa-wasm
 ❯ Module.loadManagedKaspaWasmSync packages/core/src/kaspa-wasm.ts:23:17
     21|   const verification = verifyManagedToolchainSync(KASPA_WASM_REFERENCE…
     22|   if (!verification.installed) {
     23|     const err = new Error(
       |                 ^
     24|       `WASM_TOOLCHAIN_NOT_INSTALLED: kaspa-wasm ${KASPA_WASM_REFERENCE…
     25|         `Install it with: hardkas toolchain install kaspa-wasm`
 ❯ Module.defaultRpcListen packages/core/src/network-params.ts:93:13
 ❯ getDefaultRpcListen packages/node-orchestrator/src/paths.ts:66:10
 ❯ Module.resolveRuntimeConfig packages/node-orchestrator/src/paths.ts:48:41
 ❯ packages/node-orchestrator/test/args.test.ts:10:21

⎯⎯⎯⎯⎯⎯⎯⎯⎯⎯⎯⎯⎯⎯⎯⎯⎯⎯⎯⎯[117/323]⎯

 FAIL  packages/node-orchestrator/test/args.test.ts > node-orchestrator args > should add --testnet and --netsuffix 
for testnet-10
Error: WASM_TOOLCHAIN_NOT_INSTALLED: kaspa-wasm 2.1.0 is not installed at 
C:\Users\jrodr\AppData\Local\Temp\hardkas-hermetic-home-qjr6Ze\toolchains\kaspa-wasm\2.1.0.
Install it with: hardkas toolchain install kaspa-wasm
 ❯ Module.loadManagedKaspaWasmSync packages/core/src/kaspa-wasm.ts:23:17
     21|   const verification = verifyManagedToolchainSync(KASPA_WASM_REFERENCE…
     22|   if (!verification.installed) {
     23|     const err = new Error(
       |                 ^
     24|       `WASM_TOOLCHAIN_NOT_INSTALLED: kaspa-wasm ${KASPA_WASM_REFERENCE…
     25|         `Install it with: hardkas toolchain install kaspa-wasm`
 ❯ Module.defaultRpcListen packages/core/src/network-params.ts:93:13
 ❯ getDefaultRpcListen packages/node-orchestrator/src/paths.ts:66:10
 ❯ Module.resolveRuntimeConfig packages/node-orchestrator/src/paths.ts:48:41
 ❯ packages/node-orchestrator/test/args.test.ts:18:21

⎯⎯⎯⎯⎯⎯⎯⎯⎯⎯⎯⎯⎯⎯⎯⎯⎯⎯⎯⎯[118/323]⎯

 FAIL  packages/node-orchestrator/test/args.test.ts > node-orchestrator args > should add --testnet and --netsuffix 
for testnet-12
Error: WASM_TOOLCHAIN_NOT_INSTALLED: kaspa-wasm 2.1.0 is not installed at 
C:\Users\jrodr\AppData\Local\Temp\hardkas-hermetic-home-qjr6Ze\toolchains\kaspa-wasm\2.1.0.
Install it with: hardkas toolchain install kaspa-wasm
 ❯ Module.loadManagedKaspaWasmSync packages/core/src/kaspa-wasm.ts:23:17
     21|   const verification = verifyManagedToolchainSync(KASPA_WASM_REFERENCE…
     22|   if (!verification.installed) {
     23|     const err = new Error(
       |                 ^
     24|       `WASM_TOOLCHAIN_NOT_INSTALLED: kaspa-wasm ${KASPA_WASM_REFERENCE…
     25|         `Install it with: hardkas toolchain install kaspa-wasm`
 ❯ Module.defaultRpcListen packages/core/src/network-params.ts:93:13
 ❯ getDefaultRpcListen packages/node-orchestrator/src/paths.ts:66:10
 ❯ Module.resolveRuntimeConfig packages/node-orchestrator/src/paths.ts:48:41
 ❯ packages/node-orchestrator/test/args.test.ts:26:21

⎯⎯⎯⎯⎯⎯⎯⎯⎯⎯⎯⎯⎯⎯⎯⎯⎯⎯⎯⎯[119/323]⎯

 FAIL  packages/node-orchestrator/test/args.test.ts > node-orchestrator args > should not add --testnet or --devnet 
for mainnet
Error: WASM_TOOLCHAIN_NOT_INSTALLED: kaspa-wasm 2.1.0 is not installed at 
C:\Users\jrodr\AppData\Local\Temp\hardkas-hermetic-home-qjr6Ze\toolchains\kaspa-wasm\2.1.0.
Install it with: hardkas toolchain install kaspa-wasm
 ❯ Module.loadManagedKaspaWasmSync packages/core/src/kaspa-wasm.ts:23:17
     21|   const verification = verifyManagedToolchainSync(KASPA_WASM_REFERENCE…
     22|   if (!verification.installed) {
     23|     const err = new Error(
       |                 ^
     24|       `WASM_TOOLCHAIN_NOT_INSTALLED: kaspa-wasm ${KASPA_WASM_REFERENCE…
     25|         `Install it with: hardkas toolchain install kaspa-wasm`
 ❯ Module.defaultRpcListen packages/core/src/network-params.ts:93:13
 ❯ getDefaultRpcListen packages/node-orchestrator/src/paths.ts:66:10
 ❯ Module.resolveRuntimeConfig packages/node-orchestrator/src/paths.ts:48:41
 ❯ packages/node-orchestrator/test/args.test.ts:34:21

⎯⎯⎯⎯⎯⎯⎯⎯⎯⎯⎯⎯⎯⎯⎯⎯⎯⎯⎯⎯[120/323]⎯

 FAIL  packages/node-orchestrator/test/args.test.ts > node-orchestrator args > should add --utxoindex if enabled
Error: WASM_TOOLCHAIN_NOT_INSTALLED: kaspa-wasm 2.1.0 is not installed at 
C:\Users\jrodr\AppData\Local\Temp\hardkas-hermetic-home-qjr6Ze\toolchains\kaspa-wasm\2.1.0.
Install it with: hardkas toolchain install kaspa-wasm
 ❯ Module.loadManagedKaspaWasmSync packages/core/src/kaspa-wasm.ts:23:17
     21|   const verification = verifyManagedToolchainSync(KASPA_WASM_REFERENCE…
     22|   if (!verification.installed) {
     23|     const err = new Error(
       |                 ^
     24|       `WASM_TOOLCHAIN_NOT_INSTALLED: kaspa-wasm ${KASPA_WASM_REFERENCE…
     25|         `Install it with: hardkas toolchain install kaspa-wasm`
 ❯ Module.defaultRpcListen packages/core/src/network-params.ts:93:13
 ❯ getDefaultRpcListen packages/node-orchestrator/src/paths.ts:66:10
 ❯ Module.resolveRuntimeConfig packages/node-orchestrator/src/paths.ts:48:41
 ❯ packages/node-orchestrator/test/args.test.ts:42:21

⎯⎯⎯⎯⎯⎯⎯⎯⎯⎯⎯⎯⎯⎯⎯⎯⎯⎯⎯⎯[121/323]⎯

 FAIL  packages/node-orchestrator/test/args.test.ts > node-orchestrator args > defaults the RPC listen address to the 
SDK's port (the canonical localnet for simnet)
Error: WASM_TOOLCHAIN_NOT_INSTALLED: kaspa-wasm 2.1.0 is not installed at 
C:\Users\jrodr\AppData\Local\Temp\hardkas-hermetic-home-qjr6Ze\toolchains\kaspa-wasm\2.1.0.
Install it with: hardkas toolchain install kaspa-wasm
 ❯ Module.loadManagedKaspaWasmSync packages/core/src/kaspa-wasm.ts:23:17
     21|   const verification = verifyManagedToolchainSync(KASPA_WASM_REFERENCE…
     22|   if (!verification.installed) {
     23|     const err = new Error(
       |                 ^
     24|       `WASM_TOOLCHAIN_NOT_INSTALLED: kaspa-wasm ${KASPA_WASM_REFERENCE…
     25|         `Install it with: hardkas toolchain install kaspa-wasm`
 ❯ Module.defaultRpcListen packages/core/src/network-params.ts:93:13
 ❯ getDefaultRpcListen packages/node-orchestrator/src/paths.ts:66:10
 ❯ Module.resolveRuntimeConfig packages/node-orchestrator/src/paths.ts:48:41
 ❯ packages/node-orchestrator/test/args.test.ts:56:12

⎯⎯⎯⎯⎯⎯⎯⎯⎯⎯⎯⎯⎯⎯⎯⎯⎯⎯⎯⎯[122/323]⎯

 FAIL  packages/node-orchestrator/test/clean.test.ts > cleanKaspaNodeData > should delete dataDir if not running
Error: WASM_TOOLCHAIN_NOT_INSTALLED: kaspa-wasm 2.1.0 is not installed at 
C:\Users\jrodr\AppData\Local\Temp\hardkas-hermetic-home-qjr6Ze\toolchains\kaspa-wasm\2.1.0.
Install it with: hardkas toolchain install kaspa-wasm
 ❯ Module.loadManagedKaspaWasmSync packages/core/src/kaspa-wasm.ts:23:17
     21|   const verification = verifyManagedToolchainSync(KASPA_WASM_REFERENCE…
     22|   if (!verification.installed) {
     23|     const err = new Error(
       |                 ^
     24|       `WASM_TOOLCHAIN_NOT_INSTALLED: kaspa-wasm ${KASPA_WASM_REFERENCE…
     25|         `Install it with: hardkas toolchain install kaspa-wasm`
 ❯ Module.defaultRpcListen packages/core/src/network-params.ts:93:13
 ❯ getDefaultRpcListen packages/node-orchestrator/src/paths.ts:66:10
 ❯ Module.resolveRuntimeConfig packages/node-orchestrator/src/paths.ts:48:41
 ❯ Module.cleanKaspaNodeData packages/node-orchestrator/src/process.ts:110:19
 ❯ packages/node-orchestrator/test/clean.test.ts:16:11

⎯⎯⎯⎯⎯⎯⎯⎯⎯⎯⎯⎯⎯⎯⎯⎯⎯⎯⎯⎯[123/323]⎯

 FAIL  packages/node-orchestrator/test/doctor.test.ts > doctorKaspaNode > should report binary not found for 
improbable path
Error: WASM_TOOLCHAIN_NOT_INSTALLED: kaspa-wasm 2.1.0 is not installed at 
C:\Users\jrodr\AppData\Local\Temp\hardkas-hermetic-home-qjr6Ze\toolchains\kaspa-wasm\2.1.0.
Install it with: hardkas toolchain install kaspa-wasm
 ❯ Module.loadManagedKaspaWasmSync packages/core/src/kaspa-wasm.ts:23:17
     21|   const verification = verifyManagedToolchainSync(KASPA_WASM_REFERENCE…
     22|   if (!verification.installed) {
     23|     const err = new Error(
       |                 ^
     24|       `WASM_TOOLCHAIN_NOT_INSTALLED: kaspa-wasm ${KASPA_WASM_REFERENCE…
     25|         `Install it with: hardkas toolchain install kaspa-wasm`
 ❯ Module.defaultRpcListen packages/core/src/network-params.ts:93:13
 ❯ getDefaultRpcListen packages/node-orchestrator/src/paths.ts:66:10
 ❯ Module.resolveRuntimeConfig packages/node-orchestrator/src/paths.ts:48:41
 ❯ Module.doctorKaspaNode packages/node-orchestrator/src/status.ts:55:19
 ❯ packages/node-orchestrator/test/doctor.test.ts:6:26

⎯⎯⎯⎯⎯⎯⎯⎯⎯⎯⎯⎯⎯⎯⎯⎯⎯⎯⎯⎯[124/323]⎯

 FAIL  packages/node-orchestrator/test/doctor.test.ts > doctorKaspaNode > should report data dir not exists for new 
path
Error: WASM_TOOLCHAIN_NOT_INSTALLED: kaspa-wasm 2.1.0 is not installed at 
C:\Users\jrodr\AppData\Local\Temp\hardkas-hermetic-home-qjr6Ze\toolchains\kaspa-wasm\2.1.0.
Install it with: hardkas toolchain install kaspa-wasm
 ❯ Module.loadManagedKaspaWasmSync packages/core/src/kaspa-wasm.ts:23:17
     21|   const verification = verifyManagedToolchainSync(KASPA_WASM_REFERENCE…
     22|   if (!verification.installed) {
     23|     const err = new Error(
       |                 ^
     24|       `WASM_TOOLCHAIN_NOT_INSTALLED: kaspa-wasm ${KASPA_WASM_REFERENCE…
     25|         `Install it with: hardkas toolchain install kaspa-wasm`
 ❯ Module.defaultRpcListen packages/core/src/network-params.ts:93:13
 ❯ getDefaultRpcListen packages/node-orchestrator/src/paths.ts:66:10
 ❯ Module.resolveRuntimeConfig packages/node-orchestrator/src/paths.ts:48:41
 ❯ Module.doctorKaspaNode packages/node-orchestrator/src/status.ts:55:19
 ❯ packages/node-orchestrator/test/doctor.test.ts:16:26

⎯⎯⎯⎯⎯⎯⎯⎯⎯⎯⎯⎯⎯⎯⎯⎯⎯⎯⎯⎯[125/323]⎯

 FAIL  packages/sdk/test/fees.test.ts > HardkasFees > should gracefully fallback to heuristic when RPC fails
Error: WASM_TOOLCHAIN_NOT_INSTALLED: kaspa-wasm 2.1.0 is not installed at 
C:\Users\jrodr\AppData\Local\Temp\hardkas-hermetic-home-qjr6Ze\toolchains\kaspa-wasm\2.1.0.
Install it with: hardkas toolchain install kaspa-wasm
 ❯ Module.loadManagedKaspaWasmSync packages/core/src/kaspa-wasm.ts:23:17
     21|   const verification = verifyManagedToolchainSync(KASPA_WASM_REFERENCE…
     22|   if (!verification.installed) {
     23|     const err = new Error(
       |                 ^
     24|       `WASM_TOOLCHAIN_NOT_INSTALLED: kaspa-wasm ${KASPA_WASM_REFERENCE…
     25|         `Install it with: hardkas toolchain install kaspa-wasm`
 ❯ measureUpstreamMass packages/tx-builder/src/mass.ts:128:13
 ❯ calculateUpstreamMass packages/tx-builder/src/mass.ts:243:13
 ❯ shapeMass packages/tx-builder/src/mass.ts:286:10
 ❯ Module.estimateTransactionMass packages/tx-builder/src/mass.ts:306:16
 ❯ HardkasFees.estimate packages/sdk/src/fees.ts:41:26
 ❯ packages/sdk/test/fees.test.ts:51:21

⎯⎯⎯⎯⎯⎯⎯⎯⎯⎯⎯⎯⎯⎯⎯⎯⎯⎯⎯⎯[126/323]⎯

 FAIL  packages/sdk/test/hardening.test.ts > Core Hardening Sprint Regressions > [VULN-01] should throw a strict error 
if scriptPublicKey is missing in WASM signing
Error: WASM_TOOLCHAIN_NOT_INSTALLED: kaspa-wasm 2.1.0 is not installed at 
C:\Users\jrodr\AppData\Local\Temp\hardkas-hermetic-home-qjr6Ze\toolchains\kaspa-wasm\2.1.0.
Install it with: hardkas toolchain install kaspa-wasm
 ❯ Module.loadManagedKaspaWasmSync packages/core/src/kaspa-wasm.ts:23:17
     21|   const verification = verifyManagedToolchainSync(KASPA_WASM_REFERENCE…
     22|   if (!verification.installed) {
     23|     const err = new Error(
       |                 ^
     24|       `WASM_TOOLCHAIN_NOT_INSTALLED: kaspa-wasm ${KASPA_WASM_REFERENCE…
     25|         `Install it with: hardkas toolchain install kaspa-wasm`
 ❯ loadKaspaWasmSync packages/accounts/src/signer-backend.ts:32:10
 ❯ Module.loadKaspaWasm packages/accounts/src/signer-backend.ts:43:12
 ❯ packages/sdk/test/hardening.test.ts:83:84

⎯⎯⎯⎯⎯⎯⎯⎯⎯⎯⎯⎯⎯⎯⎯⎯⎯⎯⎯⎯[127/323]⎯

 FAIL  packages/sdk/test/hardening.test.ts > Core Hardening Sprint Regressions > [VULN-03] should produce an immutable 
receipt and seal tracePath before hashing
Error: COINBASE_MATURITY_UNRESOLVED: Cannot resolve the coinbase maturity for network 'simulated' 
(WASM_TOOLCHAIN_NOT_INSTALLED: kaspa-wasm 2.1.0 is not installed at 
C:\Users\jrodr\AppData\Local\Temp\hardkas-hermetic-home-qjr6Ze\toolchains\kaspa-wasm\2.1.0.
Install it with: hardkas toolchain install kaspa-wasm). Provide an explicit override.
 ❯ paramsError packages/core/src/network-params.ts:18:15
     16| 
     17| function paramsError(code: string, message: string): Error {
     18|   const err = new Error(`${code}: ${message}`);
       |               ^
     19|   (err as any).code = code;
     20|   return err;
 ❯ Module.getCoinbaseMaturity packages/core/src/network-params.ts:77:11
 ❯ HardkasTx.plan packages/sdk/src/tx.ts:450:30
 ❯ packages/sdk/test/hardening.test.ts:135:18

⎯⎯⎯⎯⎯⎯⎯⎯⎯⎯⎯⎯⎯⎯⎯⎯⎯⎯⎯⎯[128/323]⎯

 FAIL  packages/sdk/test/lifecycle-trust.test.ts > 0.12.0-rc.26 Lifecycle Integrity & Trust Boundary Tests > 1. Fake 
policyRefs rehashed must fail verification under strict mode
Error: COINBASE_MATURITY_UNRESOLVED: Cannot resolve the coinbase maturity for network 'simulated' 
(WASM_TOOLCHAIN_NOT_INSTALLED: kaspa-wasm 2.1.0 is not installed at 
C:\Users\jrodr\AppData\Local\Temp\hardkas-hermetic-home-qjr6Ze\toolchains\kaspa-wasm\2.1.0.
Install it with: hardkas toolchain install kaspa-wasm). Provide an explicit override.
 ❯ paramsError packages/core/src/network-params.ts:18:15
     16| 
     17| function paramsError(code: string, message: string): Error {
     18|   const err = new Error(`${code}: ${message}`);
       |               ^
     19|   (err as any).code = code;
     20|   return err;
 ❯ Module.getCoinbaseMaturity packages/core/src/network-params.ts:77:11
 ❯ HardkasTx.plan packages/sdk/src/tx.ts:450:30
 ❯ packages/sdk/test/lifecycle-trust.test.ts:47:18

⎯⎯⎯⎯⎯⎯⎯⎯⎯⎯⎯⎯⎯⎯⎯⎯⎯⎯⎯⎯[129/323]⎯

 FAIL  packages/sdk/test/lifecycle-trust.test.ts > 0.12.0-rc.26 Lifecycle Integrity & Trust Boundary Tests > 2. Policy 
DENY must fail plan creation and verification
AssertionError: expected [Function] to throw error including 'POLICY_VIOLATION' but got 'COINBASE_MATURITY_UNRESOLVED: 
Cannot …'

- Expected
+ Received

- POLICY_VIOLATION
+ COINBASE_MATURITY_UNRESOLVED: Cannot resolve the coinbase maturity for network 'simulated' 
(WASM_TOOLCHAIN_NOT_INSTALLED: kaspa-wasm 2.1.0 is not installed at 
C:\Users\jrodr\AppData\Local\Temp\hardkas-hermetic-home-qjr6Ze\toolchains\kaspa-wasm\2.1.0.
+ Install it with: hardkas toolchain install kaspa-wasm). Provide an explicit override.

 ❯ packages/sdk/test/lifecycle-trust.test.ts:102:5
    100| 
    101|     // Creating plan referencing a DENY policy must throw POLICY_VIOLA…
    102|     await expect(
       |     ^
    103|       sdk.tx.plan({
    104|         from: "alice",

⎯⎯⎯⎯⎯⎯⎯⎯⎯⎯⎯⎯⎯⎯⎯⎯⎯⎯⎯⎯[130/323]⎯

 FAIL  packages/sdk/test/lifecycle-trust.test.ts > 0.12.0-rc.26 Lifecycle Integrity & Trust Boundary Tests > 3. 
Deleted/missing policyRefs must fail strict verification
Error: COINBASE_MATURITY_UNRESOLVED: Cannot resolve the coinbase maturity for network 'simulated' 
(WASM_TOOLCHAIN_NOT_INSTALLED: kaspa-wasm 2.1.0 is not installed at 
C:\Users\jrodr\AppData\Local\Temp\hardkas-hermetic-home-qjr6Ze\toolchains\kaspa-wasm\2.1.0.
Install it with: hardkas toolchain install kaspa-wasm). Provide an explicit override.
 ❯ paramsError packages/core/src/network-params.ts:18:15
     16| 
     17| function paramsError(code: string, message: string): Error {
     18|   const err = new Error(`${code}: ${message}`);
       |               ^
     19|   (err as any).code = code;
     20|   return err;
 ❯ Module.getCoinbaseMaturity packages/core/src/network-params.ts:77:11
 ❯ HardkasTx.plan packages/sdk/src/tx.ts:450:30
 ❯ packages/sdk/test/lifecycle-trust.test.ts:115:18

⎯⎯⎯⎯⎯⎯⎯⎯⎯⎯⎯⎯⎯⎯⎯⎯⎯⎯⎯⎯[131/323]⎯

 FAIL  packages/sdk/test/lifecycle-trust.test.ts > 0.12.0-rc.26 Lifecycle Integrity & Trust Boundary Tests > 4. 
Missing policyRefs fails if strict verify runs
Error: COINBASE_MATURITY_UNRESOLVED: Cannot resolve the coinbase maturity for network 'simulated' 
(WASM_TOOLCHAIN_NOT_INSTALLED: kaspa-wasm 2.1.0 is not installed at 
C:\Users\jrodr\AppData\Local\Temp\hardkas-hermetic-home-qjr6Ze\toolchains\kaspa-wasm\2.1.0.
Install it with: hardkas toolchain install kaspa-wasm). Provide an explicit override.
 ❯ paramsError packages/core/src/network-params.ts:18:15
     16| 
     17| function paramsError(code: string, message: string): Error {
     18|   const err = new Error(`${code}: ${message}`);
       |               ^
     19|   (err as any).code = code;
     20|   return err;
 ❯ Module.getCoinbaseMaturity packages/core/src/network-params.ts:77:11
 ❯ HardkasTx.plan packages/sdk/src/tx.ts:450:30
 ❯ packages/sdk/test/lifecycle-trust.test.ts:136:18

⎯⎯⎯⎯⎯⎯⎯⎯⎯⎯⎯⎯⎯⎯⎯⎯⎯⎯⎯⎯[132/323]⎯

 FAIL  packages/sdk/test/lifecycle-trust.test.ts > 0.12.0-rc.26 Lifecycle Integrity & Trust Boundary Tests > 6. 
Corrupted lineage parentArtifactId must fail verification
Error: COINBASE_MATURITY_UNRESOLVED: Cannot resolve the coinbase maturity for network 'simulated' 
(WASM_TOOLCHAIN_NOT_INSTALLED: kaspa-wasm 2.1.0 is not installed at 
C:\Users\jrodr\AppData\Local\Temp\hardkas-hermetic-home-qjr6Ze\toolchains\kaspa-wasm\2.1.0.
Install it with: hardkas toolchain install kaspa-wasm). Provide an explicit override.
 ❯ paramsError packages/core/src/network-params.ts:18:15
     16| 
     17| function paramsError(code: string, message: string): Error {
     18|   const err = new Error(`${code}: ${message}`);
       |               ^
     19|   (err as any).code = code;
     20|   return err;
 ❯ Module.getCoinbaseMaturity packages/core/src/network-params.ts:77:11
 ❯ HardkasTx.plan packages/sdk/src/tx.ts:450:30
 ❯ packages/sdk/test/lifecycle-trust.test.ts:191:18

⎯⎯⎯⎯⎯⎯⎯⎯⎯⎯⎯⎯⎯⎯⎯⎯⎯⎯⎯⎯[133/323]⎯

 FAIL  packages/sdk/test/lifecycle-trust.test.ts > 0.12.0-rc.26 Lifecycle Integrity & Trust Boundary Tests > 7. 
Corrupted lineage sequence must fail verification
Error: COINBASE_MATURITY_UNRESOLVED: Cannot resolve the coinbase maturity for network 'simulated' 
(WASM_TOOLCHAIN_NOT_INSTALLED: kaspa-wasm 2.1.0 is not installed at 
C:\Users\jrodr\AppData\Local\Temp\hardkas-hermetic-home-qjr6Ze\toolchains\kaspa-wasm\2.1.0.
Install it with: hardkas toolchain install kaspa-wasm). Provide an explicit override.
 ❯ paramsError packages/core/src/network-params.ts:18:15
     16| 
     17| function paramsError(code: string, message: string): Error {
     18|   const err = new Error(`${code}: ${message}`);
       |               ^
     19|   (err as any).code = code;
     20|   return err;
 ❯ Module.getCoinbaseMaturity packages/core/src/network-params.ts:77:11
 ❯ HardkasTx.plan packages/sdk/src/tx.ts:450:30
 ❯ packages/sdk/test/lifecycle-trust.test.ts:226:18

⎯⎯⎯⎯⎯⎯⎯⎯⎯⎯⎯⎯⎯⎯⎯⎯⎯⎯⎯⎯[134/323]⎯

 FAIL  packages/sdk/test/lifecycle-trust.test.ts > 0.12.0-rc.26 Lifecycle Integrity & Trust Boundary Tests > 8. 
Simulate signed without plan context must fail with parent_plan_unresolved error
Error: COINBASE_MATURITY_UNRESOLVED: Cannot resolve the coinbase maturity for network 'simulated' 
(WASM_TOOLCHAIN_NOT_INSTALLED: kaspa-wasm 2.1.0 is not installed at 
C:\Users\jrodr\AppData\Local\Temp\hardkas-hermetic-home-qjr6Ze\toolchains\kaspa-wasm\2.1.0.
Install it with: hardkas toolchain install kaspa-wasm). Provide an explicit override.
 ❯ paramsError packages/core/src/network-params.ts:18:15
     16| 
     17| function paramsError(code: string, message: string): Error {
     18|   const err = new Error(`${code}: ${message}`);
       |               ^
     19|   (err as any).code = code;
     20|   return err;
 ❯ Module.getCoinbaseMaturity packages/core/src/network-params.ts:77:11
 ❯ HardkasTx.plan packages/sdk/src/tx.ts:450:30
 ❯ packages/sdk/test/lifecycle-trust.test.ts:267:18

⎯⎯⎯⎯⎯⎯⎯⎯⎯⎯⎯⎯⎯⎯⎯⎯⎯⎯⎯⎯[135/323]⎯

 FAIL  packages/sdk/test/lifecycle-trust.test.ts > 0.12.0-rc.26 Lifecycle Integrity & Trust Boundary Tests > 9. Replay 
rejecting lineage transitions
Error: COINBASE_MATURITY_UNRESOLVED: Cannot resolve the coinbase maturity for network 'simulated' 
(WASM_TOOLCHAIN_NOT_INSTALLED: kaspa-wasm 2.1.0 is not installed at 
C:\Users\jrodr\AppData\Local\Temp\hardkas-hermetic-home-qjr6Ze\toolchains\kaspa-wasm\2.1.0.
Install it with: hardkas toolchain install kaspa-wasm). Provide an explicit override.
 ❯ paramsError packages/core/src/network-params.ts:18:15
     16| 
     17| function paramsError(code: string, message: string): Error {
     18|   const err = new Error(`${code}: ${message}`);
       |               ^
     19|   (err as any).code = code;
     20|   return err;
 ❯ Module.getCoinbaseMaturity packages/core/src/network-params.ts:77:11
 ❯ HardkasTx.plan packages/sdk/src/tx.ts:450:30
 ❯ packages/sdk/test/lifecycle-trust.test.ts:296:18

⎯⎯⎯⎯⎯⎯⎯⎯⎯⎯⎯⎯⎯⎯⎯⎯⎯⎯⎯⎯[136/323]⎯

 FAIL  packages/sdk/test/mempool-aware-planning.test.ts > Mempool-Aware UTXO Selection (Regression) > tx2 must not 
reuse input from tx1 if tx1 is pending in mempool
Error: WASM_TOOLCHAIN_NOT_INSTALLED: kaspa-wasm 2.1.0 is not installed at 
C:\Users\jrodr\AppData\Local\Temp\hardkas-hermetic-home-qjr6Ze\toolchains\kaspa-wasm\2.1.0.
Install it with: hardkas toolchain install kaspa-wasm
 ❯ loadManagedKaspaWasmSync packages/core/src/kaspa-wasm.ts:23:17
     21|   const verification = verifyManagedToolchainSync(KASPA_WASM_REFERENCE…
     22|   if (!verification.installed) {
     23|     const err = new Error(
       |                 ^
     24|       `WASM_TOOLCHAIN_NOT_INSTALLED: kaspa-wasm ${KASPA_WASM_REFERENCE…
     25|         `Install it with: hardkas toolchain install kaspa-wasm`
 ❯ packages/sdk/test/mempool-aware-planning.test.ts:46:15

⎯⎯⎯⎯⎯⎯⎯⎯⎯⎯⎯⎯⎯⎯⎯⎯⎯⎯⎯⎯[137/323]⎯

 FAIL  packages/sdk/test/metadata-propagation.test.ts > Metadata Propagation and Heritage Tests > Plan -> Sign 
metadata propagation and strict verification
Error: COINBASE_MATURITY_UNRESOLVED: Cannot resolve the coinbase maturity for network 'simulated' 
(WASM_TOOLCHAIN_NOT_INSTALLED: kaspa-wasm 2.1.0 is not installed at 
C:\Users\jrodr\AppData\Local\Temp\hardkas-hermetic-home-qjr6Ze\toolchains\kaspa-wasm\2.1.0.
Install it with: hardkas toolchain install kaspa-wasm). Provide an explicit override.
 ❯ paramsError packages/core/src/network-params.ts:18:15
     16| 
     17| function paramsError(code: string, message: string): Error {
     18|   const err = new Error(`${code}: ${message}`);
       |               ^
     19|   (err as any).code = code;
     20|   return err;
 ❯ Module.getCoinbaseMaturity packages/core/src/network-params.ts:77:11
 ❯ HardkasTx.plan packages/sdk/src/tx.ts:450:30
 ❯ packages/sdk/test/metadata-propagation.test.ts:27:21

⎯⎯⎯⎯⎯⎯⎯⎯⎯⎯⎯⎯⎯⎯⎯⎯⎯⎯⎯⎯[138/323]⎯

 FAIL  packages/sdk/test/metadata-propagation.test.ts > Metadata Propagation and Heritage Tests > Full chain heritage 
and lineage tracking
Error: COINBASE_MATURITY_UNRESOLVED: Cannot resolve the coinbase maturity for network 'simulated' 
(WASM_TOOLCHAIN_NOT_INSTALLED: kaspa-wasm 2.1.0 is not installed at 
C:\Users\jrodr\AppData\Local\Temp\hardkas-hermetic-home-qjr6Ze\toolchains\kaspa-wasm\2.1.0.
Install it with: hardkas toolchain install kaspa-wasm). Provide an explicit override.
 ❯ paramsError packages/core/src/network-params.ts:18:15
     16| 
     17| function paramsError(code: string, message: string): Error {
     18|   const err = new Error(`${code}: ${message}`);
       |               ^
     19|   (err as any).code = code;
     20|   return err;
 ❯ Module.getCoinbaseMaturity packages/core/src/network-params.ts:77:11
 ❯ HardkasTx.plan packages/sdk/src/tx.ts:450:30
 ❯ packages/sdk/test/metadata-propagation.test.ts:72:21

⎯⎯⎯⎯⎯⎯⎯⎯⎯⎯⎯⎯⎯⎯⎯⎯⎯⎯⎯⎯[139/323]⎯

 FAIL  packages/sdk/test/multisig-adversarial.test.ts > Multisig Adversarial Suite > Case 1 & 4: Should support 
threshold 2 of 3 and reject append on signed
Error: COINBASE_MATURITY_UNRESOLVED: Cannot resolve the coinbase maturity for network 'simulated' 
(WASM_TOOLCHAIN_NOT_INSTALLED: kaspa-wasm 2.1.0 is not installed at 
C:\Users\jrodr\AppData\Local\Temp\hardkas-hermetic-home-qjr6Ze\toolchains\kaspa-wasm\2.1.0.
Install it with: hardkas toolchain install kaspa-wasm). Provide an explicit override.
 ❯ paramsError packages/core/src/network-params.ts:18:15
     16| 
     17| function paramsError(code: string, message: string): Error {
     18|   const err = new Error(`${code}: ${message}`);
       |               ^
     19|   (err as any).code = code;
     20|   return err;
 ❯ Module.getCoinbaseMaturity packages/core/src/network-params.ts:77:11
 ❯ HardkasTx.plan packages/sdk/src/tx.ts:450:30
 ❯ packages/sdk/test/multisig-adversarial.test.ts:43:18

⎯⎯⎯⎯⎯⎯⎯⎯⎯⎯⎯⎯⎯⎯⎯⎯⎯⎯⎯⎯[140/323]⎯

 FAIL  packages/sdk/test/multisig-adversarial.test.ts > Multisig Adversarial Suite > Case 2: Should reject duplicate 
signature
Error: COINBASE_MATURITY_UNRESOLVED: Cannot resolve the coinbase maturity for network 'simulated' 
(WASM_TOOLCHAIN_NOT_INSTALLED: kaspa-wasm 2.1.0 is not installed at 
C:\Users\jrodr\AppData\Local\Temp\hardkas-hermetic-home-qjr6Ze\toolchains\kaspa-wasm\2.1.0.
Install it with: hardkas toolchain install kaspa-wasm). Provide an explicit override.
 ❯ paramsError packages/core/src/network-params.ts:18:15
     16| 
     17| function paramsError(code: string, message: string): Error {
     18|   const err = new Error(`${code}: ${message}`);
       |               ^
     19|   (err as any).code = code;
     20|   return err;
 ❯ Module.getCoinbaseMaturity packages/core/src/network-params.ts:77:11
 ❯ HardkasTx.plan packages/sdk/src/tx.ts:450:30
 ❯ packages/sdk/test/multisig-adversarial.test.ts:75:18

⎯⎯⎯⎯⎯⎯⎯⎯⎯⎯⎯⎯⎯⎯⎯⎯⎯⎯⎯⎯[141/323]⎯

 FAIL  packages/sdk/test/multisig-adversarial.test.ts > Multisig Adversarial Suite > Case 3: Should reject 
unauthorized signer
Error: COINBASE_MATURITY_UNRESOLVED: Cannot resolve the coinbase maturity for network 'simulated' 
(WASM_TOOLCHAIN_NOT_INSTALLED: kaspa-wasm 2.1.0 is not installed at 
C:\Users\jrodr\AppData\Local\Temp\hardkas-hermetic-home-qjr6Ze\toolchains\kaspa-wasm\2.1.0.
Install it with: hardkas toolchain install kaspa-wasm). Provide an explicit override.
 ❯ paramsError packages/core/src/network-params.ts:18:15
     16| 
     17| function paramsError(code: string, message: string): Error {
     18|   const err = new Error(`${code}: ${message}`);
       |               ^
     19|   (err as any).code = code;
     20|   return err;
 ❯ Module.getCoinbaseMaturity packages/core/src/network-params.ts:77:11
 ❯ HardkasTx.plan packages/sdk/src/tx.ts:450:30
 ❯ packages/sdk/test/multisig-adversarial.test.ts:92:18

⎯⎯⎯⎯⎯⎯⎯⎯⎯⎯⎯⎯⎯⎯⎯⎯⎯⎯⎯⎯[142/323]⎯

 FAIL  packages/sdk/test/multisig-adversarial.test.ts > Multisig Adversarial Suite > Case 6: Random signature order 
order-invariance check (100 iterations)
Error: COINBASE_MATURITY_UNRESOLVED: Cannot resolve the coinbase maturity for network 'simulated' 
(WASM_TOOLCHAIN_NOT_INSTALLED: kaspa-wasm 2.1.0 is not installed at 
C:\Users\jrodr\AppData\Local\Temp\hardkas-hermetic-home-qjr6Ze\toolchains\kaspa-wasm\2.1.0.
Install it with: hardkas toolchain install kaspa-wasm). Provide an explicit override.
 ❯ paramsError packages/core/src/network-params.ts:18:15
     16| 
     17| function paramsError(code: string, message: string): Error {
     18|   const err = new Error(`${code}: ${message}`);
       |               ^
     19|   (err as any).code = code;
     20|   return err;
 ❯ Module.getCoinbaseMaturity packages/core/src/network-params.ts:77:11
 ❯ HardkasTx.plan packages/sdk/src/tx.ts:450:30
 ❯ packages/sdk/test/multisig-adversarial.test.ts:154:18

⎯⎯⎯⎯⎯⎯⎯⎯⎯⎯⎯⎯⎯⎯⎯⎯⎯⎯⎯⎯[143/323]⎯

 FAIL  packages/sdk/test/multisig-adversarial.test.ts > Multisig Adversarial Suite > Case 7: Manual corruption of 
signatures[] array
Error: COINBASE_MATURITY_UNRESOLVED: Cannot resolve the coinbase maturity for network 'simulated' 
(WASM_TOOLCHAIN_NOT_INSTALLED: kaspa-wasm 2.1.0 is not installed at 
C:\Users\jrodr\AppData\Local\Temp\hardkas-hermetic-home-qjr6Ze\toolchains\kaspa-wasm\2.1.0.
Install it with: hardkas toolchain install kaspa-wasm). Provide an explicit override.
 ❯ paramsError packages/core/src/network-params.ts:18:15
     16| 
     17| function paramsError(code: string, message: string): Error {
     18|   const err = new Error(`${code}: ${message}`);
       |               ^
     19|   (err as any).code = code;
     20|   return err;
 ❯ Module.getCoinbaseMaturity packages/core/src/network-params.ts:77:11
 ❯ HardkasTx.plan packages/sdk/src/tx.ts:450:30
 ❯ packages/sdk/test/multisig-adversarial.test.ts:185:18

⎯⎯⎯⎯⎯⎯⎯⎯⎯⎯⎯⎯⎯⎯⎯⎯⎯⎯⎯⎯[144/323]⎯

 FAIL  packages/sdk/test/multisig-adversarial.test.ts > Multisig Adversarial Suite > Case 8: Manual corruption of 
threshold value
Error: COINBASE_MATURITY_UNRESOLVED: Cannot resolve the coinbase maturity for network 'simulated' 
(WASM_TOOLCHAIN_NOT_INSTALLED: kaspa-wasm 2.1.0 is not installed at 
C:\Users\jrodr\AppData\Local\Temp\hardkas-hermetic-home-qjr6Ze\toolchains\kaspa-wasm\2.1.0.
Install it with: hardkas toolchain install kaspa-wasm). Provide an explicit override.
 ❯ paramsError packages/core/src/network-params.ts:18:15
     16| 
     17| function paramsError(code: string, message: string): Error {
     18|   const err = new Error(`${code}: ${message}`);
       |               ^
     19|   (err as any).code = code;
     20|   return err;
 ❯ Module.getCoinbaseMaturity packages/core/src/network-params.ts:77:11
 ❯ HardkasTx.plan packages/sdk/src/tx.ts:450:30
 ❯ packages/sdk/test/multisig-adversarial.test.ts:210:18

⎯⎯⎯⎯⎯⎯⎯⎯⎯⎯⎯⎯⎯⎯⎯⎯⎯⎯⎯⎯[145/323]⎯

 FAIL  packages/sdk/test/multisig-adversarial.test.ts > Multisig Adversarial Suite > Case 9: Manual corruption of 
requiredSigners list
Error: COINBASE_MATURITY_UNRESOLVED: Cannot resolve the coinbase maturity for network 'simulated' 
(WASM_TOOLCHAIN_NOT_INSTALLED: kaspa-wasm 2.1.0 is not installed at 
C:\Users\jrodr\AppData\Local\Temp\hardkas-hermetic-home-qjr6Ze\toolchains\kaspa-wasm\2.1.0.
Install it with: hardkas toolchain install kaspa-wasm). Provide an explicit override.
 ❯ paramsError packages/core/src/network-params.ts:18:15
     16| 
     17| function paramsError(code: string, message: string): Error {
     18|   const err = new Error(`${code}: ${message}`);
       |               ^
     19|   (err as any).code = code;
     20|   return err;
 ❯ Module.getCoinbaseMaturity packages/core/src/network-params.ts:77:11
 ❯ HardkasTx.plan packages/sdk/src/tx.ts:450:30
 ❯ packages/sdk/test/multisig-adversarial.test.ts:232:18

⎯⎯⎯⎯⎯⎯⎯⎯⎯⎯⎯⎯⎯⎯⎯⎯⎯⎯⎯⎯[146/323]⎯

 FAIL  packages/sdk/test/multisig-adversarial.test.ts > Multisig Adversarial Suite > Case 10: Lineage walk from 
partial and signed
Error: COINBASE_MATURITY_UNRESOLVED: Cannot resolve the coinbase maturity for network 'simulated' 
(WASM_TOOLCHAIN_NOT_INSTALLED: kaspa-wasm 2.1.0 is not installed at 
C:\Users\jrodr\AppData\Local\Temp\hardkas-hermetic-home-qjr6Ze\toolchains\kaspa-wasm\2.1.0.
Install it with: hardkas toolchain install kaspa-wasm). Provide an explicit override.
 ❯ paramsError packages/core/src/network-params.ts:18:15
     16| 
     17| function paramsError(code: string, message: string): Error {
     18|   const err = new Error(`${code}: ${message}`);
       |               ^
     19|   (err as any).code = code;
     20|   return err;
 ❯ Module.getCoinbaseMaturity packages/core/src/network-params.ts:77:11
 ❯ HardkasTx.plan packages/sdk/src/tx.ts:450:30
 ❯ packages/sdk/test/multisig-adversarial.test.ts:253:18

⎯⎯⎯⎯⎯⎯⎯⎯⎯⎯⎯⎯⎯⎯⎯⎯⎯⎯⎯⎯[147/323]⎯

 FAIL  packages/sdk/test/multisig.test.ts > P1 Multisig & Sequential Signing > should sequentially sign, transition 
status, and respect required signers
Error: COINBASE_MATURITY_UNRESOLVED: Cannot resolve the coinbase maturity for network 'simulated' 
(WASM_TOOLCHAIN_NOT_INSTALLED: kaspa-wasm 2.1.0 is not installed at 
C:\Users\jrodr\AppData\Local\Temp\hardkas-hermetic-home-qjr6Ze\toolchains\kaspa-wasm\2.1.0.
Install it with: hardkas toolchain install kaspa-wasm). Provide an explicit override.
 ❯ paramsError packages/core/src/network-params.ts:18:15
     16| 
     17| function paramsError(code: string, message: string): Error {
     18|   const err = new Error(`${code}: ${message}`);
       |               ^
     19|   (err as any).code = code;
     20|   return err;
 ❯ Module.getCoinbaseMaturity packages/core/src/network-params.ts:77:11
 ❯ HardkasTx.plan packages/sdk/src/tx.ts:450:30
 ❯ packages/sdk/test/multisig.test.ts:33:18

⎯⎯⎯⎯⎯⎯⎯⎯⎯⎯⎯⎯⎯⎯⎯⎯⎯⎯⎯⎯[148/323]⎯

 FAIL  packages/sdk/test/multisig.test.ts > P1 Multisig & Sequential Signing > should be order-invariant and produce 
identical contentHash regardless of signing sequence
Error: COINBASE_MATURITY_UNRESOLVED: Cannot resolve the coinbase maturity for network 'simulated' 
(WASM_TOOLCHAIN_NOT_INSTALLED: kaspa-wasm 2.1.0 is not installed at 
C:\Users\jrodr\AppData\Local\Temp\hardkas-hermetic-home-qjr6Ze\toolchains\kaspa-wasm\2.1.0.
Install it with: hardkas toolchain install kaspa-wasm). Provide an explicit override.
 ❯ paramsError packages/core/src/network-params.ts:18:15
     16| 
     17| function paramsError(code: string, message: string): Error {
     18|   const err = new Error(`${code}: ${message}`);
       |               ^
     19|   (err as any).code = code;
     20|   return err;
 ❯ Module.getCoinbaseMaturity packages/core/src/network-params.ts:77:11
 ❯ HardkasTx.plan packages/sdk/src/tx.ts:450:30
 ❯ packages/sdk/test/multisig.test.ts:90:19

⎯⎯⎯⎯⎯⎯⎯⎯⎯⎯⎯⎯⎯⎯⎯⎯⎯⎯⎯⎯[149/323]⎯

 FAIL  packages/sdk/test/simulated-send.test.ts > Simulated Send Parity > send(signed, { persist: true }) -> artifact 
exists on disk
Error: COINBASE_MATURITY_UNRESOLVED: Cannot resolve the coinbase maturity for network 'simulated' 
(WASM_TOOLCHAIN_NOT_INSTALLED: kaspa-wasm 2.1.0 is not installed at 
C:\Users\jrodr\AppData\Local\Temp\hardkas-hermetic-home-qjr6Ze\toolchains\kaspa-wasm\2.1.0.
Install it with: hardkas toolchain install kaspa-wasm). Provide an explicit override.
 ❯ paramsError packages/core/src/network-params.ts:18:15
     16| 
     17| function paramsError(code: string, message: string): Error {
     18|   const err = new Error(`${code}: ${message}`);
       |               ^
     19|   (err as any).code = code;
     20|   return err;
 ❯ Module.getCoinbaseMaturity packages/core/src/network-params.ts:77:11
 ❯ HardkasTx.plan packages/sdk/src/tx.ts:450:30
 ❯ packages/sdk/test/simulated-send.test.ts:27:18

⎯⎯⎯⎯⎯⎯⎯⎯⎯⎯⎯⎯⎯⎯⎯⎯⎯⎯⎯⎯[150/323]⎯

 FAIL  packages/sdk/test/simulated-send.test.ts > Simulated Send Parity > send(signed, { persist: false }) -> no 
receipt on disk and no crash
Error: COINBASE_MATURITY_UNRESOLVED: Cannot resolve the coinbase maturity for network 'simulated' 
(WASM_TOOLCHAIN_NOT_INSTALLED: kaspa-wasm 2.1.0 is not installed at 
C:\Users\jrodr\AppData\Local\Temp\hardkas-hermetic-home-qjr6Ze\toolchains\kaspa-wasm\2.1.0.
Install it with: hardkas toolchain install kaspa-wasm). Provide an explicit override.
 ❯ paramsError packages/core/src/network-params.ts:18:15
     16| 
     17| function paramsError(code: string, message: string): Error {
     18|   const err = new Error(`${code}: ${message}`);
       |               ^
     19|   (err as any).code = code;
     20|   return err;
 ❯ Module.getCoinbaseMaturity packages/core/src/network-params.ts:77:11
 ❯ HardkasTx.plan packages/sdk/src/tx.ts:450:30
 ❯ packages/sdk/test/simulated-send.test.ts:48:18

⎯⎯⎯⎯⎯⎯⎯⎯⎯⎯⎯⎯⎯⎯⎯⎯⎯⎯⎯⎯[151/323]⎯

 FAIL  packages/sdk/test/tamper-detection.test.ts > SDK Tamper Detection & Forensic Regression > should reject 
tampered signedTx during verify, simulate, and send
Error: COINBASE_MATURITY_UNRESOLVED: Cannot resolve the coinbase maturity for network 'simulated' 
(WASM_TOOLCHAIN_NOT_INSTALLED: kaspa-wasm 2.1.0 is not installed at 
C:\Users\jrodr\AppData\Local\Temp\hardkas-hermetic-home-qjr6Ze\toolchains\kaspa-wasm\2.1.0.
Install it with: hardkas toolchain install kaspa-wasm). Provide an explicit override.
 ❯ paramsError packages/core/src/network-params.ts:18:15
     16| 
     17| function paramsError(code: string, message: string): Error {
     18|   const err = new Error(`${code}: ${message}`);
       |               ^
     19|   (err as any).code = code;
     20|   return err;
 ❯ Module.getCoinbaseMaturity packages/core/src/network-params.ts:77:11
 ❯ HardkasTx.plan packages/sdk/src/tx.ts:450:30
 ❯ packages/sdk/test/tamper-detection.test.ts:28:18

⎯⎯⎯⎯⎯⎯⎯⎯⎯⎯⎯⎯⎯⎯⎯⎯⎯⎯⎯⎯[152/323]⎯

 FAIL  packages/sdk/test/tamper-detection.test.ts > SDK Tamper Detection & Forensic Regression > should reject 
tampered plan during verify and sign
Error: COINBASE_MATURITY_UNRESOLVED: Cannot resolve the coinbase maturity for network 'simulated' 
(WASM_TOOLCHAIN_NOT_INSTALLED: kaspa-wasm 2.1.0 is not installed at 
C:\Users\jrodr\AppData\Local\Temp\hardkas-hermetic-home-qjr6Ze\toolchains\kaspa-wasm\2.1.0.
Install it with: hardkas toolchain install kaspa-wasm). Provide an explicit override.
 ❯ paramsError packages/core/src/network-params.ts:18:15
     16| 
     17| function paramsError(code: string, message: string): Error {
     18|   const err = new Error(`${code}: ${message}`);
       |               ^
     19|   (err as any).code = code;
     20|   return err;
 ❯ Module.getCoinbaseMaturity packages/core/src/network-params.ts:77:11
 ❯ HardkasTx.plan packages/sdk/src/tx.ts:450:30
 ❯ packages/sdk/test/tamper-detection.test.ts:53:18

⎯⎯⎯⎯⎯⎯⎯⎯⎯⎯⎯⎯⎯⎯⎯⎯⎯⎯⎯⎯[153/323]⎯

 FAIL  packages/sdk/test/tamper-detection.test.ts > SDK Tamper Detection & Forensic Regression > should reject 
tampered receipt during replay verify
Error: COINBASE_MATURITY_UNRESOLVED: Cannot resolve the coinbase maturity for network 'simulated' 
(WASM_TOOLCHAIN_NOT_INSTALLED: kaspa-wasm 2.1.0 is not installed at 
C:\Users\jrodr\AppData\Local\Temp\hardkas-hermetic-home-qjr6Ze\toolchains\kaspa-wasm\2.1.0.
Install it with: hardkas toolchain install kaspa-wasm). Provide an explicit override.
 ❯ paramsError packages/core/src/network-params.ts:18:15
     16| 
     17| function paramsError(code: string, message: string): Error {
     18|   const err = new Error(`${code}: ${message}`);
       |               ^
     19|   (err as any).code = code;
     20|   return err;
 ❯ Module.getCoinbaseMaturity packages/core/src/network-params.ts:77:11
 ❯ HardkasTx.plan packages/sdk/src/tx.ts:450:30
 ❯ packages/sdk/test/tamper-detection.test.ts:67:18

⎯⎯⎯⎯⎯⎯⎯⎯⎯⎯⎯⎯⎯⎯⎯⎯⎯⎯⎯⎯[154/323]⎯

 FAIL  packages/sdk/test/v1-capabilities.test.ts > P82: TX V1 Capabilities Probe > should probe kaspa-wasm for V1 
support
Error: WASM_TOOLCHAIN_NOT_INSTALLED: kaspa-wasm 2.1.0 is not installed at 
C:\Users\jrodr\AppData\Local\Temp\hardkas-hermetic-home-qjr6Ze\toolchains\kaspa-wasm\2.1.0.
Install it with: hardkas toolchain install kaspa-wasm
 ❯ Module.loadManagedKaspaWasmSync packages/core/src/kaspa-wasm.ts:23:17
     21|   const verification = verifyManagedToolchainSync(KASPA_WASM_REFERENCE…
     22|   if (!verification.installed) {
     23|     const err = new Error(
       |                 ^
     24|       `WASM_TOOLCHAIN_NOT_INSTALLED: kaspa-wasm ${KASPA_WASM_REFERENCE…
     25|         `Install it with: hardkas toolchain install kaspa-wasm`
 ❯ loadKaspaWasmSync packages/accounts/src/signer-backend.ts:32:10
 ❯ Module.loadKaspaWasm packages/accounts/src/signer-backend.ts:43:12
 ❯ packages/sdk/test/v1-capabilities.test.ts:11:23

⎯⎯⎯⎯⎯⎯⎯⎯⎯⎯⎯⎯⎯⎯⎯⎯⎯⎯⎯⎯[155/323]⎯

 FAIL  packages/sdk/test/wave1-def1c-canonical-identity.test.ts > DEF-1c · canonical receipt identity is one across 
runtime/persistence/return > SDK-returned receipt.contentHash equals persisted receipt.contentHash on disk
Error: COINBASE_MATURITY_UNRESOLVED: Cannot resolve the coinbase maturity for network 'simulated' 
(WASM_TOOLCHAIN_NOT_INSTALLED: kaspa-wasm 2.1.0 is not installed at 
C:\Users\jrodr\AppData\Local\Temp\hardkas-hermetic-home-qjr6Ze\toolchains\kaspa-wasm\2.1.0.
Install it with: hardkas toolchain install kaspa-wasm). Provide an explicit override.
 ❯ paramsError packages/core/src/network-params.ts:18:15
     16| 
     17| function paramsError(code: string, message: string): Error {
     18|   const err = new Error(`${code}: ${message}`);
       |               ^
     19|   (err as any).code = code;
     20|   return err;
 ❯ Module.getCoinbaseMaturity packages/core/src/network-params.ts:77:11
 ❯ HardkasTx.plan packages/sdk/src/tx.ts:450:30
 ❯ runFullSimulatorLifecycle packages/sdk/test/wave1-def1c-canonical-identity.test.ts:54:16
 ❯ packages/sdk/test/wave1-def1c-canonical-identity.test.ts:65:28

⎯⎯⎯⎯⎯⎯⎯⎯⎯⎯⎯⎯⎯⎯⎯⎯⎯⎯⎯⎯[156/323]⎯

 FAIL  packages/sdk/test/wave1-def1c-canonical-identity.test.ts > DEF-1c · canonical receipt identity is one across 
runtime/persistence/return > persisted receipt's parentArtifactId resolves to the signed artifact on disk 
(fresh-process restart)
Error: COINBASE_MATURITY_UNRESOLVED: Cannot resolve the coinbase maturity for network 'simulated' 
(WASM_TOOLCHAIN_NOT_INSTALLED: kaspa-wasm 2.1.0 is not installed at 
C:\Users\jrodr\AppData\Local\Temp\hardkas-hermetic-home-qjr6Ze\toolchains\kaspa-wasm\2.1.0.
Install it with: hardkas toolchain install kaspa-wasm). Provide an explicit override.
 ❯ paramsError packages/core/src/network-params.ts:18:15
     16| 
     17| function paramsError(code: string, message: string): Error {
     18|   const err = new Error(`${code}: ${message}`);
       |               ^
     19|   (err as any).code = code;
     20|   return err;
 ❯ Module.getCoinbaseMaturity packages/core/src/network-params.ts:77:11
 ❯ HardkasTx.plan packages/sdk/src/tx.ts:450:30
 ❯ runFullSimulatorLifecycle packages/sdk/test/wave1-def1c-canonical-identity.test.ts:54:16
 ❯ packages/sdk/test/wave1-def1c-canonical-identity.test.ts:80:5

⎯⎯⎯⎯⎯⎯⎯⎯⎯⎯⎯⎯⎯⎯⎯⎯⎯⎯⎯⎯[157/323]⎯

 FAIL  packages/sdk/test/wave1-def1c-canonical-identity.test.ts > DEF-1c · canonical receipt identity is one across 
runtime/persistence/return > preStateHash and postStateHash survive as execution/state evidence, never as artifact 
parents
Error: COINBASE_MATURITY_UNRESOLVED: Cannot resolve the coinbase maturity for network 'simulated' 
(WASM_TOOLCHAIN_NOT_INSTALLED: kaspa-wasm 2.1.0 is not installed at 
C:\Users\jrodr\AppData\Local\Temp\hardkas-hermetic-home-qjr6Ze\toolchains\kaspa-wasm\2.1.0.
Install it with: hardkas toolchain install kaspa-wasm). Provide an explicit override.
 ❯ paramsError packages/core/src/network-params.ts:18:15
     16| 
     17| function paramsError(code: string, message: string): Error {
     18|   const err = new Error(`${code}: ${message}`);
       |               ^
     19|   (err as any).code = code;
     20|   return err;
 ❯ Module.getCoinbaseMaturity packages/core/src/network-params.ts:77:11
 ❯ HardkasTx.plan packages/sdk/src/tx.ts:450:30
 ❯ runFullSimulatorLifecycle packages/sdk/test/wave1-def1c-canonical-identity.test.ts:54:16
 ❯ packages/sdk/test/wave1-def1c-canonical-identity.test.ts:100:5

⎯⎯⎯⎯⎯⎯⎯⎯⎯⎯⎯⎯⎯⎯⎯⎯⎯⎯⎯⎯[158/323]⎯

 FAIL  packages/sdk/test/wave1-def1c-canonical-identity.test.ts > DEF-1c · canonical receipt identity is one across 
runtime/persistence/return > schema-owned lifecycle fields land on the canonical receipt (single construction)
Error: COINBASE_MATURITY_UNRESOLVED: Cannot resolve the coinbase maturity for network 'simulated' 
(WASM_TOOLCHAIN_NOT_INSTALLED: kaspa-wasm 2.1.0 is not installed at 
C:\Users\jrodr\AppData\Local\Temp\hardkas-hermetic-home-qjr6Ze\toolchains\kaspa-wasm\2.1.0.
Install it with: hardkas toolchain install kaspa-wasm). Provide an explicit override.
 ❯ paramsError packages/core/src/network-params.ts:18:15
     16| 
     17| function paramsError(code: string, message: string): Error {
     18|   const err = new Error(`${code}: ${message}`);
       |               ^
     19|   (err as any).code = code;
     20|   return err;
 ❯ Module.getCoinbaseMaturity packages/core/src/network-params.ts:77:11
 ❯ HardkasTx.plan packages/sdk/src/tx.ts:450:30
 ❯ runFullSimulatorLifecycle packages/sdk/test/wave1-def1c-canonical-identity.test.ts:54:16
 ❯ packages/sdk/test/wave1-def1c-canonical-identity.test.ts:117:28

⎯⎯⎯⎯⎯⎯⎯⎯⎯⎯⎯⎯⎯⎯⎯⎯⎯⎯⎯⎯[159/323]⎯

 FAIL  packages/sdk/test/wave1-def1c-canonical-identity.test.ts > DEF-1c · canonical receipt identity is one across 
runtime/persistence/return > execution-derived values (feeSompi, mass, spent/created UTXOs) survive on the canonical 
receipt
Error: COINBASE_MATURITY_UNRESOLVED: Cannot resolve the coinbase maturity for network 'simulated' 
(WASM_TOOLCHAIN_NOT_INSTALLED: kaspa-wasm 2.1.0 is not installed at 
C:\Users\jrodr\AppData\Local\Temp\hardkas-hermetic-home-qjr6Ze\toolchains\kaspa-wasm\2.1.0.
Install it with: hardkas toolchain install kaspa-wasm). Provide an explicit override.
 ❯ paramsError packages/core/src/network-params.ts:18:15
     16| 
     17| function paramsError(code: string, message: string): Error {
     18|   const err = new Error(`${code}: ${message}`);
       |               ^
     19|   (err as any).code = code;
     20|   return err;
 ❯ Module.getCoinbaseMaturity packages/core/src/network-params.ts:77:11
 ❯ HardkasTx.plan packages/sdk/src/tx.ts:450:30
 ❯ runFullSimulatorLifecycle packages/sdk/test/wave1-def1c-canonical-identity.test.ts:54:16
 ❯ packages/sdk/test/wave1-def1c-canonical-identity.test.ts:131:28

⎯⎯⎯⎯⎯⎯⎯⎯⎯⎯⎯⎯⎯⎯⎯⎯⎯⎯⎯⎯[160/323]⎯

 FAIL  packages/sdk/test/wave1-def1c-canonical-identity.test.ts > DEF-1c · canonical receipt identity is one across 
runtime/persistence/return > trace's parent is the canonical receipt (not a state hash, not a different identity)
Error: COINBASE_MATURITY_UNRESOLVED: Cannot resolve the coinbase maturity for network 'simulated' 
(WASM_TOOLCHAIN_NOT_INSTALLED: kaspa-wasm 2.1.0 is not installed at 
C:\Users\jrodr\AppData\Local\Temp\hardkas-hermetic-home-qjr6Ze\toolchains\kaspa-wasm\2.1.0.
Install it with: hardkas toolchain install kaspa-wasm). Provide an explicit override.
 ❯ paramsError packages/core/src/network-params.ts:18:15
     16| 
     17| function paramsError(code: string, message: string): Error {
     18|   const err = new Error(`${code}: ${message}`);
       |               ^
     19|   (err as any).code = code;
     20|   return err;
 ❯ Module.getCoinbaseMaturity packages/core/src/network-params.ts:77:11
 ❯ HardkasTx.plan packages/sdk/src/tx.ts:450:30
 ❯ runFullSimulatorLifecycle packages/sdk/test/wave1-def1c-canonical-identity.test.ts:54:16
 ❯ packages/sdk/test/wave1-def1c-canonical-identity.test.ts:142:5

⎯⎯⎯⎯⎯⎯⎯⎯⎯⎯⎯⎯⎯⎯⎯⎯⎯⎯⎯⎯[161/323]⎯

 FAIL  packages/sdk/test/wave1-def1c-canonical-identity.test.ts > DEF-1c · canonical receipt identity is one across 
runtime/persistence/return > duplicate simulator execution with identical deterministic inputs produces an identical 
canonical identity — no wrapper-timestamp fork
Error: COINBASE_MATURITY_UNRESOLVED: Cannot resolve the coinbase maturity for network 'simulated' 
(WASM_TOOLCHAIN_NOT_INSTALLED: kaspa-wasm 2.1.0 is not installed at 
C:\Users\jrodr\AppData\Local\Temp\hardkas-hermetic-home-qjr6Ze\toolchains\kaspa-wasm\2.1.0.
Install it with: hardkas toolchain install kaspa-wasm). Provide an explicit override.
 ❯ paramsError packages/core/src/network-params.ts:18:15
     16| 
     17| function paramsError(code: string, message: string): Error {
     18|   const err = new Error(`${code}: ${message}`);
       |               ^
     19|   (err as any).code = code;
     20|   return err;
 ❯ Module.getCoinbaseMaturity packages/core/src/network-params.ts:77:11
 ❯ HardkasTx.plan packages/sdk/src/tx.ts:450:30
 ❯ runFullSimulatorLifecycle packages/sdk/test/wave1-def1c-canonical-identity.test.ts:54:16
 ❯ packages/sdk/test/wave1-def1c-canonical-identity.test.ts:171:32

⎯⎯⎯⎯⎯⎯⎯⎯⎯⎯⎯⎯⎯⎯⎯⎯⎯⎯⎯⎯[162/323]⎯

 FAIL  packages/sdk/test/workflow-contract.test.ts > Workflow Runtime Contract > should orchestrate a workflow and 
produce a deterministic artifact
AssertionError: expected 'failed' to be 'completed' // Object.is equality

Expected: "completed"
Received: "failed"

 ❯ packages/sdk/test/workflow-contract.test.ts:55:29
     53|     }
     54|     expect(artifact.schema).toBe("hardkas.workflow.v1");
     55|     expect(artifact.status).toBe("completed");
       |                             ^
     56|     expect(artifact.steps).toHaveLength(2);
     57|     expect(artifact.steps[0].type).toBe("tx.plan");

⎯⎯⎯⎯⎯⎯⎯⎯⎯⎯⎯⎯⎯⎯⎯⎯⎯⎯⎯⎯[163/323]⎯

 FAIL  packages/sdk/test/workflow-contract.test.ts > Workflow Runtime Contract > should catch errors in steps and mark 
the workflow as failed
AssertionError: expected [ { type: 'tx.plan', …(4) } ] to have a length of 2 but got 1

- Expected
+ Received

- 2
+ 1

 ❯ packages/sdk/test/workflow-contract.test.ts:75:28
     73| 
     74|     expect(artifact.status).toBe("failed");
     75|     expect(artifact.steps).toHaveLength(2); // plan, and the failed si…
       |                            ^
     76|     expect(artifact.steps[1].type).toBe("simulate-failure");
     77|     expect(artifact.steps[1].status).toBe("failed");

⎯⎯⎯⎯⎯⎯⎯⎯⎯⎯⎯⎯⎯⎯⎯⎯⎯⎯⎯⎯[164/323]⎯

 FAIL  packages/simulator/test/mass-profile.test.ts > Mass Profiling > profileMass returns positive values
Error: WASM_TOOLCHAIN_NOT_INSTALLED: kaspa-wasm 2.1.0 is not installed at 
C:\Users\jrodr\AppData\Local\Temp\hardkas-hermetic-home-qjr6Ze\toolchains\kaspa-wasm\2.1.0.
Install it with: hardkas toolchain install kaspa-wasm
 ❯ Module.loadManagedKaspaWasmSync packages/core/src/kaspa-wasm.ts:23:17
     21|   const verification = verifyManagedToolchainSync(KASPA_WASM_REFERENCE…
     22|   if (!verification.installed) {
     23|     const err = new Error(
       |                 ^
     24|       `WASM_TOOLCHAIN_NOT_INSTALLED: kaspa-wasm ${KASPA_WASM_REFERENCE…
     25|         `Install it with: hardkas toolchain install kaspa-wasm`
 ❯ measureUpstreamMass packages/tx-builder/src/mass.ts:128:13
 ❯ calculateUpstreamMass packages/tx-builder/src/mass.ts:243:13
 ❯ shapeMass packages/tx-builder/src/mass.ts:286:10
 ❯ Module.estimateTransactionMass packages/tx-builder/src/mass.ts:306:16
 ❯ Module.profileMass packages/simulator/src/mass-profile.ts:71:18
 ❯ packages/simulator/test/mass-profile.test.ts:11:15

⎯⎯⎯⎯⎯⎯⎯⎯⎯⎯⎯⎯⎯⎯⎯⎯⎯⎯⎯⎯[165/323]⎯

 FAIL  packages/simulator/test/mass-profile.test.ts > Mass Profiling > more inputs = more mass
Error: WASM_TOOLCHAIN_NOT_INSTALLED: kaspa-wasm 2.1.0 is not installed at 
C:\Users\jrodr\AppData\Local\Temp\hardkas-hermetic-home-qjr6Ze\toolchains\kaspa-wasm\2.1.0.
Install it with: hardkas toolchain install kaspa-wasm
 ❯ Module.loadManagedKaspaWasmSync packages/core/src/kaspa-wasm.ts:23:17
     21|   const verification = verifyManagedToolchainSync(KASPA_WASM_REFERENCE…
     22|   if (!verification.installed) {
     23|     const err = new Error(
       |                 ^
     24|       `WASM_TOOLCHAIN_NOT_INSTALLED: kaspa-wasm ${KASPA_WASM_REFERENCE…
     25|         `Install it with: hardkas toolchain install kaspa-wasm`
 ❯ measureUpstreamMass packages/tx-builder/src/mass.ts:128:13
 ❯ calculateUpstreamMass packages/tx-builder/src/mass.ts:243:13
 ❯ shapeMass packages/tx-builder/src/mass.ts:286:10
 ❯ Module.estimateTransactionMass packages/tx-builder/src/mass.ts:306:16
 ❯ Module.profileMass packages/simulator/src/mass-profile.ts:71:18
 ❯ packages/simulator/test/mass-profile.test.ts:19:19

⎯⎯⎯⎯⎯⎯⎯⎯⎯⎯⎯⎯⎯⎯⎯⎯⎯⎯⎯⎯[166/323]⎯

 FAIL  packages/simulator/test/mass-profile.test.ts > Mass Profiling > higher fee rate = higher fee
Error: WASM_TOOLCHAIN_NOT_INSTALLED: kaspa-wasm 2.1.0 is not installed at 
C:\Users\jrodr\AppData\Local\Temp\hardkas-hermetic-home-qjr6Ze\toolchains\kaspa-wasm\2.1.0.
Install it with: hardkas toolchain install kaspa-wasm
 ❯ Module.loadManagedKaspaWasmSync packages/core/src/kaspa-wasm.ts:23:17
     21|   const verification = verifyManagedToolchainSync(KASPA_WASM_REFERENCE…
     22|   if (!verification.installed) {
     23|     const err = new Error(
       |                 ^
     24|       `WASM_TOOLCHAIN_NOT_INSTALLED: kaspa-wasm ${KASPA_WASM_REFERENCE…
     25|         `Install it with: hardkas toolchain install kaspa-wasm`
 ❯ measureUpstreamMass packages/tx-builder/src/mass.ts:128:13
 ❯ calculateUpstreamMass packages/tx-builder/src/mass.ts:243:13
 ❯ shapeMass packages/tx-builder/src/mass.ts:286:10
 ❯ Module.estimateTransactionMass packages/tx-builder/src/mass.ts:306:16
 ❯ Module.profileMass packages/simulator/src/mass-profile.ts:71:18
 ❯ packages/simulator/test/mass-profile.test.ts:25:17

⎯⎯⎯⎯⎯⎯⎯⎯⎯⎯⎯⎯⎯⎯⎯⎯⎯⎯⎯⎯[167/323]⎯

 FAIL  packages/simulator/test/mass-profile.test.ts > Mass Profiling > comparison detects regression
Error: WASM_TOOLCHAIN_NOT_INSTALLED: kaspa-wasm 2.1.0 is not installed at 
C:\Users\jrodr\AppData\Local\Temp\hardkas-hermetic-home-qjr6Ze\toolchains\kaspa-wasm\2.1.0.
Install it with: hardkas toolchain install kaspa-wasm
 ❯ Module.loadManagedKaspaWasmSync packages/core/src/kaspa-wasm.ts:23:17
     21|   const verification = verifyManagedToolchainSync(KASPA_WASM_REFERENCE…
     22|   if (!verification.installed) {
     23|     const err = new Error(
       |                 ^
     24|       `WASM_TOOLCHAIN_NOT_INSTALLED: kaspa-wasm ${KASPA_WASM_REFERENCE…
     25|         `Install it with: hardkas toolchain install kaspa-wasm`
 ❯ measureUpstreamMass packages/tx-builder/src/mass.ts:128:13
 ❯ calculateUpstreamMass packages/tx-builder/src/mass.ts:243:13
 ❯ shapeMass packages/tx-builder/src/mass.ts:286:10
 ❯ Module.estimateTransactionMass packages/tx-builder/src/mass.ts:306:16
 ❯ Module.profileMass packages/simulator/src/mass-profile.ts:71:18
 ❯ packages/simulator/test/mass-profile.test.ts:31:18

⎯⎯⎯⎯⎯⎯⎯⎯⎯⎯⎯⎯⎯⎯⎯⎯⎯⎯⎯⎯[168/323]⎯

 FAIL  packages/simulator/test/mass-profile.test.ts > Mass Profiling > comparison detects no regression
Error: WASM_TOOLCHAIN_NOT_INSTALLED: kaspa-wasm 2.1.0 is not installed at 
C:\Users\jrodr\AppData\Local\Temp\hardkas-hermetic-home-qjr6Ze\toolchains\kaspa-wasm\2.1.0.
Install it with: hardkas toolchain install kaspa-wasm
 ❯ Module.loadManagedKaspaWasmSync packages/core/src/kaspa-wasm.ts:23:17
     21|   const verification = verifyManagedToolchainSync(KASPA_WASM_REFERENCE…
     22|   if (!verification.installed) {
     23|     const err = new Error(
       |                 ^
     24|       `WASM_TOOLCHAIN_NOT_INSTALLED: kaspa-wasm ${KASPA_WASM_REFERENCE…
     25|         `Install it with: hardkas toolchain install kaspa-wasm`
 ❯ measureUpstreamMass packages/tx-builder/src/mass.ts:128:13
 ❯ calculateUpstreamMass packages/tx-builder/src/mass.ts:243:13
 ❯ shapeMass packages/tx-builder/src/mass.ts:286:10
 ❯ Module.estimateTransactionMass packages/tx-builder/src/mass.ts:306:16
 ❯ Module.profileMass packages/simulator/src/mass-profile.ts:71:18
 ❯ packages/simulator/test/mass-profile.test.ts:39:18

⎯⎯⎯⎯⎯⎯⎯⎯⎯⎯⎯⎯⎯⎯⎯⎯⎯⎯⎯⎯[169/323]⎯

 FAIL  packages/simulator/test/mass-profile.test.ts > Mass Profiling > formatMassProfile produces readable output
Error: WASM_TOOLCHAIN_NOT_INSTALLED: kaspa-wasm 2.1.0 is not installed at 
C:\Users\jrodr\AppData\Local\Temp\hardkas-hermetic-home-qjr6Ze\toolchains\kaspa-wasm\2.1.0.
Install it with: hardkas toolchain install kaspa-wasm
 ❯ Module.loadManagedKaspaWasmSync packages/core/src/kaspa-wasm.ts:23:17
     21|   const verification = verifyManagedToolchainSync(KASPA_WASM_REFERENCE…
     22|   if (!verification.installed) {
     23|     const err = new Error(
       |                 ^
     24|       `WASM_TOOLCHAIN_NOT_INSTALLED: kaspa-wasm ${KASPA_WASM_REFERENCE…
     25|         `Install it with: hardkas toolchain install kaspa-wasm`
 ❯ measureUpstreamMass packages/tx-builder/src/mass.ts:128:13
 ❯ calculateUpstreamMass packages/tx-builder/src/mass.ts:243:13
 ❯ shapeMass packages/tx-builder/src/mass.ts:286:10
 ❯ Module.estimateTransactionMass packages/tx-builder/src/mass.ts:306:16
 ❯ Module.profileMass packages/simulator/src/mass-profile.ts:71:18
 ❯ packages/simulator/test/mass-profile.test.ts:46:15

⎯⎯⎯⎯⎯⎯⎯⎯⎯⎯⎯⎯⎯⎯⎯⎯⎯⎯⎯⎯[170/323]⎯

 FAIL  packages/simulator/test/mass-profile.test.ts > Mass Profiling > formatMassComparison shows delta
Error: WASM_TOOLCHAIN_NOT_INSTALLED: kaspa-wasm 2.1.0 is not installed at 
C:\Users\jrodr\AppData\Local\Temp\hardkas-hermetic-home-qjr6Ze\toolchains\kaspa-wasm\2.1.0.
Install it with: hardkas toolchain install kaspa-wasm
 ❯ Module.loadManagedKaspaWasmSync packages/core/src/kaspa-wasm.ts:23:17
     21|   const verification = verifyManagedToolchainSync(KASPA_WASM_REFERENCE…
     22|   if (!verification.installed) {
     23|     const err = new Error(
       |                 ^
     24|       `WASM_TOOLCHAIN_NOT_INSTALLED: kaspa-wasm ${KASPA_WASM_REFERENCE…
     25|         `Install it with: hardkas toolchain install kaspa-wasm`
 ❯ measureUpstreamMass packages/tx-builder/src/mass.ts:128:13
 ❯ calculateUpstreamMass packages/tx-builder/src/mass.ts:243:13
 ❯ shapeMass packages/tx-builder/src/mass.ts:286:10
 ❯ Module.estimateTransactionMass packages/tx-builder/src/mass.ts:306:16
 ❯ Module.profileMass packages/simulator/src/mass-profile.ts:71:18
 ❯ packages/simulator/test/mass-profile.test.ts:54:18

⎯⎯⎯⎯⎯⎯⎯⎯⎯⎯⎯⎯⎯⎯⎯⎯⎯⎯⎯⎯[171/323]⎯

 FAIL  packages/simulator/test/mass-profile.test.ts > Mass Profiling > deterministic — same inputs same profile
Error: WASM_TOOLCHAIN_NOT_INSTALLED: kaspa-wasm 2.1.0 is not installed at 
C:\Users\jrodr\AppData\Local\Temp\hardkas-hermetic-home-qjr6Ze\toolchains\kaspa-wasm\2.1.0.
Install it with: hardkas toolchain install kaspa-wasm
 ❯ Module.loadManagedKaspaWasmSync packages/core/src/kaspa-wasm.ts:23:17
     21|   const verification = verifyManagedToolchainSync(KASPA_WASM_REFERENCE…
     22|   if (!verification.installed) {
     23|     const err = new Error(
       |                 ^
     24|       `WASM_TOOLCHAIN_NOT_INSTALLED: kaspa-wasm ${KASPA_WASM_REFERENCE…
     25|         `Install it with: hardkas toolchain install kaspa-wasm`
 ❯ measureUpstreamMass packages/tx-builder/src/mass.ts:128:13
 ❯ calculateUpstreamMass packages/tx-builder/src/mass.ts:243:13
 ❯ shapeMass packages/tx-builder/src/mass.ts:286:10
 ❯ Module.estimateTransactionMass packages/tx-builder/src/mass.ts:306:16
 ❯ Module.profileMass packages/simulator/src/mass-profile.ts:71:18
 ❯ packages/simulator/test/mass-profile.test.ts:63:15

⎯⎯⎯⎯⎯⎯⎯⎯⎯⎯⎯⎯⎯⎯⎯⎯⎯⎯⎯⎯[172/323]⎯

 FAIL  packages/testing/test/harness.test.ts > TestHarness > send returns accepted receipt
AssertionError: expected false to be true // Object.is equality

- Expected
+ Received

- true
+ false

 ❯ packages/testing/test/harness.test.ts:19:23
     17|       amountSompi: 10_000_000_000n
     18|     });
     19|     expect(result.ok).toBe(true);
       |                       ^
     20|     expect(result.receipt).toBeAccepted();
     21|   });

⎯⎯⎯⎯⎯⎯⎯⎯⎯⎯⎯⎯⎯⎯⎯⎯⎯⎯⎯⎯[173/323]⎯

 FAIL  packages/testing/test/harness.test.ts > TestHarness > send updates balances correctly
AssertionError: expected 0n to be 25000000000n // Object.is equality

- Expected
+ Received

- 25000000000n
+ 0n

 ❯ packages/testing/test/harness.test.ts:29:30
     27|     h.send({ from: alice!, to: bob!, amountSompi: 25_000_000_000n });
     28|     const postBob = h.balanceOf(bob!);
     29|     expect(postBob - preBob).toBe(25_000_000_000n);
       |                              ^
     30|   });
     31| 

⎯⎯⎯⎯⎯⎯⎯⎯⎯⎯⎯⎯⎯⎯⎯⎯⎯⎯⎯⎯[174/323]⎯

 FAIL  packages/testing/test/harness.test.ts > TestHarness > fixture applies setup transactions
Error: Fixture "funded-bob" failed during setup: alice -> bob (30000000000 sompi). Error: 
WASM_TOOLCHAIN_NOT_INSTALLED: kaspa-wasm 2.1.0 is not installed at 
C:\Users\jrodr\AppData\Local\Temp\hardkas-hermetic-home-qjr6Ze\toolchains\kaspa-wasm\2.1.0.
Install it with: hardkas toolchain install kaspa-wasm
 ❯ Module.createFixture packages/testing/src/fixtures.ts:31:15
     29|       const result = harness.send(tx);
     30|       if (!result.ok) {
     31|         throw new Error(
       |               ^
     32|           `Fixture "${def.name}" failed during setup: ${tx.from} -> ${…
     33|         );
 ❯ packages/testing/test/harness.test.ts:53:15

⎯⎯⎯⎯⎯⎯⎯⎯⎯⎯⎯⎯⎯⎯⎯⎯⎯⎯⎯⎯[175/323]⎯

 FAIL  packages/testing/test/mass-tracking.test.ts > Mass tracking > collects records when enabled
AssertionError: expected +0 to be 1 // Object.is equality

- Expected
+ Received

- 1
+ 0

 ❯ packages/testing/test/mass-tracking.test.ts:28:28
     26| 
     27|     const records = getMassRecords();
     28|     expect(records.length).toBe(1);
       |                            ^
     29|     expect(records[0]!.estimatedMass).toBeGreaterThan(0n);
     30|     expect(records[0]!.txId).toBeDefined();

⎯⎯⎯⎯⎯⎯⎯⎯⎯⎯⎯⎯⎯⎯⎯⎯⎯⎯⎯⎯[176/323]⎯

 FAIL  packages/testing/test/replay.test.ts > Deterministic Replay Verification > Success Path: replaying a valid 
transaction on clean state is reproducible bit-for-bit
AssertionError: expected false to be true // Object.is equality

- Expected
+ Received

- true
+ false

 ❯ packages/testing/test/replay.test.ts:22:23
     20|     });
     21| 
     22|     expect(result.ok).toBe(true);
       |                       ^
     23|     expect(result.receipt).toBeAccepted();
     24|     expect(result.plan).toBeDefined();

⎯⎯⎯⎯⎯⎯⎯⎯⎯⎯⎯⎯⎯⎯⎯⎯⎯⎯⎯⎯[177/323]⎯

 FAIL  packages/testing/test/replay.test.ts > Deterministic Replay Verification > Pre-state Mismatch: verification 
fails if the starting state has been modified
AssertionError: expected false to be true // Object.is equality

- Expected
+ Received

- true
+ false

 ❯ packages/testing/test/replay.test.ts:55:23
     53|     });
     54| 
     55|     expect(result.ok).toBe(true);
       |                       ^
     56| 
     57|     // Modify pre-state UTXOs to trigger a preStateHash divergence

⎯⎯⎯⎯⎯⎯⎯⎯⎯⎯⎯⎯⎯⎯⎯⎯⎯⎯⎯⎯[178/323]⎯

 FAIL  packages/testing/test/replay.test.ts > Deterministic Replay Verification > Plan Hash Mismatch: verification 
fails if the transaction plan was altered
AssertionError: expected false to be true // Object.is equality

- Expected
+ Received

- true
+ false

 ❯ packages/testing/test/replay.test.ts:90:23
     88|     });
     89| 
     90|     expect(result.ok).toBe(true);
       |                       ^
     91| 
     92|     // Modify transaction plan amount to trigger a contentHash mismatch

⎯⎯⎯⎯⎯⎯⎯⎯⎯⎯⎯⎯⎯⎯⎯⎯⎯⎯⎯⎯[179/323]⎯

 FAIL  packages/testing/test/replay.test.ts > Deterministic Replay Verification > Receipt Divergence: verification 
fails if execution results differ from original receipt
AssertionError: expected false to be true // Object.is equality

- Expected
+ Received

- true
+ false

 ❯ packages/testing/test/replay.test.ts:115:23
    113|     });
    114| 
    115|     expect(result.ok).toBe(true);
       |                       ^
    116| 
    117|     // Modify the receipt's fee estimation to trigger a receipt diverg…

⎯⎯⎯⎯⎯⎯⎯⎯⎯⎯⎯⎯⎯⎯⎯⎯⎯⎯⎯⎯[180/323]⎯

 FAIL  packages/testing/test/utxo-invariants.test.ts > Infrastructure Invariants: UTXO Stability > should maintain 
sum(inputs) == sum(outputs) + fee over 100 random transactions
AssertionError: expected false to be true // Object.is equality

- Expected
+ Received

- true
+ false

 ❯ packages/testing/test/utxo-invariants.test.ts:13:23
     11|     }
     12| 
     13|     expect(result.ok).toBe(true);
       |                       ^
     14|     expect(result.iterations).toBe(100);
     15|     // Payments below ~0.1 KAS are refused (storage mass); most random…

⎯⎯⎯⎯⎯⎯⎯⎯⎯⎯⎯⎯⎯⎯⎯⎯⎯⎯⎯⎯[181/323]⎯

 FAIL  packages/testing/test/wave0-def14-fixture-identity.test.ts > DEF-14 · HardkasFixtureSigner — bounded fixture 
identities > distinct known fixtures produce distinct simnet addresses
Error: WASM_TOOLCHAIN_NOT_INSTALLED: kaspa-wasm 2.1.0 is not installed at 
C:\Users\jrodr\AppData\Local\Temp\hardkas-hermetic-home-qjr6Ze\toolchains\kaspa-wasm\2.1.0.
Install it with: hardkas toolchain install kaspa-wasm
 ❯ Module.loadManagedKaspaWasmSync packages/core/src/kaspa-wasm.ts:23:17
     21|   const verification = verifyManagedToolchainSync(KASPA_WASM_REFERENCE…
     22|   if (!verification.installed) {
     23|     const err = new Error(
       |                 ^
     24|       `WASM_TOOLCHAIN_NOT_INSTALLED: kaspa-wasm ${KASPA_WASM_REFERENCE…
     25|         `Install it with: hardkas toolchain install kaspa-wasm`
 ❯ loadKaspaWasmSync packages/accounts/src/signer-backend.ts:32:10
 ❯ Module.loadKaspaWasm packages/accounts/src/signer-backend.ts:43:12
 ❯ HardkasFixtureSigner.loadKaspa packages/testing/src/fixture-signer.ts:138:12
 ❯ HardkasFixtureSigner.getAddress packages/testing/src/fixture-signer.ts:142:30
 ❯ packages/testing/test/wave0-def14-fixture-identity.test.ts:103:27

⎯⎯⎯⎯⎯⎯⎯⎯⎯⎯⎯⎯⎯⎯⎯⎯⎯⎯⎯⎯[182/323]⎯

 FAIL  packages/testing/test/wave0-def14-fixture-identity.test.ts > DEF-14 · HardkasFixtureSigner — bounded fixture 
identities > same fixture name is deterministic across signer instances
Error: WASM_TOOLCHAIN_NOT_INSTALLED: kaspa-wasm 2.1.0 is not installed at 
C:\Users\jrodr\AppData\Local\Temp\hardkas-hermetic-home-qjr6Ze\toolchains\kaspa-wasm\2.1.0.
Install it with: hardkas toolchain install kaspa-wasm
 ❯ Module.loadManagedKaspaWasmSync packages/core/src/kaspa-wasm.ts:23:17
     21|   const verification = verifyManagedToolchainSync(KASPA_WASM_REFERENCE…
     22|   if (!verification.installed) {
     23|     const err = new Error(
       |                 ^
     24|       `WASM_TOOLCHAIN_NOT_INSTALLED: kaspa-wasm ${KASPA_WASM_REFERENCE…
     25|         `Install it with: hardkas toolchain install kaspa-wasm`
 ❯ loadKaspaWasmSync packages/accounts/src/signer-backend.ts:32:10
 ❯ Module.loadKaspaWasm packages/accounts/src/signer-backend.ts:43:12
 ❯ HardkasFixtureSigner.loadKaspa packages/testing/src/fixture-signer.ts:138:12
 ❯ HardkasFixtureSigner.getAddress packages/testing/src/fixture-signer.ts:142:30
 ❯ packages/testing/test/wave0-def14-fixture-identity.test.ts:115:21

⎯⎯⎯⎯⎯⎯⎯⎯⎯⎯⎯⎯⎯⎯⎯⎯⎯⎯⎯⎯[183/323]⎯

 FAIL  packages/testing/test/wave0-def14-fixture-identity.test.ts > DEF-14 · HardkasFixtureSigner — bounded fixture 
identities > default identity is stable across the two ways to construct it
Error: WASM_TOOLCHAIN_NOT_INSTALLED: kaspa-wasm 2.1.0 is not installed at 
C:\Users\jrodr\AppData\Local\Temp\hardkas-hermetic-home-qjr6Ze\toolchains\kaspa-wasm\2.1.0.
Install it with: hardkas toolchain install kaspa-wasm
 ❯ Module.loadManagedKaspaWasmSync packages/core/src/kaspa-wasm.ts:23:17
     21|   const verification = verifyManagedToolchainSync(KASPA_WASM_REFERENCE…
     22|   if (!verification.installed) {
     23|     const err = new Error(
       |                 ^
     24|       `WASM_TOOLCHAIN_NOT_INSTALLED: kaspa-wasm ${KASPA_WASM_REFERENCE…
     25|         `Install it with: hardkas toolchain install kaspa-wasm`
 ❯ loadKaspaWasmSync packages/accounts/src/signer-backend.ts:32:10
 ❯ Module.loadKaspaWasm packages/accounts/src/signer-backend.ts:43:12
 ❯ HardkasFixtureSigner.loadKaspa packages/testing/src/fixture-signer.ts:138:12
 ❯ HardkasFixtureSigner.getAddress packages/testing/src/fixture-signer.ts:142:30
 ❯ packages/testing/test/wave0-def14-fixture-identity.test.ts:121:21

⎯⎯⎯⎯⎯⎯⎯⎯⎯⎯⎯⎯⎯⎯⎯⎯⎯⎯⎯⎯[184/323]⎯

 FAIL  packages/testing/test/wave0-def14-fixture-identity.test.ts > DEF-14 · HardkasFixtureSigner — bounded fixture 
identities > default is not aliased to any explicitly named fixture
Error: WASM_TOOLCHAIN_NOT_INSTALLED: kaspa-wasm 2.1.0 is not installed at 
C:\Users\jrodr\AppData\Local\Temp\hardkas-hermetic-home-qjr6Ze\toolchains\kaspa-wasm\2.1.0.
Install it with: hardkas toolchain install kaspa-wasm
 ❯ Module.loadManagedKaspaWasmSync packages/core/src/kaspa-wasm.ts:23:17
     21|   const verification = verifyManagedToolchainSync(KASPA_WASM_REFERENCE…
     22|   if (!verification.installed) {
     23|     const err = new Error(
       |                 ^
     24|       `WASM_TOOLCHAIN_NOT_INSTALLED: kaspa-wasm ${KASPA_WASM_REFERENCE…
     25|         `Install it with: hardkas toolchain install kaspa-wasm`
 ❯ loadKaspaWasmSync packages/accounts/src/signer-backend.ts:32:10
 ❯ Module.loadKaspaWasm packages/accounts/src/signer-backend.ts:43:12
 ❯ HardkasFixtureSigner.loadKaspa packages/testing/src/fixture-signer.ts:138:12
 ❯ HardkasFixtureSigner.getAddress packages/testing/src/fixture-signer.ts:142:30
 ❯ packages/testing/test/wave0-def14-fixture-identity.test.ts:127:22

⎯⎯⎯⎯⎯⎯⎯⎯⎯⎯⎯⎯⎯⎯⎯⎯⎯⎯⎯⎯[185/323]⎯

 FAIL  packages/testing/test/wave0-def14-fixture-identity.test.ts > DEF-14 · HardkasFixtureSigner — bounded fixture 
identities > fixture addresses are deterministic across fresh Node processes
Error: Command failed: node --input-type=module -e "import { HardkasFixtureSigner } from \"@hardkas/testing\"; const s 
= new HardkasFixtureSigner(\"simnet\", \"alice\"); console.log(await s.getAddress());"
file:///C:/Users/jrodr/Documents/kaslabdevs/GitHub/HardKas-repo/packages/core/dist/index.js:382
    const err = new Error(
                ^

Error: WASM_TOOLCHAIN_NOT_INSTALLED: kaspa-wasm 2.1.0 is not installed at 
C:\Users\jrodr\AppData\Local\Temp\hardkas-hermetic-home-qjr6Ze\toolchains\kaspa-wasm\2.1.0.
Install it with: hardkas toolchain install kaspa-wasm
    at loadManagedKaspaWasmSync 
(file:///C:/Users/jrodr/Documents/kaslabdevs/GitHub/HardKas-repo/packages/core/dist/index.js:382:17)
    at loadKaspaWasmSync 
(file:///C:/Users/jrodr/Documents/kaslabdevs/GitHub/HardKas-repo/packages/accounts/dist/chunk-BNF566PS.js:7:10)
    at loadKaspaWasm 
(file:///C:/Users/jrodr/Documents/kaslabdevs/GitHub/HardKas-repo/packages/accounts/dist/chunk-BNF566PS.js:12:12)
    at HardkasFixtureSigner.loadKaspa 
(file:///C:/Users/jrodr/Documents/kaslabdevs/GitHub/HardKas-repo/packages/testing/dist/index.js:119:12)
    at HardkasFixtureSigner.getAddress 
(file:///C:/Users/jrodr/Documents/kaslabdevs/GitHub/HardKas-repo/packages/testing/dist/index.js:122:30)
    at file:///C:/Users/jrodr/Documents/kaslabdevs/GitHub/HardKas-repo/[eval1]:1:133
    at ModuleJob.run (node:internal/modules/esm/module_job:437:25)
    at async node:internal/modules/esm/loader:246:26
    at async ModuleLoader.executeModuleJob (node:internal/modules/esm/loader:243:20)
    at async asyncRunEntryPointWithESMLoader (node:internal/modules/run_main:101:5) {
  code: 'WASM_TOOLCHAIN_NOT_INSTALLED'
}

Node.js v24.15.0

 ❯ [eval1]:1:133
 ❯ packages/testing/test/wave0-def14-fixture-identity.test.ts:154:18
    152|   it("fixture addresses are deterministic across fresh Node processes"…
    153|     const script = `import { HardkasFixtureSigner } from "@hardkas/tes…
    154|     const out1 = execSync(`node --input-type=module -e "${script.repla…
       |                  ^
    155|       encoding: "utf-8",
    156|       cwd: process.cwd()

⎯⎯⎯⎯⎯⎯⎯⎯⎯⎯⎯⎯⎯⎯⎯⎯⎯⎯⎯⎯[186/323]⎯

 FAIL  packages/toolkit/test/fee-estimator.test.ts > WalletToolkit Fee Estimation > should use dynamic fee estimator 
and return full evidence payload
Error: WASM_TOOLCHAIN_NOT_INSTALLED: kaspa-wasm 2.1.0 is not installed at 
C:\Users\jrodr\AppData\Local\Temp\hardkas-hermetic-home-qjr6Ze\toolchains\kaspa-wasm\2.1.0.
Install it with: hardkas toolchain install kaspa-wasm
 ❯ Module.loadManagedKaspaWasmSync packages/core/src/kaspa-wasm.ts:23:17
     21|   const verification = verifyManagedToolchainSync(KASPA_WASM_REFERENCE…
     22|   if (!verification.installed) {
     23|     const err = new Error(
       |                 ^
     24|       `WASM_TOOLCHAIN_NOT_INSTALLED: kaspa-wasm ${KASPA_WASM_REFERENCE…
     25|         `Install it with: hardkas toolchain install kaspa-wasm`
 ❯ packages/toolkit/test/fee-estimator.test.ts:21:19

⎯⎯⎯⎯⎯⎯⎯⎯⎯⎯⎯⎯⎯⎯⎯⎯⎯⎯⎯⎯[187/323]⎯

 FAIL  packages/toolkit/test/toolkit.test.ts > @hardkas/toolkit V1 > WalletToolkit > should instantiate and return 
address
Error: WASM_TOOLCHAIN_NOT_INSTALLED: kaspa-wasm 2.1.0 is not installed at 
C:\Users\jrodr\AppData\Local\Temp\hardkas-hermetic-home-qjr6Ze\toolchains\kaspa-wasm\2.1.0.
Install it with: hardkas toolchain install kaspa-wasm
 ❯ Module.loadManagedKaspaWasmSync packages/core/src/kaspa-wasm.ts:23:17
     21|   const verification = verifyManagedToolchainSync(KASPA_WASM_REFERENCE…
     22|   if (!verification.installed) {
     23|     const err = new Error(
       |                 ^
     24|       `WASM_TOOLCHAIN_NOT_INSTALLED: kaspa-wasm ${KASPA_WASM_REFERENCE…
     25|         `Install it with: hardkas toolchain install kaspa-wasm`
 ❯ Module.loadKaspaWasmSync packages/accounts/src/signer-backend.ts:32:10
 ❯ Object.derive packages/accounts/src/address-manager.ts:81:27
 ❯ WalletToolkit.receive packages/toolkit/src/wallet.ts:126:36
 ❯ packages/toolkit/test/toolkit.test.ts:21:39

⎯⎯⎯⎯⎯⎯⎯⎯⎯⎯⎯⎯⎯⎯⎯⎯⎯⎯⎯⎯[188/323]⎯

 FAIL  packages/toolkit/test/toolkit.test.ts > @hardkas/toolkit V1 > WalletToolkit > should estimate fee and plan send
Error: WASM_TOOLCHAIN_NOT_INSTALLED: kaspa-wasm 2.1.0 is not installed at 
C:\Users\jrodr\AppData\Local\Temp\hardkas-hermetic-home-qjr6Ze\toolchains\kaspa-wasm\2.1.0.
Install it with: hardkas toolchain install kaspa-wasm
 ❯ Module.loadManagedKaspaWasmSync packages/core/src/kaspa-wasm.ts:23:17
     21|   const verification = verifyManagedToolchainSync(KASPA_WASM_REFERENCE…
     22|   if (!verification.installed) {
     23|     const err = new Error(
       |                 ^
     24|       `WASM_TOOLCHAIN_NOT_INSTALLED: kaspa-wasm ${KASPA_WASM_REFERENCE…
     25|         `Install it with: hardkas toolchain install kaspa-wasm`
 ❯ Module.loadKaspaWasmSync packages/accounts/src/signer-backend.ts:32:10
 ❯ Object.derive packages/accounts/src/address-manager.ts:81:27
 ❯ WalletToolkit.receive packages/toolkit/src/wallet.ts:126:36
 ❯ WalletUtxoApi.fetchUtxos packages/toolkit/src/wallet.ts:103:41
 ❯ WalletUtxoApi.list packages/toolkit/src/utxos.ts:71:28
 ❯ packages/toolkit/test/toolkit.test.ts:35:46

⎯⎯⎯⎯⎯⎯⎯⎯⎯⎯⎯⎯⎯⎯⎯⎯⎯⎯⎯⎯[189/323]⎯

 FAIL  packages/tx-builder/test/determinism.test.ts > P1.12 Deterministic Transaction Canonicalization > Test A: RPC 
Order Randomization - shuffles available UTXOs and produces identical plans
Error: WASM_TOOLCHAIN_NOT_INSTALLED: kaspa-wasm 2.1.0 is not installed at 
C:\Users\jrodr\AppData\Local\Temp\hardkas-hermetic-home-qjr6Ze\toolchains\kaspa-wasm\2.1.0.
Install it with: hardkas toolchain install kaspa-wasm
 ❯ Module.loadManagedKaspaWasmSync packages/core/src/kaspa-wasm.ts:23:17
     21|   const verification = verifyManagedToolchainSync(KASPA_WASM_REFERENCE…
     22|   if (!verification.installed) {
     23|     const err = new Error(
       |                 ^
     24|       `WASM_TOOLCHAIN_NOT_INSTALLED: kaspa-wasm ${KASPA_WASM_REFERENCE…
     25|         `Install it with: hardkas toolchain install kaspa-wasm`
 ❯ measureUpstreamMass packages/tx-builder/src/mass.ts:128:13
 ❯ Module.calculateUpstreamMass packages/tx-builder/src/mass.ts:243:13
 ❯ feeFor packages/tx-builder/src/index.ts:166:18
 ❯ Module.buildPaymentPlan packages/tx-builder/src/index.ts:206:65
 ❯ packages/tx-builder/test/determinism.test.ts:177:20

⎯⎯⎯⎯⎯⎯⎯⎯⎯⎯⎯⎯⎯⎯⎯⎯⎯⎯⎯⎯[190/323]⎯

 FAIL  packages/tx-builder/test/determinism.test.ts > P1.12 Deterministic Transaction Canonicalization > Test B & C: 
Stable Plan Hash & Replay Stability
Error: WASM_TOOLCHAIN_NOT_INSTALLED: kaspa-wasm 2.1.0 is not installed at 
C:\Users\jrodr\AppData\Local\Temp\hardkas-hermetic-home-qjr6Ze\toolchains\kaspa-wasm\2.1.0.
Install it with: hardkas toolchain install kaspa-wasm
 ❯ Module.loadManagedKaspaWasmSync packages/core/src/kaspa-wasm.ts:23:17
     21|   const verification = verifyManagedToolchainSync(KASPA_WASM_REFERENCE…
     22|   if (!verification.installed) {
     23|     const err = new Error(
       |                 ^
     24|       `WASM_TOOLCHAIN_NOT_INSTALLED: kaspa-wasm ${KASPA_WASM_REFERENCE…
     25|         `Install it with: hardkas toolchain install kaspa-wasm`
 ❯ measureUpstreamMass packages/tx-builder/src/mass.ts:128:13
 ❯ Module.calculateUpstreamMass packages/tx-builder/src/mass.ts:243:13
 ❯ feeFor packages/tx-builder/src/index.ts:166:18
 ❯ Module.buildPaymentPlan packages/tx-builder/src/index.ts:206:65
 ❯ packages/tx-builder/test/determinism.test.ts:228:18

⎯⎯⎯⎯⎯⎯⎯⎯⎯⎯⎯⎯⎯⎯⎯⎯⎯⎯⎯⎯[191/323]⎯

 FAIL  packages/tx-builder/test/determinism.test.ts > P1.12 Deterministic Transaction Canonicalization > Test E: Equal 
Amount Tie-Breaking
Error: WASM_TOOLCHAIN_NOT_INSTALLED: kaspa-wasm 2.1.0 is not installed at 
C:\Users\jrodr\AppData\Local\Temp\hardkas-hermetic-home-qjr6Ze\toolchains\kaspa-wasm\2.1.0.
Install it with: hardkas toolchain install kaspa-wasm
 ❯ Module.loadManagedKaspaWasmSync packages/core/src/kaspa-wasm.ts:23:17
     21|   const verification = verifyManagedToolchainSync(KASPA_WASM_REFERENCE…
     22|   if (!verification.installed) {
     23|     const err = new Error(
       |                 ^
     24|       `WASM_TOOLCHAIN_NOT_INSTALLED: kaspa-wasm ${KASPA_WASM_REFERENCE…
     25|         `Install it with: hardkas toolchain install kaspa-wasm`
 ❯ measureUpstreamMass packages/tx-builder/src/mass.ts:128:13
 ❯ Module.calculateUpstreamMass packages/tx-builder/src/mass.ts:243:13
 ❯ feeFor packages/tx-builder/src/index.ts:166:18
 ❯ Module.buildPaymentPlan packages/tx-builder/src/index.ts:206:65
 ❯ packages/tx-builder/test/determinism.test.ts:410:18

⎯⎯⎯⎯⎯⎯⎯⎯⎯⎯⎯⎯⎯⎯⎯⎯⎯⎯⎯⎯[192/323]⎯

 FAIL  packages/tx-builder/test/determinism.test.ts > P1.12 Deterministic Transaction Canonicalization > Test F: 
Output Canonicalization + Change Separate Field
Error: WASM_TOOLCHAIN_NOT_INSTALLED: kaspa-wasm 2.1.0 is not installed at 
C:\Users\jrodr\AppData\Local\Temp\hardkas-hermetic-home-qjr6Ze\toolchains\kaspa-wasm\2.1.0.
Install it with: hardkas toolchain install kaspa-wasm
 ❯ Module.loadManagedKaspaWasmSync packages/core/src/kaspa-wasm.ts:23:17
     21|   const verification = verifyManagedToolchainSync(KASPA_WASM_REFERENCE…
     22|   if (!verification.installed) {
     23|     const err = new Error(
       |                 ^
     24|       `WASM_TOOLCHAIN_NOT_INSTALLED: kaspa-wasm ${KASPA_WASM_REFERENCE…
     25|         `Install it with: hardkas toolchain install kaspa-wasm`
 ❯ measureUpstreamMass packages/tx-builder/src/mass.ts:128:13
 ❯ Module.calculateUpstreamMass packages/tx-builder/src/mass.ts:243:13
 ❯ feeFor packages/tx-builder/src/index.ts:166:18
 ❯ Module.buildPaymentPlan packages/tx-builder/src/index.ts:206:65
 ❯ packages/tx-builder/test/determinism.test.ts:446:18

⎯⎯⎯⎯⎯⎯⎯⎯⎯⎯⎯⎯⎯⎯⎯⎯⎯⎯⎯⎯[193/323]⎯

 FAIL  packages/tx-builder/test/kaspa-wallet-adapter.test.ts > KaspaWalletAdapter — networkParamsUpstream > returns 
network params for simnet from the managed SDK
Error: WASM_TOOLCHAIN_NOT_INSTALLED: kaspa-wasm 2.1.0 is not installed at 
C:\Users\jrodr\AppData\Local\Temp\hardkas-hermetic-home-qjr6Ze\toolchains\kaspa-wasm\2.1.0.
Install it with: hardkas toolchain install kaspa-wasm
 ❯ Module.loadManagedKaspaWasmSync packages/core/src/kaspa-wasm.ts:23:17
     21|   const verification = verifyManagedToolchainSync(KASPA_WASM_REFERENCE…
     22|   if (!verification.installed) {
     23|     const err = new Error(
       |                 ^
     24|       `WASM_TOOLCHAIN_NOT_INSTALLED: kaspa-wasm ${KASPA_WASM_REFERENCE…
     25|         `Install it with: hardkas toolchain install kaspa-wasm`
 ❯ Module.networkParamsUpstream packages/tx-builder/src/kaspa-wallet-adapter.ts:93:24
 ❯ packages/tx-builder/test/kaspa-wallet-adapter.test.ts:24:15

⎯⎯⎯⎯⎯⎯⎯⎯⎯⎯⎯⎯⎯⎯⎯⎯⎯⎯⎯⎯[194/323]⎯

 FAIL  packages/tx-builder/test/kaspa-wallet-adapter.test.ts > KaspaWalletAdapter — buildTransactions (Generator wrap) 
> yields at least one PendingTransaction for a single-utxo, single-output plan
Error: WASM_TOOLCHAIN_NOT_INSTALLED: kaspa-wasm 2.1.0 is not installed at 
C:\Users\jrodr\AppData\Local\Temp\hardkas-hermetic-home-qjr6Ze\toolchains\kaspa-wasm\2.1.0.
Install it with: hardkas toolchain install kaspa-wasm
 ❯ Module.loadManagedKaspaWasmSync packages/core/src/kaspa-wasm.ts:23:17
     21|   const verification = verifyManagedToolchainSync(KASPA_WASM_REFERENCE…
     22|   if (!verification.installed) {
     23|     const err = new Error(
       |                 ^
     24|       `WASM_TOOLCHAIN_NOT_INSTALLED: kaspa-wasm ${KASPA_WASM_REFERENCE…
     25|         `Install it with: hardkas toolchain install kaspa-wasm`
 ❯ packages/tx-builder/test/kaspa-wallet-adapter.test.ts:34:15

⎯⎯⎯⎯⎯⎯⎯⎯⎯⎯⎯⎯⎯⎯⎯⎯⎯⎯⎯⎯[195/323]⎯

 FAIL  packages/tx-builder/test/kaspa-wallet-adapter.test.ts > KaspaWalletAdapter — estimateTransactionsUpstream (no 
invented padding) > returns a GeneratorSummary with fees, mass, and transaction count from upstream
Error: WASM_TOOLCHAIN_NOT_INSTALLED: kaspa-wasm 2.1.0 is not installed at 
C:\Users\jrodr\AppData\Local\Temp\hardkas-hermetic-home-qjr6Ze\toolchains\kaspa-wasm\2.1.0.
Install it with: hardkas toolchain install kaspa-wasm
 ❯ Module.loadManagedKaspaWasmSync packages/core/src/kaspa-wasm.ts:23:17
     21|   const verification = verifyManagedToolchainSync(KASPA_WASM_REFERENCE…
     22|   if (!verification.installed) {
     23|     const err = new Error(
       |                 ^
     24|       `WASM_TOOLCHAIN_NOT_INSTALLED: kaspa-wasm ${KASPA_WASM_REFERENCE…
     25|         `Install it with: hardkas toolchain install kaspa-wasm`
 ❯ packages/tx-builder/test/kaspa-wallet-adapter.test.ts:82:15

⎯⎯⎯⎯⎯⎯⎯⎯⎯⎯⎯⎯⎯⎯⎯⎯⎯⎯⎯⎯[196/323]⎯

 FAIL  packages/tx-builder/test/kaspa-wallet-adapter.test.ts > KaspaWalletAdapter — discoverUtxos (M10-D) > filters 
immature coinbases using upstream getNetworkParams coinbase maturity
Error: COINBASE_MATURITY_UNRESOLVED: Cannot resolve the coinbase maturity for network 'simnet' 
(WASM_TOOLCHAIN_NOT_INSTALLED: kaspa-wasm 2.1.0 is not installed at 
C:\Users\jrodr\AppData\Local\Temp\hardkas-hermetic-home-qjr6Ze\toolchains\kaspa-wasm\2.1.0.
Install it with: hardkas toolchain install kaspa-wasm). Provide an explicit override.
 ❯ paramsError packages/core/src/network-params.ts:18:15
     16| 
     17| function paramsError(code: string, message: string): Error {
     18|   const err = new Error(`${code}: ${message}`);
       |               ^
     19|   (err as any).code = code;
     20|   return err;
 ❯ Module.getCoinbaseMaturity packages/core/src/network-params.ts:77:11
 ❯ coinbaseMaturityOf packages/tx-builder/src/kaspa-wallet-adapter.ts:342:10
 ❯ discoverUtxos packages/tx-builder/src/kaspa-wallet-adapter.ts:290:20
 ❯ packages/tx-builder/test/kaspa-wallet-adapter.test.ts:148:26

⎯⎯⎯⎯⎯⎯⎯⎯⎯⎯⎯⎯⎯⎯⎯⎯⎯⎯⎯⎯[197/323]⎯

 FAIL  packages/tx-builder/test/kaspa-wallet-adapter.test.ts > KaspaWalletAdapter — discoverUtxos (M10-D) > 
includeImmatureCoinbase returns everything without filtering
Error: COINBASE_MATURITY_UNRESOLVED: Cannot resolve the coinbase maturity for network 'simnet' 
(WASM_TOOLCHAIN_NOT_INSTALLED: kaspa-wasm 2.1.0 is not installed at 
C:\Users\jrodr\AppData\Local\Temp\hardkas-hermetic-home-qjr6Ze\toolchains\kaspa-wasm\2.1.0.
Install it with: hardkas toolchain install kaspa-wasm). Provide an explicit override.
 ❯ paramsError packages/core/src/network-params.ts:18:15
     16| 
     17| function paramsError(code: string, message: string): Error {
     18|   const err = new Error(`${code}: ${message}`);
       |               ^
     19|   (err as any).code = code;
     20|   return err;
 ❯ Module.getCoinbaseMaturity packages/core/src/network-params.ts:77:11
 ❯ coinbaseMaturityOf packages/tx-builder/src/kaspa-wallet-adapter.ts:342:10
 ❯ discoverUtxos packages/tx-builder/src/kaspa-wallet-adapter.ts:290:20
 ❯ packages/tx-builder/test/kaspa-wallet-adapter.test.ts:166:26

⎯⎯⎯⎯⎯⎯⎯⎯⎯⎯⎯⎯⎯⎯⎯⎯⎯⎯⎯⎯[198/323]⎯

 FAIL  packages/tx-builder/test/mass-upstream.test.ts > M4: mass/fee authority is the pinned SDK > matches the node on 
the gauntlet transaction: mass 24396, fee 2439600
Error: WASM_TOOLCHAIN_NOT_INSTALLED: kaspa-wasm 2.1.0 is not installed at 
C:\Users\jrodr\AppData\Local\Temp\hardkas-hermetic-home-qjr6Ze\toolchains\kaspa-wasm\2.1.0.
Install it with: hardkas toolchain install kaspa-wasm
 ❯ Module.loadManagedKaspaWasmSync packages/core/src/kaspa-wasm.ts:23:17
     21|   const verification = verifyManagedToolchainSync(KASPA_WASM_REFERENCE…
     22|   if (!verification.installed) {
     23|     const err = new Error(
       |                 ^
     24|       `WASM_TOOLCHAIN_NOT_INSTALLED: kaspa-wasm ${KASPA_WASM_REFERENCE…
     25|         `Install it with: hardkas toolchain install kaspa-wasm`
 ❯ measureUpstreamMass packages/tx-builder/src/mass.ts:128:13
 ❯ Module.calculateUpstreamMass packages/tx-builder/src/mass.ts:243:13
 ❯ feeFor packages/tx-builder/src/index.ts:166:18
 ❯ Module.buildPaymentPlan packages/tx-builder/src/index.ts:222:24
 ❯ packages/tx-builder/test/mass-upstream.test.ts:40:18

⎯⎯⎯⎯⎯⎯⎯⎯⎯⎯⎯⎯⎯⎯⎯⎯⎯⎯⎯⎯[199/323]⎯

 FAIL  packages/tx-builder/test/mass-upstream.test.ts > M4: mass/fee authority is the pinned SDK > matches the node on 
the rc17 rejection: 1 P2PK input, 2 P2PK outputs = mass 2036
Error: WASM_TOOLCHAIN_NOT_INSTALLED: kaspa-wasm 2.1.0 is not installed at 
C:\Users\jrodr\AppData\Local\Temp\hardkas-hermetic-home-qjr6Ze\toolchains\kaspa-wasm\2.1.0.
Install it with: hardkas toolchain install kaspa-wasm
 ❯ Module.loadManagedKaspaWasmSync packages/core/src/kaspa-wasm.ts:23:17
     21|   const verification = verifyManagedToolchainSync(KASPA_WASM_REFERENCE…
     22|   if (!verification.installed) {
     23|     const err = new Error(
       |                 ^
     24|       `WASM_TOOLCHAIN_NOT_INSTALLED: kaspa-wasm ${KASPA_WASM_REFERENCE…
     25|         `Install it with: hardkas toolchain install kaspa-wasm`
 ❯ measureUpstreamMass packages/tx-builder/src/mass.ts:128:13
 ❯ Module.calculateUpstreamMass packages/tx-builder/src/mass.ts:243:13
 ❯ packages/tx-builder/test/mass-upstream.test.ts:53:15

⎯⎯⎯⎯⎯⎯⎯⎯⎯⎯⎯⎯⎯⎯⎯⎯⎯⎯⎯⎯[200/323]⎯

 FAIL  packages/tx-builder/test/mass-upstream.test.ts > M4: mass/fee authority is the pinned SDK > computes on the 
unsigned transaction: the SDK would double-count signatures on a signed one
Error: WASM_TOOLCHAIN_NOT_INSTALLED: kaspa-wasm 2.1.0 is not installed at 
C:\Users\jrodr\AppData\Local\Temp\hardkas-hermetic-home-qjr6Ze\toolchains\kaspa-wasm\2.1.0.
Install it with: hardkas toolchain install kaspa-wasm
 ❯ Module.loadManagedKaspaWasmSync packages/core/src/kaspa-wasm.ts:23:17
     21|   const verification = verifyManagedToolchainSync(KASPA_WASM_REFERENCE…
     22|   if (!verification.installed) {
     23|     const err = new Error(
       |                 ^
     24|       `WASM_TOOLCHAIN_NOT_INSTALLED: kaspa-wasm ${KASPA_WASM_REFERENCE…
     25|         `Install it with: hardkas toolchain install kaspa-wasm`
 ❯ packages/tx-builder/test/mass-upstream.test.ts:66:15

⎯⎯⎯⎯⎯⎯⎯⎯⎯⎯⎯⎯⎯⎯⎯⎯⎯⎯⎯⎯[201/323]⎯

 FAIL  packages/tx-builder/test/mass-upstream.test.ts > M4: mass/fee authority is the pinned SDK > treats outpoint ids 
and unparseable identities as mass-neutral placeholders, and says so
Error: WASM_TOOLCHAIN_NOT_INSTALLED: kaspa-wasm 2.1.0 is not installed at 
C:\Users\jrodr\AppData\Local\Temp\hardkas-hermetic-home-qjr6Ze\toolchains\kaspa-wasm\2.1.0.
Install it with: hardkas toolchain install kaspa-wasm
 ❯ Module.loadManagedKaspaWasmSync packages/core/src/kaspa-wasm.ts:23:17
     21|   const verification = verifyManagedToolchainSync(KASPA_WASM_REFERENCE…
     22|   if (!verification.installed) {
     23|     const err = new Error(
       |                 ^
     24|       `WASM_TOOLCHAIN_NOT_INSTALLED: kaspa-wasm ${KASPA_WASM_REFERENCE…
     25|         `Install it with: hardkas toolchain install kaspa-wasm`
 ❯ measureUpstreamMass packages/tx-builder/src/mass.ts:128:13
 ❯ Module.calculateUpstreamMass packages/tx-builder/src/mass.ts:243:13
 ❯ packages/tx-builder/test/mass-upstream.test.ts:107:18

⎯⎯⎯⎯⎯⎯⎯⎯⎯⎯⎯⎯⎯⎯⎯⎯⎯⎯⎯⎯[202/323]⎯

 FAIL  packages/tx-builder/test/mass-upstream.test.ts > M4: mass/fee authority is the pinned SDK > includes storage 
mass, which depends on amounts (KIP-9)
Error: WASM_TOOLCHAIN_NOT_INSTALLED: kaspa-wasm 2.1.0 is not installed at 
C:\Users\jrodr\AppData\Local\Temp\hardkas-hermetic-home-qjr6Ze\toolchains\kaspa-wasm\2.1.0.
Install it with: hardkas toolchain install kaspa-wasm
 ❯ Module.loadManagedKaspaWasmSync packages/core/src/kaspa-wasm.ts:23:17
     21|   const verification = verifyManagedToolchainSync(KASPA_WASM_REFERENCE…
     22|   if (!verification.installed) {
     23|     const err = new Error(
       |                 ^
     24|       `WASM_TOOLCHAIN_NOT_INSTALLED: kaspa-wasm ${KASPA_WASM_REFERENCE…
     25|         `Install it with: hardkas toolchain install kaspa-wasm`
 ❯ measureUpstreamMass packages/tx-builder/src/mass.ts:128:13
 ❯ Module.calculateUpstreamMass packages/tx-builder/src/mass.ts:243:13
 ❯ packages/tx-builder/test/mass-upstream.test.ts:125:20

⎯⎯⎯⎯⎯⎯⎯⎯⎯⎯⎯⎯⎯⎯⎯⎯⎯⎯⎯⎯[203/323]⎯

 FAIL  packages/tx-builder/test/mass-upstream.test.ts > M4: mass/fee authority is the pinned SDK > refuses a fee 
override below the node's minimum
AssertionError: expected [Function] to throw error matching /FEE_BELOW_NETWORK_MINIMUM/ but got 
'WASM_TOOLCHAIN_NOT_INSTALLED: kaspa-w…'

- Expected: 
/FEE_BELOW_NETWORK_MINIMUM/

+ Received: 
"WASM_TOOLCHAIN_NOT_INSTALLED: kaspa-wasm 2.1.0 is not installed at 
C:\\Users\\jrodr\\AppData\\Local\\Temp\\hardkas-hermetic-home-qjr6Ze\\toolchains\\kaspa-wasm\\2.1.0.
Install it with: hardkas toolchain install kaspa-wasm"

 ❯ packages/tx-builder/test/mass-upstream.test.ts:155:88
    153| 
    154|   it("refuses a fee override below the node's minimum", () => {
    155|     expect(() => buildPaymentPlan({ ...gauntletRequest, feeOverrideSom…
       |                                                                                        ^
    156|     const plan = buildPaymentPlan({ ...gauntletRequest, feeOverrideSom…
    157|     expect(plan.estimatedFeeSompi).toBe(2439600n);

⎯⎯⎯⎯⎯⎯⎯⎯⎯⎯⎯⎯⎯⎯⎯⎯⎯⎯⎯⎯[204/323]⎯

 FAIL  packages/tx-builder/test/mass-upstream.test.ts > M4: mass/fee authority is the pinned SDK > charges the whole 
remainder as fee when change would be dust, keeping value conservation exact
Error: WASM_TOOLCHAIN_NOT_INSTALLED: kaspa-wasm 2.1.0 is not installed at 
C:\Users\jrodr\AppData\Local\Temp\hardkas-hermetic-home-qjr6Ze\toolchains\kaspa-wasm\2.1.0.
Install it with: hardkas toolchain install kaspa-wasm
 ❯ Module.loadManagedKaspaWasmSync packages/core/src/kaspa-wasm.ts:23:17
     21|   const verification = verifyManagedToolchainSync(KASPA_WASM_REFERENCE…
     22|   if (!verification.installed) {
     23|     const err = new Error(
       |                 ^
     24|       `WASM_TOOLCHAIN_NOT_INSTALLED: kaspa-wasm ${KASPA_WASM_REFERENCE…
     25|         `Install it with: hardkas toolchain install kaspa-wasm`
 ❯ measureUpstreamMass packages/tx-builder/src/mass.ts:128:13
 ❯ Module.calculateUpstreamMass packages/tx-builder/src/mass.ts:243:13
 ❯ feeFor packages/tx-builder/src/index.ts:166:18
 ❯ Module.buildPaymentPlan packages/tx-builder/src/index.ts:206:65
 ❯ packages/tx-builder/test/mass-upstream.test.ts:162:18

⎯⎯⎯⎯⎯⎯⎯⎯⎯⎯⎯⎯⎯⎯⎯⎯⎯⎯⎯⎯[205/323]⎯

 FAIL  packages/tx-builder/test/mass-upstream.test.ts > M4: mass/fee authority is the pinned SDK > verification 
recomputes with the SDK and flags a fee below the node's minimum
Error: WASM_TOOLCHAIN_NOT_INSTALLED: kaspa-wasm 2.1.0 is not installed at 
C:\Users\jrodr\AppData\Local\Temp\hardkas-hermetic-home-qjr6Ze\toolchains\kaspa-wasm\2.1.0.
Install it with: hardkas toolchain install kaspa-wasm
 ❯ Module.loadManagedKaspaWasmSync packages/core/src/kaspa-wasm.ts:23:17
     21|   const verification = verifyManagedToolchainSync(KASPA_WASM_REFERENCE…
     22|   if (!verification.installed) {
     23|     const err = new Error(
       |                 ^
     24|       `WASM_TOOLCHAIN_NOT_INSTALLED: kaspa-wasm ${KASPA_WASM_REFERENCE…
     25|         `Install it with: hardkas toolchain install kaspa-wasm`
 ❯ measureUpstreamMass packages/tx-builder/src/mass.ts:128:13
 ❯ Module.calculateUpstreamMass packages/tx-builder/src/mass.ts:243:13
 ❯ feeFor packages/tx-builder/src/index.ts:166:18
 ❯ Module.buildPaymentPlan packages/tx-builder/src/index.ts:222:24
 ❯ packages/tx-builder/test/mass-upstream.test.ts:178:18

⎯⎯⎯⎯⎯⎯⎯⎯⎯⎯⎯⎯⎯⎯⎯⎯⎯⎯⎯⎯[206/323]⎯

 FAIL  packages/tx-builder/test/mass.test.ts > Mass Estimation (shape only, computed by the pinned SDK) > names the 
SDK as the authority
Error: WASM_TOOLCHAIN_NOT_INSTALLED: kaspa-wasm 2.1.0 is not installed at 
C:\Users\jrodr\AppData\Local\Temp\hardkas-hermetic-home-qjr6Ze\toolchains\kaspa-wasm\2.1.0.
Install it with: hardkas toolchain install kaspa-wasm
 ❯ Module.loadManagedKaspaWasmSync packages/core/src/kaspa-wasm.ts:23:17
     21|   const verification = verifyManagedToolchainSync(KASPA_WASM_REFERENCE…
     22|   if (!verification.installed) {
     23|     const err = new Error(
       |                 ^
     24|       `WASM_TOOLCHAIN_NOT_INSTALLED: kaspa-wasm ${KASPA_WASM_REFERENCE…
     25|         `Install it with: hardkas toolchain install kaspa-wasm`
 ❯ measureUpstreamMass packages/tx-builder/src/mass.ts:128:13
 ❯ calculateUpstreamMass packages/tx-builder/src/mass.ts:243:13
 ❯ shapeMass packages/tx-builder/src/mass.ts:286:10
 ❯ Module.estimateTransactionMass packages/tx-builder/src/mass.ts:306:16
 ❯ packages/tx-builder/test/mass.test.ts:17:20

⎯⎯⎯⎯⎯⎯⎯⎯⎯⎯⎯⎯⎯⎯⎯⎯⎯⎯⎯⎯[207/323]⎯

 FAIL  packages/tx-builder/test/mass.test.ts > Mass Estimation (shape only, computed by the pinned SDK) > single input 
/ single P2PK output
Error: WASM_TOOLCHAIN_NOT_INSTALLED: kaspa-wasm 2.1.0 is not installed at 
C:\Users\jrodr\AppData\Local\Temp\hardkas-hermetic-home-qjr6Ze\toolchains\kaspa-wasm\2.1.0.
Install it with: hardkas toolchain install kaspa-wasm
 ❯ Module.loadManagedKaspaWasmSync packages/core/src/kaspa-wasm.ts:23:17
     21|   const verification = verifyManagedToolchainSync(KASPA_WASM_REFERENCE…
     22|   if (!verification.installed) {
     23|     const err = new Error(
       |                 ^
     24|       `WASM_TOOLCHAIN_NOT_INSTALLED: kaspa-wasm ${KASPA_WASM_REFERENCE…
     25|         `Install it with: hardkas toolchain install kaspa-wasm`
 ❯ measureUpstreamMass packages/tx-builder/src/mass.ts:128:13
 ❯ calculateUpstreamMass packages/tx-builder/src/mass.ts:243:13
 ❯ shapeMass packages/tx-builder/src/mass.ts:286:10
 ❯ Module.estimateTransactionMass packages/tx-builder/src/mass.ts:306:16
 ❯ packages/tx-builder/test/mass.test.ts:22:20

⎯⎯⎯⎯⎯⎯⎯⎯⎯⎯⎯⎯⎯⎯⎯⎯⎯⎯⎯⎯[208/323]⎯

 FAIL  packages/tx-builder/test/mass.test.ts > Mass Estimation (shape only, computed by the pinned SDK) > a change 
output makes it the rc17 shape the node priced at 2036
Error: WASM_TOOLCHAIN_NOT_INSTALLED: kaspa-wasm 2.1.0 is not installed at 
C:\Users\jrodr\AppData\Local\Temp\hardkas-hermetic-home-qjr6Ze\toolchains\kaspa-wasm\2.1.0.
Install it with: hardkas toolchain install kaspa-wasm
 ❯ Module.loadManagedKaspaWasmSync packages/core/src/kaspa-wasm.ts:23:17
     21|   const verification = verifyManagedToolchainSync(KASPA_WASM_REFERENCE…
     22|   if (!verification.installed) {
     23|     const err = new Error(
       |                 ^
     24|       `WASM_TOOLCHAIN_NOT_INSTALLED: kaspa-wasm ${KASPA_WASM_REFERENCE…
     25|         `Install it with: hardkas toolchain install kaspa-wasm`
 ❯ measureUpstreamMass packages/tx-builder/src/mass.ts:128:13
 ❯ calculateUpstreamMass packages/tx-builder/src/mass.ts:243:13
 ❯ shapeMass packages/tx-builder/src/mass.ts:286:10
 ❯ Module.estimateTransactionMass packages/tx-builder/src/mass.ts:306:16
 ❯ packages/tx-builder/test/mass.test.ts:28:20

⎯⎯⎯⎯⎯⎯⎯⎯⎯⎯⎯⎯⎯⎯⎯⎯⎯⎯⎯⎯[209/323]⎯

 FAIL  packages/tx-builder/test/mass.test.ts > Mass Estimation (shape only, computed by the pinned SDK) > an identity 
the SDK cannot parse is sized as P2PK and reported
Error: WASM_TOOLCHAIN_NOT_INSTALLED: kaspa-wasm 2.1.0 is not installed at 
C:\Users\jrodr\AppData\Local\Temp\hardkas-hermetic-home-qjr6Ze\toolchains\kaspa-wasm\2.1.0.
Install it with: hardkas toolchain install kaspa-wasm
 ❯ Module.loadManagedKaspaWasmSync packages/core/src/kaspa-wasm.ts:23:17
     21|   const verification = verifyManagedToolchainSync(KASPA_WASM_REFERENCE…
     22|   if (!verification.installed) {
     23|     const err = new Error(
       |                 ^
     24|       `WASM_TOOLCHAIN_NOT_INSTALLED: kaspa-wasm ${KASPA_WASM_REFERENCE…
     25|         `Install it with: hardkas toolchain install kaspa-wasm`
 ❯ measureUpstreamMass packages/tx-builder/src/mass.ts:128:13
 ❯ calculateUpstreamMass packages/tx-builder/src/mass.ts:243:13
 ❯ shapeMass packages/tx-builder/src/mass.ts:286:10
 ❯ Module.estimateTransactionMass packages/tx-builder/src/mass.ts:306:16
 ❯ packages/tx-builder/test/mass.test.ts:33:18

⎯⎯⎯⎯⎯⎯⎯⎯⎯⎯⎯⎯⎯⎯⎯⎯⎯⎯⎯⎯[210/323]⎯

 FAIL  packages/tx-builder/test/mass.test.ts > Mass Estimation (shape only, computed by the pinned SDK) > breakdown is 
derived from SDK totals and adds up
Error: WASM_TOOLCHAIN_NOT_INSTALLED: kaspa-wasm 2.1.0 is not installed at 
C:\Users\jrodr\AppData\Local\Temp\hardkas-hermetic-home-qjr6Ze\toolchains\kaspa-wasm\2.1.0.
Install it with: hardkas toolchain install kaspa-wasm
 ❯ Module.loadManagedKaspaWasmSync packages/core/src/kaspa-wasm.ts:23:17
     21|   const verification = verifyManagedToolchainSync(KASPA_WASM_REFERENCE…
     22|   if (!verification.installed) {
     23|     const err = new Error(
       |                 ^
     24|       `WASM_TOOLCHAIN_NOT_INSTALLED: kaspa-wasm ${KASPA_WASM_REFERENCE…
     25|         `Install it with: hardkas toolchain install kaspa-wasm`
 ❯ measureUpstreamMass packages/tx-builder/src/mass.ts:128:13
 ❯ calculateUpstreamMass packages/tx-builder/src/mass.ts:243:13
 ❯ shapeMass packages/tx-builder/src/mass.ts:286:10
 ❯ Module.estimateTransactionMass packages/tx-builder/src/mass.ts:306:16
 ❯ packages/tx-builder/test/mass.test.ts:40:15

⎯⎯⎯⎯⎯⎯⎯⎯⎯⎯⎯⎯⎯⎯⎯⎯⎯⎯⎯⎯[211/323]⎯

 FAIL  packages/tx-builder/test/mass.test.ts > Mass Estimation (shape only, computed by the pinned SDK) > should be 
deterministic across runs
Error: WASM_TOOLCHAIN_NOT_INSTALLED: kaspa-wasm 2.1.0 is not installed at 
C:\Users\jrodr\AppData\Local\Temp\hardkas-hermetic-home-qjr6Ze\toolchains\kaspa-wasm\2.1.0.
Install it with: hardkas toolchain install kaspa-wasm
 ❯ Module.loadManagedKaspaWasmSync packages/core/src/kaspa-wasm.ts:23:17
     21|   const verification = verifyManagedToolchainSync(KASPA_WASM_REFERENCE…
     22|   if (!verification.installed) {
     23|     const err = new Error(
       |                 ^
     24|       `WASM_TOOLCHAIN_NOT_INSTALLED: kaspa-wasm ${KASPA_WASM_REFERENCE…
     25|         `Install it with: hardkas toolchain install kaspa-wasm`
 ❯ measureUpstreamMass packages/tx-builder/src/mass.ts:128:13
 ❯ calculateUpstreamMass packages/tx-builder/src/mass.ts:243:13
 ❯ shapeMass packages/tx-builder/src/mass.ts:286:10
 ❯ Module.estimateTransactionMass packages/tx-builder/src/mass.ts:306:16
 ❯ packages/tx-builder/test/mass.test.ts:49:18

⎯⎯⎯⎯⎯⎯⎯⎯⎯⎯⎯⎯⎯⎯⎯⎯⎯⎯⎯⎯[212/323]⎯

 FAIL  packages/tx-builder/test/mass.test.ts > Mass Estimation (shape only, computed by the pinned SDK) > keeps mass 
and fee after a 1 sompi output change when storage mass is negligible
Error: WASM_TOOLCHAIN_NOT_INSTALLED: kaspa-wasm 2.1.0 is not installed at 
C:\Users\jrodr\AppData\Local\Temp\hardkas-hermetic-home-qjr6Ze\toolchains\kaspa-wasm\2.1.0.
Install it with: hardkas toolchain install kaspa-wasm
 ❯ Module.loadManagedKaspaWasmSync packages/core/src/kaspa-wasm.ts:23:17
     21|   const verification = verifyManagedToolchainSync(KASPA_WASM_REFERENCE…
     22|   if (!verification.installed) {
     23|     const err = new Error(
       |                 ^
     24|       `WASM_TOOLCHAIN_NOT_INSTALLED: kaspa-wasm ${KASPA_WASM_REFERENCE…
     25|         `Install it with: hardkas toolchain install kaspa-wasm`
 ❯ measureUpstreamMass packages/tx-builder/src/mass.ts:128:13
 ❯ Module.calculateUpstreamMass packages/tx-builder/src/mass.ts:243:13
 ❯ feeFor packages/tx-builder/src/index.ts:166:18
 ❯ Module.buildPaymentPlan packages/tx-builder/src/index.ts:206:65
 ❯ packages/tx-builder/test/mass.test.ts:59:19

⎯⎯⎯⎯⎯⎯⎯⎯⎯⎯⎯⎯⎯⎯⎯⎯⎯⎯⎯⎯[213/323]⎯

 FAIL  packages/tx-builder/test/mass.test.ts > Mass Estimation (shape only, computed by the pinned SDK) > the plan's 
mass is the SDK mass of the plan's own transaction
Error: WASM_TOOLCHAIN_NOT_INSTALLED: kaspa-wasm 2.1.0 is not installed at 
C:\Users\jrodr\AppData\Local\Temp\hardkas-hermetic-home-qjr6Ze\toolchains\kaspa-wasm\2.1.0.
Install it with: hardkas toolchain install kaspa-wasm
 ❯ Module.loadManagedKaspaWasmSync packages/core/src/kaspa-wasm.ts:23:17
     21|   const verification = verifyManagedToolchainSync(KASPA_WASM_REFERENCE…
     22|   if (!verification.installed) {
     23|     const err = new Error(
       |                 ^
     24|       `WASM_TOOLCHAIN_NOT_INSTALLED: kaspa-wasm ${KASPA_WASM_REFERENCE…
     25|         `Install it with: hardkas toolchain install kaspa-wasm`
 ❯ measureUpstreamMass packages/tx-builder/src/mass.ts:128:13
 ❯ Module.calculateUpstreamMass packages/tx-builder/src/mass.ts:243:13
 ❯ feeFor packages/tx-builder/src/index.ts:166:18
 ❯ Module.buildPaymentPlan packages/tx-builder/src/index.ts:206:65
 ❯ packages/tx-builder/test/mass.test.ts:68:18

⎯⎯⎯⎯⎯⎯⎯⎯⎯⎯⎯⎯⎯⎯⎯⎯⎯⎯⎯⎯[214/323]⎯

 FAIL  packages/tx-builder/test/plan.test.ts > tx-builder plan > should build a payment plan from Alice to Bob for 1 
KAS with 1000 KAS balance
Error: WASM_TOOLCHAIN_NOT_INSTALLED: kaspa-wasm 2.1.0 is not installed at 
C:\Users\jrodr\AppData\Local\Temp\hardkas-hermetic-home-qjr6Ze\toolchains\kaspa-wasm\2.1.0.
Install it with: hardkas toolchain install kaspa-wasm
 ❯ Module.loadManagedKaspaWasmSync packages/core/src/kaspa-wasm.ts:23:17
     21|   const verification = verifyManagedToolchainSync(KASPA_WASM_REFERENCE…
     22|   if (!verification.installed) {
     23|     const err = new Error(
       |                 ^
     24|       `WASM_TOOLCHAIN_NOT_INSTALLED: kaspa-wasm ${KASPA_WASM_REFERENCE…
     25|         `Install it with: hardkas toolchain install kaspa-wasm`
 ❯ measureUpstreamMass packages/tx-builder/src/mass.ts:128:13
 ❯ Module.calculateUpstreamMass packages/tx-builder/src/mass.ts:243:13
 ❯ feeFor packages/tx-builder/src/index.ts:166:18
 ❯ Module.buildPaymentPlan packages/tx-builder/src/index.ts:206:65
 ❯ packages/tx-builder/test/plan.test.ts:11:18

⎯⎯⎯⎯⎯⎯⎯⎯⎯⎯⎯⎯⎯⎯⎯⎯⎯⎯⎯⎯[215/323]⎯

 FAIL  packages/tx-builder/test/plan.v1.test.ts > P84: V1 Plan generation > should calculate correct fee and include 
V1 fields when version is 1
Error: WASM_TOOLCHAIN_NOT_INSTALLED: kaspa-wasm 2.1.0 is not installed at 
C:\Users\jrodr\AppData\Local\Temp\hardkas-hermetic-home-qjr6Ze\toolchains\kaspa-wasm\2.1.0.
Install it with: hardkas toolchain install kaspa-wasm
 ❯ Module.loadManagedKaspaWasmSync packages/core/src/kaspa-wasm.ts:23:17
     21|   const verification = verifyManagedToolchainSync(KASPA_WASM_REFERENCE…
     22|   if (!verification.installed) {
     23|     const err = new Error(
       |                 ^
     24|       `WASM_TOOLCHAIN_NOT_INSTALLED: kaspa-wasm ${KASPA_WASM_REFERENCE…
     25|         `Install it with: hardkas toolchain install kaspa-wasm`
 ❯ measureUpstreamMass packages/tx-builder/src/mass.ts:128:13
 ❯ Module.calculateUpstreamMass packages/tx-builder/src/mass.ts:243:13
 ❯ feeFor packages/tx-builder/src/index.ts:166:18
 ❯ Module.buildPaymentPlan packages/tx-builder/src/index.ts:206:65
 ❯ packages/tx-builder/test/plan.v1.test.ts:16:18

⎯⎯⎯⎯⎯⎯⎯⎯⎯⎯⎯⎯⎯⎯⎯⎯⎯⎯⎯⎯[216/323]⎯

 FAIL  packages/tx-builder/test/planner-dispatch.test.ts > TxPlanService planner dispatch (M10-B-completion A′) > 
simulated + kaspa:sim_alice → synthetic planner PASS with SYNTHETIC_SIMULATOR authority
Error: WASM_TOOLCHAIN_NOT_INSTALLED: kaspa-wasm 2.1.0 is not installed at 
C:\Users\jrodr\AppData\Local\Temp\hardkas-hermetic-home-qjr6Ze\toolchains\kaspa-wasm\2.1.0.
Install it with: hardkas toolchain install kaspa-wasm
 ❯ Module.loadManagedKaspaWasmSync packages/core/src/kaspa-wasm.ts:23:17
     21|   const verification = verifyManagedToolchainSync(KASPA_WASM_REFERENCE…
     22|   if (!verification.installed) {
     23|     const err = new Error(
       |                 ^
     24|       `WASM_TOOLCHAIN_NOT_INSTALLED: kaspa-wasm ${KASPA_WASM_REFERENCE…
     25|         `Install it with: hardkas toolchain install kaspa-wasm`
 ❯ planWithGenerator packages/tx-builder/src/generator-plan.ts:95:13
 ❯ Module.planPaymentWithGenerator packages/tx-builder/src/generator-plan.ts:248:25
 ❯ TxPlanService.planPayment packages/tx-builder/src/service.ts:200:24

⎯⎯⎯⎯⎯⎯⎯⎯⎯⎯⎯⎯⎯⎯⎯⎯⎯⎯⎯⎯[217/323]⎯

 FAIL  packages/tx-builder/test/planner-dispatch.test.ts > TxPlanService planner dispatch (M10-B-completion A′) > real 
network + valid address → upstream planner PASS with KASPA_WASM_GENERATOR authority
Error: WASM_TOOLCHAIN_NOT_INSTALLED: kaspa-wasm 2.1.0 is not installed at 
C:\Users\jrodr\AppData\Local\Temp\hardkas-hermetic-home-qjr6Ze\toolchains\kaspa-wasm\2.1.0.
Install it with: hardkas toolchain install kaspa-wasm
 ❯ Module.loadManagedKaspaWasmSync packages/core/src/kaspa-wasm.ts:23:17
     21|   const verification = verifyManagedToolchainSync(KASPA_WASM_REFERENCE…
     22|   if (!verification.installed) {
     23|     const err = new Error(
       |                 ^
     24|       `WASM_TOOLCHAIN_NOT_INSTALLED: kaspa-wasm ${KASPA_WASM_REFERENCE…
     25|         `Install it with: hardkas toolchain install kaspa-wasm`
 ❯ realUtxos packages/tx-builder/test/planner-dispatch.test.ts:24:13
 ❯ packages/tx-builder/test/planner-dispatch.test.ts:76:48

⎯⎯⎯⎯⎯⎯⎯⎯⎯⎯⎯⎯⎯⎯⎯⎯⎯⎯⎯⎯[218/323]⎯

 FAIL  packages/tx-builder/test/planner-dispatch.test.ts > TxPlanService planner dispatch (M10-B-completion A′) > 
synthetic planner never claims KASPA_WASM_GENERATOR authority even with real addresses
Error: WASM_TOOLCHAIN_NOT_INSTALLED: kaspa-wasm 2.1.0 is not installed at 
C:\Users\jrodr\AppData\Local\Temp\hardkas-hermetic-home-qjr6Ze\toolchains\kaspa-wasm\2.1.0.
Install it with: hardkas toolchain install kaspa-wasm
 ❯ Module.loadManagedKaspaWasmSync packages/core/src/kaspa-wasm.ts:23:17
     21|   const verification = verifyManagedToolchainSync(KASPA_WASM_REFERENCE…
     22|   if (!verification.installed) {
     23|     const err = new Error(
       |                 ^
     24|       `WASM_TOOLCHAIN_NOT_INSTALLED: kaspa-wasm ${KASPA_WASM_REFERENCE…
     25|         `Install it with: hardkas toolchain install kaspa-wasm`
 ❯ realUtxos packages/tx-builder/test/planner-dispatch.test.ts:24:13
 ❯ packages/tx-builder/test/planner-dispatch.test.ts:90:48

⎯⎯⎯⎯⎯⎯⎯⎯⎯⎯⎯⎯⎯⎯⎯⎯⎯⎯⎯⎯[219/323]⎯

 FAIL  packages/tx-builder/test/planner-dispatch.test.ts > TxPlanService planner dispatch (M10-B-completion A′) > 
upstream and synthetic authorities are disjoint (KASPA_WASM_GENERATOR ≠ SYNTHETIC_SIMULATOR)
Error: WASM_TOOLCHAIN_NOT_INSTALLED: kaspa-wasm 2.1.0 is not installed at 
C:\Users\jrodr\AppData\Local\Temp\hardkas-hermetic-home-qjr6Ze\toolchains\kaspa-wasm\2.1.0.
Install it with: hardkas toolchain install kaspa-wasm
 ❯ Module.loadManagedKaspaWasmSync packages/core/src/kaspa-wasm.ts:23:17
     21|   const verification = verifyManagedToolchainSync(KASPA_WASM_REFERENCE…
     22|   if (!verification.installed) {
     23|     const err = new Error(
       |                 ^
     24|       `WASM_TOOLCHAIN_NOT_INSTALLED: kaspa-wasm ${KASPA_WASM_REFERENCE…
     25|         `Install it with: hardkas toolchain install kaspa-wasm`
 ❯ realUtxos packages/tx-builder/test/planner-dispatch.test.ts:24:13
 ❯ packages/tx-builder/test/planner-dispatch.test.ts:103:48

⎯⎯⎯⎯⎯⎯⎯⎯⎯⎯⎯⎯⎯⎯⎯⎯⎯⎯⎯⎯[220/323]⎯

 FAIL  packages/tx-builder/test/qf005-fee-floor-oracle.test.ts > QF-005: Node Relay Fee Floor Oracle Suite > 
QF-005-A1: Historical RC17 Compute-Dominated Rejection Fixture (2036 mass * 100 = 203600 sompi)
Error: WASM_TOOLCHAIN_NOT_INSTALLED: kaspa-wasm 2.1.0 is not installed at 
C:\Users\jrodr\AppData\Local\Temp\hardkas-hermetic-home-qjr6Ze\toolchains\kaspa-wasm\2.1.0.
Install it with: hardkas toolchain install kaspa-wasm
 ❯ Module.loadManagedKaspaWasmSync packages/core/src/kaspa-wasm.ts:23:17
     21|   const verification = verifyManagedToolchainSync(KASPA_WASM_REFERENCE…
     22|   if (!verification.installed) {
     23|     const err = new Error(
       |                 ^
     24|       `WASM_TOOLCHAIN_NOT_INSTALLED: kaspa-wasm ${KASPA_WASM_REFERENCE…
     25|         `Install it with: hardkas toolchain install kaspa-wasm`
 ❯ measureUpstreamMass packages/tx-builder/src/mass.ts:128:13
 ❯ calculateUpstreamMass packages/tx-builder/src/mass.ts:243:13
 ❯ shapeMass packages/tx-builder/src/mass.ts:286:10
 ❯ estimateTransactionMass packages/tx-builder/src/mass.ts:306:16
 ❯ Module.calculateConsensusNonContextualMass packages/tx-builder/src/mass.ts:342:13
 ❯ packages/tx-builder/test/qf005-fee-floor-oracle.test.ts:31:24

⎯⎯⎯⎯⎯⎯⎯⎯⎯⎯⎯⎯⎯⎯⎯⎯⎯⎯⎯⎯[221/323]⎯

 FAIL  packages/tx-builder/test/qf005-fee-floor-oracle.test.ts > QF-005: Node Relay Fee Floor Oracle Suite > 
QF-005-A2: payload-heavy fixture: the payload adds mass
Error: WASM_TOOLCHAIN_NOT_INSTALLED: kaspa-wasm 2.1.0 is not installed at 
C:\Users\jrodr\AppData\Local\Temp\hardkas-hermetic-home-qjr6Ze\toolchains\kaspa-wasm\2.1.0.
Install it with: hardkas toolchain install kaspa-wasm
 ❯ Module.loadManagedKaspaWasmSync packages/core/src/kaspa-wasm.ts:23:17
     21|   const verification = verifyManagedToolchainSync(KASPA_WASM_REFERENCE…
     22|   if (!verification.installed) {
     23|     const err = new Error(
       |                 ^
     24|       `WASM_TOOLCHAIN_NOT_INSTALLED: kaspa-wasm ${KASPA_WASM_REFERENCE…
     25|         `Install it with: hardkas toolchain install kaspa-wasm`
 ❯ measureUpstreamMass packages/tx-builder/src/mass.ts:128:13
 ❯ calculateUpstreamMass packages/tx-builder/src/mass.ts:243:13
 ❯ shapeMass packages/tx-builder/src/mass.ts:286:10
 ❯ Module.estimateTransactionMass packages/tx-builder/src/mass.ts:306:16
 ❯ packages/tx-builder/test/qf005-fee-floor-oracle.test.ts:60:28

⎯⎯⎯⎯⎯⎯⎯⎯⎯⎯⎯⎯⎯⎯⎯⎯⎯⎯⎯⎯[222/323]⎯

 FAIL  packages/tx-builder/test/toccata-fees.test.ts > P83: Toccata Fee Model (upstream) > does not charge 
computeBudget: the pinned SDK prices it at zero
Error: WASM_TOOLCHAIN_NOT_INSTALLED: kaspa-wasm 2.1.0 is not installed at 
C:\Users\jrodr\AppData\Local\Temp\hardkas-hermetic-home-qjr6Ze\toolchains\kaspa-wasm\2.1.0.
Install it with: hardkas toolchain install kaspa-wasm
 ❯ Module.loadManagedKaspaWasmSync packages/core/src/kaspa-wasm.ts:23:17
     21|   const verification = verifyManagedToolchainSync(KASPA_WASM_REFERENCE…
     22|   if (!verification.installed) {
     23|     const err = new Error(
       |                 ^
     24|       `WASM_TOOLCHAIN_NOT_INSTALLED: kaspa-wasm ${KASPA_WASM_REFERENCE…
     25|         `Install it with: hardkas toolchain install kaspa-wasm`
 ❯ measureUpstreamMass packages/tx-builder/src/mass.ts:128:13
 ❯ Module.calculateUpstreamMass packages/tx-builder/src/mass.ts:243:13
 ❯ feeFor packages/tx-builder/src/index.ts:166:18
 ❯ Module.buildPaymentPlan packages/tx-builder/src/index.ts:206:65
 ❯ packages/tx-builder/test/toccata-fees.test.ts:23:21

⎯⎯⎯⎯⎯⎯⎯⎯⎯⎯⎯⎯⎯⎯⎯⎯⎯⎯⎯⎯[223/323]⎯

 FAIL  packages/tx-builder/test/toccata-fees.test.ts > P83: Toccata Fee Model (upstream) > version 1 inputs carry no 
sig-op mass (sigOpCount = 0)
Error: WASM_TOOLCHAIN_NOT_INSTALLED: kaspa-wasm 2.1.0 is not installed at 
C:\Users\jrodr\AppData\Local\Temp\hardkas-hermetic-home-qjr6Ze\toolchains\kaspa-wasm\2.1.0.
Install it with: hardkas toolchain install kaspa-wasm
 ❯ Module.loadManagedKaspaWasmSync packages/core/src/kaspa-wasm.ts:23:17
     21|   const verification = verifyManagedToolchainSync(KASPA_WASM_REFERENCE…
     22|   if (!verification.installed) {
     23|     const err = new Error(
       |                 ^
     24|       `WASM_TOOLCHAIN_NOT_INSTALLED: kaspa-wasm ${KASPA_WASM_REFERENCE…
     25|         `Install it with: hardkas toolchain install kaspa-wasm`
 ❯ measureUpstreamMass packages/tx-builder/src/mass.ts:128:13
 ❯ calculateUpstreamMass packages/tx-builder/src/mass.ts:243:13
 ❯ shapeMass packages/tx-builder/src/mass.ts:286:10
 ❯ Module.estimateTransactionMass packages/tx-builder/src/mass.ts:306:16
 ❯ packages/tx-builder/test/toccata-fees.test.ts:30:16

⎯⎯⎯⎯⎯⎯⎯⎯⎯⎯⎯⎯⎯⎯⎯⎯⎯⎯⎯⎯[224/323]⎯

 FAIL  packages/tx-builder/test/tx-builder.test.ts > buildPaymentPlan > selects UTXOs and creates change
Error: WASM_TOOLCHAIN_NOT_INSTALLED: kaspa-wasm 2.1.0 is not installed at 
C:\Users\jrodr\AppData\Local\Temp\hardkas-hermetic-home-qjr6Ze\toolchains\kaspa-wasm\2.1.0.
Install it with: hardkas toolchain install kaspa-wasm
 ❯ Module.loadManagedKaspaWasmSync packages/core/src/kaspa-wasm.ts:23:17
     21|   const verification = verifyManagedToolchainSync(KASPA_WASM_REFERENCE…
     22|   if (!verification.installed) {
     23|     const err = new Error(
       |                 ^
     24|       `WASM_TOOLCHAIN_NOT_INSTALLED: kaspa-wasm ${KASPA_WASM_REFERENCE…
     25|         `Install it with: hardkas toolchain install kaspa-wasm`
 ❯ measureUpstreamMass packages/tx-builder/src/mass.ts:128:13
 ❯ Module.calculateUpstreamMass packages/tx-builder/src/mass.ts:243:13
 ❯ feeFor packages/tx-builder/src/index.ts:166:18
 ❯ Module.buildPaymentPlan packages/tx-builder/src/index.ts:206:65
 ❯ packages/tx-builder/test/tx-builder.test.ts:6:18

⎯⎯⎯⎯⎯⎯⎯⎯⎯⎯⎯⎯⎯⎯⎯⎯⎯⎯⎯⎯[225/323]⎯

 FAIL  packages/tx-builder/test/verify.test.ts > Transaction Semantic Verification > should pass for a valid plan
Error: WASM_TOOLCHAIN_NOT_INSTALLED: kaspa-wasm 2.1.0 is not installed at 
C:\Users\jrodr\AppData\Local\Temp\hardkas-hermetic-home-qjr6Ze\toolchains\kaspa-wasm\2.1.0.
Install it with: hardkas toolchain install kaspa-wasm
 ❯ Module.loadManagedKaspaWasmSync packages/core/src/kaspa-wasm.ts:23:17
     21|   const verification = verifyManagedToolchainSync(KASPA_WASM_REFERENCE…
     22|   if (!verification.installed) {
     23|     const err = new Error(
       |                 ^
     24|       `WASM_TOOLCHAIN_NOT_INSTALLED: kaspa-wasm ${KASPA_WASM_REFERENCE…
     25|         `Install it with: hardkas toolchain install kaspa-wasm`
 ❯ measureUpstreamMass packages/tx-builder/src/mass.ts:128:13
 ❯ Module.calculateUpstreamMass packages/tx-builder/src/mass.ts:243:13
 ❯ feeFor packages/tx-builder/src/index.ts:166:18
 ❯ Module.buildPaymentPlan packages/tx-builder/src/index.ts:206:65
 ❯ packages/tx-builder/test/verify.test.ts:17:18

⎯⎯⎯⎯⎯⎯⎯⎯⎯⎯⎯⎯⎯⎯⎯⎯⎯⎯⎯⎯[226/323]⎯

 FAIL  packages/tx-builder/test/verify.test.ts > Transaction Semantic Verification > should fail on mass mismatch
Error: WASM_TOOLCHAIN_NOT_INSTALLED: kaspa-wasm 2.1.0 is not installed at 
C:\Users\jrodr\AppData\Local\Temp\hardkas-hermetic-home-qjr6Ze\toolchains\kaspa-wasm\2.1.0.
Install it with: hardkas toolchain install kaspa-wasm
 ❯ Module.loadManagedKaspaWasmSync packages/core/src/kaspa-wasm.ts:23:17
     21|   const verification = verifyManagedToolchainSync(KASPA_WASM_REFERENCE…
     22|   if (!verification.installed) {
     23|     const err = new Error(
       |                 ^
     24|       `WASM_TOOLCHAIN_NOT_INSTALLED: kaspa-wasm ${KASPA_WASM_REFERENCE…
     25|         `Install it with: hardkas toolchain install kaspa-wasm`
 ❯ measureUpstreamMass packages/tx-builder/src/mass.ts:128:13
 ❯ Module.calculateUpstreamMass packages/tx-builder/src/mass.ts:243:13
 ❯ feeFor packages/tx-builder/src/index.ts:166:18
 ❯ Module.buildPaymentPlan packages/tx-builder/src/index.ts:206:65
 ❯ packages/tx-builder/test/verify.test.ts:25:18

⎯⎯⎯⎯⎯⎯⎯⎯⎯⎯⎯⎯⎯⎯⎯⎯⎯⎯⎯⎯[227/323]⎯

 FAIL  packages/tx-builder/test/verify.test.ts > Transaction Semantic Verification > should detect duplicate inputs
Error: WASM_TOOLCHAIN_NOT_INSTALLED: kaspa-wasm 2.1.0 is not installed at 
C:\Users\jrodr\AppData\Local\Temp\hardkas-hermetic-home-qjr6Ze\toolchains\kaspa-wasm\2.1.0.
Install it with: hardkas toolchain install kaspa-wasm
 ❯ Module.loadManagedKaspaWasmSync packages/core/src/kaspa-wasm.ts:23:17
     21|   const verification = verifyManagedToolchainSync(KASPA_WASM_REFERENCE…
     22|   if (!verification.installed) {
     23|     const err = new Error(
       |                 ^
     24|       `WASM_TOOLCHAIN_NOT_INSTALLED: kaspa-wasm ${KASPA_WASM_REFERENCE…
     25|         `Install it with: hardkas toolchain install kaspa-wasm`
 ❯ measureUpstreamMass packages/tx-builder/src/mass.ts:128:13
 ❯ Module.calculateUpstreamMass packages/tx-builder/src/mass.ts:243:13
 ❯ feeFor packages/tx-builder/src/index.ts:166:18
 ❯ Module.buildPaymentPlan packages/tx-builder/src/index.ts:206:65
 ❯ packages/tx-builder/test/verify.test.ts:36:18

⎯⎯⎯⎯⎯⎯⎯⎯⎯⎯⎯⎯⎯⎯⎯⎯⎯⎯⎯⎯[228/323]⎯

 FAIL  packages/tx-builder/test/verify.test.ts > Transaction Semantic Verification > should detect dust outputs as 
errors
Error: WASM_TOOLCHAIN_NOT_INSTALLED: kaspa-wasm 2.1.0 is not installed at 
C:\Users\jrodr\AppData\Local\Temp\hardkas-hermetic-home-qjr6Ze\toolchains\kaspa-wasm\2.1.0.
Install it with: hardkas toolchain install kaspa-wasm
 ❯ Module.loadManagedKaspaWasmSync packages/core/src/kaspa-wasm.ts:23:17
     21|   const verification = verifyManagedToolchainSync(KASPA_WASM_REFERENCE…
     22|   if (!verification.installed) {
     23|     const err = new Error(
       |                 ^
     24|       `WASM_TOOLCHAIN_NOT_INSTALLED: kaspa-wasm ${KASPA_WASM_REFERENCE…
     25|         `Install it with: hardkas toolchain install kaspa-wasm`
 ❯ Module.measureUpstreamMass packages/tx-builder/src/mass.ts:128:13
 ❯ Module.verifyTxPlanSemantics packages/tx-builder/src/verify.ts:146:59
 ❯ packages/tx-builder/test/verify.test.ts:56:20

⎯⎯⎯⎯⎯⎯⎯⎯⎯⎯⎯⎯⎯⎯⎯⎯⎯⎯⎯⎯[229/323]⎯

 FAIL  packages/tx-builder/test/verify.test.ts > Transaction Semantic Verification > should detect dust change as error
Error: WASM_TOOLCHAIN_NOT_INSTALLED: kaspa-wasm 2.1.0 is not installed at 
C:\Users\jrodr\AppData\Local\Temp\hardkas-hermetic-home-qjr6Ze\toolchains\kaspa-wasm\2.1.0.
Install it with: hardkas toolchain install kaspa-wasm
 ❯ Module.loadManagedKaspaWasmSync packages/core/src/kaspa-wasm.ts:23:17
     21|   const verification = verifyManagedToolchainSync(KASPA_WASM_REFERENCE…
     22|   if (!verification.installed) {
     23|     const err = new Error(
       |                 ^
     24|       `WASM_TOOLCHAIN_NOT_INSTALLED: kaspa-wasm ${KASPA_WASM_REFERENCE…
     25|         `Install it with: hardkas toolchain install kaspa-wasm`
 ❯ Module.measureUpstreamMass packages/tx-builder/src/mass.ts:128:13
 ❯ Module.verifyTxPlanSemantics packages/tx-builder/src/verify.ts:146:59
 ❯ packages/tx-builder/test/verify.test.ts:72:20

⎯⎯⎯⎯⎯⎯⎯⎯⎯⎯⎯⎯⎯⎯⎯⎯⎯⎯⎯⎯[230/323]⎯

 FAIL  packages/tx-builder/test/wave13-changeaddr.test.ts > Wave 13 · CHANGEADDR-1 · Explicit change-output 
destination > Backward compatibility invariant > omitting changeAddress preserves historical fromAddress behavior 
(Upstream)
Error: COINBASE_MATURITY_UNRESOLVED: Cannot resolve the coinbase maturity for network 'simnet' 
(WASM_TOOLCHAIN_NOT_INSTALLED: kaspa-wasm 2.1.0 is not installed at 
C:\Users\jrodr\AppData\Local\Temp\hardkas-hermetic-home-qjr6Ze\toolchains\kaspa-wasm\2.1.0.
Install it with: hardkas toolchain install kaspa-wasm). Provide an explicit override.
 ❯ paramsError packages/core/src/network-params.ts:18:15
     16| 
     17| function paramsError(code: string, message: string): Error {
     18|   const err = new Error(`${code}: ${message}`);
       |               ^
     19|   (err as any).code = code;
     20|   return err;
 ❯ Module.getCoinbaseMaturity packages/core/src/network-params.ts:77:11
 ❯ coinbaseMaturityOf packages/tx-builder/src/kaspa-wallet-adapter.ts:342:10
 ❯ Module.filterMatureUtxos packages/tx-builder/src/kaspa-wallet-adapter.ts:346:20
 ❯ networkCoinbaseMaturity packages/tx-builder/src/service.ts:100:10
 ❯ TxPlanService.planPayment packages/tx-builder/src/service.ts:176:11
 ❯ packages/tx-builder/test/wave13-changeaddr.test.ts:36:22

⎯⎯⎯⎯⎯⎯⎯⎯⎯⎯⎯⎯⎯⎯⎯⎯⎯⎯⎯⎯[231/323]⎯

 FAIL  packages/tx-builder/test/wave13-changeaddr.test.ts > Wave 13 · CHANGEADDR-1 · Explicit change-output 
destination > Backward compatibility invariant > omitting changeAddress preserves historical fromAddress behavior 
(Synthetic)
Error: WASM_TOOLCHAIN_NOT_INSTALLED: kaspa-wasm 2.1.0 is not installed at 
C:\Users\jrodr\AppData\Local\Temp\hardkas-hermetic-home-qjr6Ze\toolchains\kaspa-wasm\2.1.0.
Install it with: hardkas toolchain install kaspa-wasm
 ❯ Module.loadManagedKaspaWasmSync packages/core/src/kaspa-wasm.ts:23:17
     21|   const verification = verifyManagedToolchainSync(KASPA_WASM_REFERENCE…
     22|   if (!verification.installed) {
     23|     const err = new Error(
       |                 ^
     24|       `WASM_TOOLCHAIN_NOT_INSTALLED: kaspa-wasm ${KASPA_WASM_REFERENCE…
     25|         `Install it with: hardkas toolchain install kaspa-wasm`
 ❯ planWithGenerator packages/tx-builder/src/generator-plan.ts:95:13
 ❯ Module.planPaymentWithGenerator packages/tx-builder/src/generator-plan.ts:248:25
 ❯ TxPlanService.planPayment packages/tx-builder/src/service.ts:200:24
 ❯ packages/tx-builder/test/wave13-changeaddr.test.ts:48:22

⎯⎯⎯⎯⎯⎯⎯⎯⎯⎯⎯⎯⎯⎯⎯⎯⎯⎯⎯⎯[232/323]⎯

 FAIL  packages/tx-builder/test/wave13-changeaddr.test.ts > Wave 13 · CHANGEADDR-1 · Explicit change-output 
destination > Explicit alternate change test > routes change to alternate address if provided (Upstream)
Error: COINBASE_MATURITY_UNRESOLVED: Cannot resolve the coinbase maturity for network 'simnet' 
(WASM_TOOLCHAIN_NOT_INSTALLED: kaspa-wasm 2.1.0 is not installed at 
C:\Users\jrodr\AppData\Local\Temp\hardkas-hermetic-home-qjr6Ze\toolchains\kaspa-wasm\2.1.0.
Install it with: hardkas toolchain install kaspa-wasm). Provide an explicit override.
 ❯ paramsError packages/core/src/network-params.ts:18:15
     16| 
     17| function paramsError(code: string, message: string): Error {
     18|   const err = new Error(`${code}: ${message}`);
       |               ^
     19|   (err as any).code = code;
     20|   return err;
 ❯ Module.getCoinbaseMaturity packages/core/src/network-params.ts:77:11
 ❯ coinbaseMaturityOf packages/tx-builder/src/kaspa-wallet-adapter.ts:342:10
 ❯ Module.filterMatureUtxos packages/tx-builder/src/kaspa-wallet-adapter.ts:346:20
 ❯ networkCoinbaseMaturity packages/tx-builder/src/service.ts:100:10
 ❯ TxPlanService.planPayment packages/tx-builder/src/service.ts:176:11
 ❯ packages/tx-builder/test/wave13-changeaddr.test.ts:62:22

⎯⎯⎯⎯⎯⎯⎯⎯⎯⎯⎯⎯⎯⎯⎯⎯⎯⎯⎯⎯[233/323]⎯

 FAIL  packages/tx-builder/test/wave13-changeaddr.test.ts > Wave 13 · CHANGEADDR-1 · Explicit change-output 
destination > Explicit alternate change test > routes change to alternate address if provided (Synthetic)
Error: WASM_TOOLCHAIN_NOT_INSTALLED: kaspa-wasm 2.1.0 is not installed at 
C:\Users\jrodr\AppData\Local\Temp\hardkas-hermetic-home-qjr6Ze\toolchains\kaspa-wasm\2.1.0.
Install it with: hardkas toolchain install kaspa-wasm
 ❯ Module.loadManagedKaspaWasmSync packages/core/src/kaspa-wasm.ts:23:17
     21|   const verification = verifyManagedToolchainSync(KASPA_WASM_REFERENCE…
     22|   if (!verification.installed) {
     23|     const err = new Error(
       |                 ^
     24|       `WASM_TOOLCHAIN_NOT_INSTALLED: kaspa-wasm ${KASPA_WASM_REFERENCE…
     25|         `Install it with: hardkas toolchain install kaspa-wasm`
 ❯ planWithGenerator packages/tx-builder/src/generator-plan.ts:95:13
 ❯ Module.planPaymentWithGenerator packages/tx-builder/src/generator-plan.ts:248:25
 ❯ TxPlanService.planPayment packages/tx-builder/src/service.ts:200:24
 ❯ packages/tx-builder/test/wave13-changeaddr.test.ts:81:22

⎯⎯⎯⎯⎯⎯⎯⎯⎯⎯⎯⎯⎯⎯⎯⎯⎯⎯⎯⎯[234/323]⎯

 FAIL  packages/tx-builder/test/wave13-changeaddr.test.ts > Wave 13 · CHANGEADDR-1 · Explicit change-output 
destination > Same-address test > is semantically equivalent to omit when changeAddress === fromAddress
Error: COINBASE_MATURITY_UNRESOLVED: Cannot resolve the coinbase maturity for network 'simnet' 
(WASM_TOOLCHAIN_NOT_INSTALLED: kaspa-wasm 2.1.0 is not installed at 
C:\Users\jrodr\AppData\Local\Temp\hardkas-hermetic-home-qjr6Ze\toolchains\kaspa-wasm\2.1.0.
Install it with: hardkas toolchain install kaspa-wasm). Provide an explicit override.
 ❯ paramsError packages/core/src/network-params.ts:18:15
     16| 
     17| function paramsError(code: string, message: string): Error {
     18|   const err = new Error(`${code}: ${message}`);
       |               ^
     19|   (err as any).code = code;
     20|   return err;
 ❯ Module.getCoinbaseMaturity packages/core/src/network-params.ts:77:11
 ❯ coinbaseMaturityOf packages/tx-builder/src/kaspa-wallet-adapter.ts:342:10
 ❯ Module.filterMatureUtxos packages/tx-builder/src/kaspa-wallet-adapter.ts:346:20
 ❯ networkCoinbaseMaturity packages/tx-builder/src/service.ts:100:10
 ❯ TxPlanService.planPayment packages/tx-builder/src/service.ts:176:11
 ❯ packages/tx-builder/test/wave13-changeaddr.test.ts:102:30

⎯⎯⎯⎯⎯⎯⎯⎯⎯⎯⎯⎯⎯⎯⎯⎯⎯⎯⎯⎯[235/323]⎯

 FAIL  packages/tx-builder/test/wave13-changeaddr.test.ts > Wave 13 · CHANGEADDR-1 · Explicit change-output 
destination > Differential fixture > maintains same spend intent, UTXOs, and authority while replacing change 
destination
Error: COINBASE_MATURITY_UNRESOLVED: Cannot resolve the coinbase maturity for network 'simnet' 
(WASM_TOOLCHAIN_NOT_INSTALLED: kaspa-wasm 2.1.0 is not installed at 
C:\Users\jrodr\AppData\Local\Temp\hardkas-hermetic-home-qjr6Ze\toolchains\kaspa-wasm\2.1.0.
Install it with: hardkas toolchain install kaspa-wasm). Provide an explicit override.
 ❯ paramsError packages/core/src/network-params.ts:18:15
     16| 
     17| function paramsError(code: string, message: string): Error {
     18|   const err = new Error(`${code}: ${message}`);
       |               ^
     19|   (err as any).code = code;
     20|   return err;
 ❯ Module.getCoinbaseMaturity packages/core/src/network-params.ts:77:11
 ❯ coinbaseMaturityOf packages/tx-builder/src/kaspa-wallet-adapter.ts:342:10
 ❯ Module.filterMatureUtxos packages/tx-builder/src/kaspa-wallet-adapter.ts:346:20
 ❯ networkCoinbaseMaturity packages/tx-builder/src/service.ts:100:10
 ❯ TxPlanService.planPayment packages/tx-builder/src/service.ts:176:11
 ❯ packages/tx-builder/test/wave13-changeaddr.test.ts:135:17

⎯⎯⎯⎯⎯⎯⎯⎯⎯⎯⎯⎯⎯⎯⎯⎯⎯⎯⎯⎯[236/323]⎯

 FAIL  packages/artifacts/test/adversarial/wave1-2-references.test.ts > Wave 1.2 · persisted references resolve only 
by verified identity > baseline: a plan bound to a DENY policy fails strict semantics with POLICY_VIOLATION
Error: WASM_TOOLCHAIN_NOT_INSTALLED: kaspa-wasm 2.1.0 is not installed at 
C:\Users\jrodr\AppData\Local\Temp\hardkas-hermetic-home-qjr6Ze\toolchains\kaspa-wasm\2.1.0.
Install it with: hardkas toolchain install kaspa-wasm
 ❯ Module.loadManagedKaspaWasmSync packages/core/src/kaspa-wasm.ts:23:17
     21|   const verification = verifyManagedToolchainSync(KASPA_WASM_REFERENCE…
     22|   if (!verification.installed) {
     23|     const err = new Error(
       |                 ^
     24|       `WASM_TOOLCHAIN_NOT_INSTALLED: kaspa-wasm ${KASPA_WASM_REFERENCE…
     25|         `Install it with: hardkas toolchain install kaspa-wasm`
 ❯ Module.measureUpstreamMass packages/tx-builder/src/mass.ts:128:13
 ❯ planMass packages/artifacts/src/feeVerify.ts:37:18
 ❯ recomputeMass packages/artifacts/src/feeVerify.ts:48:12
 ❯ Module.verifyFeeSemantics packages/artifacts/src/feeVerify.ts:94:26
 ❯ Module.verifyArtifactSemantics packages/artifacts/src/verify.ts:472:20
 ❯ packages/artifacts/test/adversarial/wave1-2-references.test.ts:88:15

⎯⎯⎯⎯⎯⎯⎯⎯⎯⎯⎯⎯⎯⎯⎯⎯⎯⎯⎯⎯[237/323]⎯

 FAIL  packages/artifacts/test/adversarial/wave1-2-references.test.ts > Wave 1.2 · persisted references resolve only 
by verified identity > T-P7 (AUD-10) · an ALLOW impostor claiming the DENY policy's identity via top-level artifactId 
is never the reference target
Error: WASM_TOOLCHAIN_NOT_INSTALLED: kaspa-wasm 2.1.0 is not installed at 
C:\Users\jrodr\AppData\Local\Temp\hardkas-hermetic-home-qjr6Ze\toolchains\kaspa-wasm\2.1.0.
Install it with: hardkas toolchain install kaspa-wasm
 ❯ Module.loadManagedKaspaWasmSync packages/core/src/kaspa-wasm.ts:23:17
     21|   const verification = verifyManagedToolchainSync(KASPA_WASM_REFERENCE…
     22|   if (!verification.installed) {
     23|     const err = new Error(
       |                 ^
     24|       `WASM_TOOLCHAIN_NOT_INSTALLED: kaspa-wasm ${KASPA_WASM_REFERENCE…
     25|         `Install it with: hardkas toolchain install kaspa-wasm`
 ❯ Module.measureUpstreamMass packages/tx-builder/src/mass.ts:128:13
 ❯ planMass packages/artifacts/src/feeVerify.ts:37:18
 ❯ recomputeMass packages/artifacts/src/feeVerify.ts:48:12
 ❯ Module.verifyFeeSemantics packages/artifacts/src/feeVerify.ts:94:26
 ❯ Module.verifyArtifactSemantics packages/artifacts/src/verify.ts:472:20
 ❯ packages/artifacts/test/adversarial/wave1-2-references.test.ts:97:15

⎯⎯⎯⎯⎯⎯⎯⎯⎯⎯⎯⎯⎯⎯⎯⎯⎯⎯⎯⎯[238/323]⎯

 FAIL  packages/artifacts/test/adversarial/wave1-2-references.test.ts > Wave 1.2 · persisted references resolve only 
by verified identity > T-AUX02 · references are never resolved relative to process.cwd()
Error: WASM_TOOLCHAIN_NOT_INSTALLED: kaspa-wasm 2.1.0 is not installed at 
C:\Users\jrodr\AppData\Local\Temp\hardkas-hermetic-home-qjr6Ze\toolchains\kaspa-wasm\2.1.0.
Install it with: hardkas toolchain install kaspa-wasm
 ❯ Module.loadManagedKaspaWasmSync packages/core/src/kaspa-wasm.ts:23:17
     21|   const verification = verifyManagedToolchainSync(KASPA_WASM_REFERENCE…
     22|   if (!verification.installed) {
     23|     const err = new Error(
       |                 ^
     24|       `WASM_TOOLCHAIN_NOT_INSTALLED: kaspa-wasm ${KASPA_WASM_REFERENCE…
     25|         `Install it with: hardkas toolchain install kaspa-wasm`
 ❯ Module.measureUpstreamMass packages/tx-builder/src/mass.ts:128:13
 ❯ planMass packages/artifacts/src/feeVerify.ts:37:18
 ❯ recomputeMass packages/artifacts/src/feeVerify.ts:48:12
 ❯ Module.verifyFeeSemantics packages/artifacts/src/feeVerify.ts:94:26
 ❯ Module.verifyArtifactSemantics packages/artifacts/src/verify.ts:472:20
 ❯ packages/artifacts/test/adversarial/wave1-2-references.test.ts:115:17

⎯⎯⎯⎯⎯⎯⎯⎯⎯⎯⎯⎯⎯⎯⎯⎯⎯⎯⎯⎯[239/323]⎯

 FAIL  packages/artifacts/test/adversarial/wave1-2-references.test.ts > Wave 1.2 · persisted references resolve only 
by verified identity > IC-5′.6 · a persisted reference that is a label (not a 64-hex artifactId) is REFERENCE_INVALID, 
not resolved
Error: WASM_TOOLCHAIN_NOT_INSTALLED: kaspa-wasm 2.1.0 is not installed at 
C:\Users\jrodr\AppData\Local\Temp\hardkas-hermetic-home-qjr6Ze\toolchains\kaspa-wasm\2.1.0.
Install it with: hardkas toolchain install kaspa-wasm
 ❯ Module.loadManagedKaspaWasmSync packages/core/src/kaspa-wasm.ts:23:17
     21|   const verification = verifyManagedToolchainSync(KASPA_WASM_REFERENCE…
     22|   if (!verification.installed) {
     23|     const err = new Error(
       |                 ^
     24|       `WASM_TOOLCHAIN_NOT_INSTALLED: kaspa-wasm ${KASPA_WASM_REFERENCE…
     25|         `Install it with: hardkas toolchain install kaspa-wasm`
 ❯ Module.measureUpstreamMass packages/tx-builder/src/mass.ts:128:13
 ❯ planMass packages/artifacts/src/feeVerify.ts:37:18
 ❯ recomputeMass packages/artifacts/src/feeVerify.ts:48:12
 ❯ Module.verifyFeeSemantics packages/artifacts/src/feeVerify.ts:94:26
 ❯ Module.verifyArtifactSemantics packages/artifacts/src/verify.ts:472:20
 ❯ packages/artifacts/test/adversarial/wave1-2-references.test.ts:128:15

⎯⎯⎯⎯⎯⎯⎯⎯⎯⎯⎯⎯⎯⎯⎯⎯⎯⎯⎯⎯[240/323]⎯

 FAIL  packages/artifacts/test/adversarial/wave1-2-references.test.ts > Wave 1.2 · persisted references resolve only 
by verified identity > IC-5′.6 · a referenced policy whose stored copy was tampered is REFERENCE_HASH_MISMATCH 
(verified before use)
Error: WASM_TOOLCHAIN_NOT_INSTALLED: kaspa-wasm 2.1.0 is not installed at 
C:\Users\jrodr\AppData\Local\Temp\hardkas-hermetic-home-qjr6Ze\toolchains\kaspa-wasm\2.1.0.
Install it with: hardkas toolchain install kaspa-wasm
 ❯ Module.loadManagedKaspaWasmSync packages/core/src/kaspa-wasm.ts:23:17
     21|   const verification = verifyManagedToolchainSync(KASPA_WASM_REFERENCE…
     22|   if (!verification.installed) {
     23|     const err = new Error(
       |                 ^
     24|       `WASM_TOOLCHAIN_NOT_INSTALLED: kaspa-wasm ${KASPA_WASM_REFERENCE…
     25|         `Install it with: hardkas toolchain install kaspa-wasm`
 ❯ Module.measureUpstreamMass packages/tx-builder/src/mass.ts:128:13
 ❯ planMass packages/artifacts/src/feeVerify.ts:37:18
 ❯ recomputeMass packages/artifacts/src/feeVerify.ts:48:12
 ❯ Module.verifyFeeSemantics packages/artifacts/src/feeVerify.ts:94:26
 ❯ Module.verifyArtifactSemantics packages/artifacts/src/verify.ts:472:20
 ❯ packages/artifacts/test/adversarial/wave1-2-references.test.ts:140:15

⎯⎯⎯⎯⎯⎯⎯⎯⎯⎯⎯⎯⎯⎯⎯⎯⎯⎯⎯⎯[241/323]⎯

 FAIL  packages/artifacts/test/adversarial/wave1-3-b1-parent-migrated-forge.test.ts > B1 · a MigrationReceipt never 
turns a missing parent into a valid one > positive: a genuine migration with the legacy source present verifies strict 
through the normal parent path
Error: WASM_TOOLCHAIN_NOT_INSTALLED: kaspa-wasm 2.1.0 is not installed at 
C:\Users\jrodr\AppData\Local\Temp\hardkas-hermetic-home-qjr6Ze\toolchains\kaspa-wasm\2.1.0.
Install it with: hardkas toolchain install kaspa-wasm
 ❯ Module.loadManagedKaspaWasmSync packages/core/src/kaspa-wasm.ts:23:17
     21|   const verification = verifyManagedToolchainSync(KASPA_WASM_REFERENCE…
     22|   if (!verification.installed) {
     23|     const err = new Error(
       |                 ^
     24|       `WASM_TOOLCHAIN_NOT_INSTALLED: kaspa-wasm ${KASPA_WASM_REFERENCE…
     25|         `Install it with: hardkas toolchain install kaspa-wasm`
 ❯ Module.measureUpstreamMass packages/tx-builder/src/mass.ts:128:13
 ❯ planMass packages/artifacts/src/feeVerify.ts:37:18
 ❯ recomputeMass packages/artifacts/src/feeVerify.ts:48:12
 ❯ Module.verifyFeeSemantics packages/artifacts/src/feeVerify.ts:94:26
 ❯ Module.verifyArtifactSemantics packages/artifacts/src/verify.ts:472:20
 ❯ packages/artifacts/test/adversarial/wave1-3-b1-parent-migrated-forge.test.ts:169:25

⎯⎯⎯⎯⎯⎯⎯⎯⎯⎯⎯⎯⎯⎯⎯⎯⎯⎯⎯⎯[242/323]⎯

 FAIL  packages/artifacts/test/adversarial/wave1-3-b1-parent-migrated-forge.test.ts > B1 · a MigrationReceipt never 
turns a missing parent into a valid one > the same genuine migration WITHOUT the source in the store fails strict with 
PARENT_MISSING (the source must stay)
Error: WASM_TOOLCHAIN_NOT_INSTALLED: kaspa-wasm 2.1.0 is not installed at 
C:\Users\jrodr\AppData\Local\Temp\hardkas-hermetic-home-qjr6Ze\toolchains\kaspa-wasm\2.1.0.
Install it with: hardkas toolchain install kaspa-wasm
 ❯ Module.loadManagedKaspaWasmSync packages/core/src/kaspa-wasm.ts:23:17
     21|   const verification = verifyManagedToolchainSync(KASPA_WASM_REFERENCE…
     22|   if (!verification.installed) {
     23|     const err = new Error(
       |                 ^
     24|       `WASM_TOOLCHAIN_NOT_INSTALLED: kaspa-wasm ${KASPA_WASM_REFERENCE…
     25|         `Install it with: hardkas toolchain install kaspa-wasm`
 ❯ Module.measureUpstreamMass packages/tx-builder/src/mass.ts:128:13
 ❯ planMass packages/artifacts/src/feeVerify.ts:37:18
 ❯ recomputeMass packages/artifacts/src/feeVerify.ts:48:12
 ❯ Module.verifyFeeSemantics packages/artifacts/src/feeVerify.ts:94:26
 ❯ Module.verifyArtifactSemantics packages/artifacts/src/verify.ts:472:20
 ❯ packages/artifacts/test/adversarial/wave1-3-b1-parent-migrated-forge.test.ts:188:23

⎯⎯⎯⎯⎯⎯⎯⎯⎯⎯⎯⎯⎯⎯⎯⎯⎯⎯⎯⎯[243/323]⎯

 FAIL  packages/artifacts/test/adversarial/wave1-3-b1-parent-migrated-forge.test.ts > B1-bis · a descendant is not a 
re-issue: supersession requires schema continuity and a coherent receipt > case 1 (attack) · legacy plan L → 
legitimate v5 signed child S + forged FULL receipt old=L,new=S → undefined; L stays MIGRATION_REQUIRED
AssertionError: error:PARENT_CORRUPT: expected false to be true // Object.is equality

- Expected
+ Received

- true
+ false

 ❯ legacyRootWithChild packages/artifacts/test/adversarial/wave1-3-b1-parent-migrated-forge.test.ts:324:64
    322|     // The child is a perfectly valid strict member of the store: the …
    323|     const childSemantics = verifyArtifactSemantics(structuredClone(chi…
    324|     expect(childSemantics.ok, codes(childSemantics).join(",")).toBe(tr…
       |                                                                ^
    325|     return { legacy, child };
    326|   }
 ❯ packages/artifacts/test/adversarial/wave1-3-b1-parent-migrated-forge.test.ts:329:31

⎯⎯⎯⎯⎯⎯⎯⎯⎯⎯⎯⎯⎯⎯⎯⎯⎯⎯⎯⎯[244/323]⎯

 FAIL  packages/artifacts/test/adversarial/wave1-3-b1-parent-migrated-forge.test.ts > B1-bis · a descendant is not a 
re-issue: supersession requires schema continuity and a coherent receipt > case 2 (genuine) · plan → re-issued plan 
keeps returning the pair and the re-issue is a strict member of the store
Error: WASM_TOOLCHAIN_NOT_INSTALLED: kaspa-wasm 2.1.0 is not installed at 
C:\Users\jrodr\AppData\Local\Temp\hardkas-hermetic-home-qjr6Ze\toolchains\kaspa-wasm\2.1.0.
Install it with: hardkas toolchain install kaspa-wasm
 ❯ Module.loadManagedKaspaWasmSync packages/core/src/kaspa-wasm.ts:23:17
     21|   const verification = verifyManagedToolchainSync(KASPA_WASM_REFERENCE…
     22|   if (!verification.installed) {
     23|     const err = new Error(
       |                 ^
     24|       `WASM_TOOLCHAIN_NOT_INSTALLED: kaspa-wasm ${KASPA_WASM_REFERENCE…
     25|         `Install it with: hardkas toolchain install kaspa-wasm`
 ❯ Module.measureUpstreamMass packages/tx-builder/src/mass.ts:128:13
 ❯ planMass packages/artifacts/src/feeVerify.ts:37:18
 ❯ recomputeMass packages/artifacts/src/feeVerify.ts:48:12
 ❯ Module.verifyFeeSemantics packages/artifacts/src/feeVerify.ts:94:26
 ❯ Module.verifyArtifactSemantics packages/artifacts/src/verify.ts:472:20
 ❯ packages/artifacts/test/adversarial/wave1-3-b1-parent-migrated-forge.test.ts:364:23

⎯⎯⎯⎯⎯⎯⎯⎯⎯⎯⎯⎯⎯⎯⎯⎯⎯⎯⎯⎯[245/323]⎯

 FAIL  packages/sdk/test/adversarial/demo-cut-e04-simulator-identity.test.ts > Demo-cut · E04 · the simulator keeps 
one identity per account > plan → sign → simulate alice → bob 25 KAS: every spelling of both accounts sees the same, 
correct balance
Error: COINBASE_MATURITY_UNRESOLVED: Cannot resolve the coinbase maturity for network 'simulated' 
(WASM_TOOLCHAIN_NOT_INSTALLED: kaspa-wasm 2.1.0 is not installed at 
C:\Users\jrodr\AppData\Local\Temp\hardkas-hermetic-home-qjr6Ze\toolchains\kaspa-wasm\2.1.0.
Install it with: hardkas toolchain install kaspa-wasm). Provide an explicit override.
 ❯ paramsError packages/core/src/network-params.ts:18:15
     16| 
     17| function paramsError(code: string, message: string): Error {
     18|   const err = new Error(`${code}: ${message}`);
       |               ^
     19|   (err as any).code = code;
     20|   return err;
 ❯ Module.getCoinbaseMaturity packages/core/src/network-params.ts:77:11
 ❯ HardkasTx.plan packages/sdk/src/tx.ts:450:30
 ❯ packages/sdk/test/adversarial/demo-cut-e04-simulator-identity.test.ts:66:18

⎯⎯⎯⎯⎯⎯⎯⎯⎯⎯⎯⎯⎯⎯⎯⎯⎯⎯⎯⎯[246/323]⎯

 FAIL  packages/sdk/test/adversarial/demo-cut-e04-simulator-identity.test.ts > Demo-cut · E04 · the simulator keeps 
one identity per account > the SDK balance API agrees for the name and the synthetic identity after a send
Error: COINBASE_MATURITY_UNRESOLVED: Cannot resolve the coinbase maturity for network 'simulated' 
(WASM_TOOLCHAIN_NOT_INSTALLED: kaspa-wasm 2.1.0 is not installed at 
C:\Users\jrodr\AppData\Local\Temp\hardkas-hermetic-home-qjr6Ze\toolchains\kaspa-wasm\2.1.0.
Install it with: hardkas toolchain install kaspa-wasm). Provide an explicit override.
 ❯ paramsError packages/core/src/network-params.ts:18:15
     16| 
     17| function paramsError(code: string, message: string): Error {
     18|   const err = new Error(`${code}: ${message}`);
       |               ^
     19|   (err as any).code = code;
     20|   return err;
 ❯ Module.getCoinbaseMaturity packages/core/src/network-params.ts:77:11
 ❯ HardkasTx.plan packages/sdk/src/tx.ts:450:30
 ❯ packages/sdk/test/adversarial/demo-cut-e04-simulator-identity.test.ts:86:18

⎯⎯⎯⎯⎯⎯⎯⎯⎯⎯⎯⎯⎯⎯⎯⎯⎯⎯⎯⎯[247/323]⎯

 FAIL  packages/sdk/test/adversarial/demo-cut-e04-simulator-identity.test.ts > Demo-cut · E04 · the simulator keeps 
one identity per account > a second send spends the change of the first (the change landed on the sender's one 
identity)
Error: COINBASE_MATURITY_UNRESOLVED: Cannot resolve the coinbase maturity for network 'simulated' 
(WASM_TOOLCHAIN_NOT_INSTALLED: kaspa-wasm 2.1.0 is not installed at 
C:\Users\jrodr\AppData\Local\Temp\hardkas-hermetic-home-qjr6Ze\toolchains\kaspa-wasm\2.1.0.
Install it with: hardkas toolchain install kaspa-wasm). Provide an explicit override.
 ❯ paramsError packages/core/src/network-params.ts:18:15
     16| 
     17| function paramsError(code: string, message: string): Error {
     18|   const err = new Error(`${code}: ${message}`);
       |               ^
     19|   (err as any).code = code;
     20|   return err;
 ❯ Module.getCoinbaseMaturity packages/core/src/network-params.ts:77:11
 ❯ HardkasTx.plan packages/sdk/src/tx.ts:450:30
 ❯ packages/sdk/test/adversarial/demo-cut-e04-simulator-identity.test.ts:95:16

⎯⎯⎯⎯⎯⎯⎯⎯⎯⎯⎯⎯⎯⎯⎯⎯⎯⎯⎯⎯[248/323]⎯

 FAIL  packages/sdk/test/adversarial/demo-cut-e04-simulator-identity.test.ts > Demo-cut · E04 · the simulator keeps 
one identity per account > a receipt produced after the fix replays: re-execution writes to the same identity
Error: COINBASE_MATURITY_UNRESOLVED: Cannot resolve the coinbase maturity for network 'simulated' 
(WASM_TOOLCHAIN_NOT_INSTALLED: kaspa-wasm 2.1.0 is not installed at 
C:\Users\jrodr\AppData\Local\Temp\hardkas-hermetic-home-qjr6Ze\toolchains\kaspa-wasm\2.1.0.
Install it with: hardkas toolchain install kaspa-wasm). Provide an explicit override.
 ❯ paramsError packages/core/src/network-params.ts:18:15
     16| 
     17| function paramsError(code: string, message: string): Error {
     18|   const err = new Error(`${code}: ${message}`);
       |               ^
     19|   (err as any).code = code;
     20|   return err;
 ❯ Module.getCoinbaseMaturity packages/core/src/network-params.ts:77:11
 ❯ HardkasTx.plan packages/sdk/src/tx.ts:450:30
 ❯ packages/sdk/test/adversarial/demo-cut-e04-simulator-identity.test.ts:112:18

⎯⎯⎯⎯⎯⎯⎯⎯⎯⎯⎯⎯⎯⎯⎯⎯⎯⎯⎯⎯[249/323]⎯

 FAIL  packages/sdk/test/adversarial/first-contact-e01-sign-persists-plan.test.ts > First contact · E01 · sign() 
persists the plan it authorizes > the quickstart flow (plan → sign → simulate) runs without writing the plan by hand
Error: COINBASE_MATURITY_UNRESOLVED: Cannot resolve the coinbase maturity for network 'simulated' 
(WASM_TOOLCHAIN_NOT_INSTALLED: kaspa-wasm 2.1.0 is not installed at 
C:\Users\jrodr\AppData\Local\Temp\hardkas-hermetic-home-qjr6Ze\toolchains\kaspa-wasm\2.1.0.
Install it with: hardkas toolchain install kaspa-wasm). Provide an explicit override.
 ❯ paramsError packages/core/src/network-params.ts:18:15
     16| 
     17| function paramsError(code: string, message: string): Error {
     18|   const err = new Error(`${code}: ${message}`);
       |               ^
     19|   (err as any).code = code;
     20|   return err;
 ❯ Module.getCoinbaseMaturity packages/core/src/network-params.ts:77:11
 ❯ HardkasTx.plan packages/sdk/src/tx.ts:450:30
 ❯ packages/sdk/test/adversarial/first-contact-e01-sign-persists-plan.test.ts:41:18

⎯⎯⎯⎯⎯⎯⎯⎯⎯⎯⎯⎯⎯⎯⎯⎯⎯⎯⎯⎯[250/323]⎯

 FAIL  packages/sdk/test/adversarial/first-contact-e01-sign-persists-plan.test.ts > First contact · E01 · sign() 
persists the plan it authorizes > send() on the simulator follows the same path
Error: COINBASE_MATURITY_UNRESOLVED: Cannot resolve the coinbase maturity for network 'simulated' 
(WASM_TOOLCHAIN_NOT_INSTALLED: kaspa-wasm 2.1.0 is not installed at 
C:\Users\jrodr\AppData\Local\Temp\hardkas-hermetic-home-qjr6Ze\toolchains\kaspa-wasm\2.1.0.
Install it with: hardkas toolchain install kaspa-wasm). Provide an explicit override.
 ❯ paramsError packages/core/src/network-params.ts:18:15
     16| 
     17| function paramsError(code: string, message: string): Error {
     18|   const err = new Error(`${code}: ${message}`);
       |               ^
     19|   (err as any).code = code;
     20|   return err;
 ❯ Module.getCoinbaseMaturity packages/core/src/network-params.ts:77:11
 ❯ HardkasTx.plan packages/sdk/src/tx.ts:450:30
 ❯ packages/sdk/test/adversarial/first-contact-e01-sign-persists-plan.test.ts:48:18

⎯⎯⎯⎯⎯⎯⎯⎯⎯⎯⎯⎯⎯⎯⎯⎯⎯⎯⎯⎯[251/323]⎯

 FAIL  packages/sdk/test/adversarial/first-contact-e01-sign-persists-plan.test.ts > First contact · E01 · sign() 
persists the plan it authorizes > sdk.localnet.fund and sdk.accounts.fund work on the simulator
Error: COINBASE_MATURITY_UNRESOLVED: Cannot resolve the coinbase maturity for network 'simulated' 
(WASM_TOOLCHAIN_NOT_INSTALLED: kaspa-wasm 2.1.0 is not installed at 
C:\Users\jrodr\AppData\Local\Temp\hardkas-hermetic-home-qjr6Ze\toolchains\kaspa-wasm\2.1.0.
Install it with: hardkas toolchain install kaspa-wasm). Provide an explicit override.
 ❯ paramsError packages/core/src/network-params.ts:18:15
     16| 
     17| function paramsError(code: string, message: string): Error {
     18|   const err = new Error(`${code}: ${message}`);
       |               ^
     19|   (err as any).code = code;
     20|   return err;
 ❯ Module.getCoinbaseMaturity packages/core/src/network-params.ts:77:11
 ❯ HardkasTx.plan packages/sdk/src/tx.ts:450:30
 ❯ HardkasAccounts.fund packages/sdk/src/accounts.ts:100:18
 ❯ HardkasLocalnet.fund packages/sdk/src/localnet.ts:162:23
 ❯ packages/sdk/test/adversarial/first-contact-e01-sign-persists-plan.test.ts:55:25

⎯⎯⎯⎯⎯⎯⎯⎯⎯⎯⎯⎯⎯⎯⎯⎯⎯⎯⎯⎯[252/323]⎯

 FAIL  packages/sdk/test/adversarial/first-contact-e01-sign-persists-plan.test.ts > First contact · E01 · sign() 
persists the plan it authorizes > after sign() the plan is in the store under its own identity, FULL scope, and the 
signed verifies strictly
Error: COINBASE_MATURITY_UNRESOLVED: Cannot resolve the coinbase maturity for network 'simulated' 
(WASM_TOOLCHAIN_NOT_INSTALLED: kaspa-wasm 2.1.0 is not installed at 
C:\Users\jrodr\AppData\Local\Temp\hardkas-hermetic-home-qjr6Ze\toolchains\kaspa-wasm\2.1.0.
Install it with: hardkas toolchain install kaspa-wasm). Provide an explicit override.
 ❯ paramsError packages/core/src/network-params.ts:18:15
     16| 
     17| function paramsError(code: string, message: string): Error {
     18|   const err = new Error(`${code}: ${message}`);
       |               ^
     19|   (err as any).code = code;
     20|   return err;
 ❯ Module.getCoinbaseMaturity packages/core/src/network-params.ts:77:11
 ❯ HardkasTx.plan packages/sdk/src/tx.ts:450:30
 ❯ packages/sdk/test/adversarial/first-contact-e01-sign-persists-plan.test.ts:63:18

⎯⎯⎯⎯⎯⎯⎯⎯⎯⎯⎯⎯⎯⎯⎯⎯⎯⎯⎯⎯[253/323]⎯

 FAIL  packages/sdk/test/adversarial/first-contact-e01-sign-persists-plan.test.ts > First contact · E01 · sign() 
persists the plan it authorizes > persisting is idempotent: writing the plan again, or signing it twice, still works
Error: COINBASE_MATURITY_UNRESOLVED: Cannot resolve the coinbase maturity for network 'simulated' 
(WASM_TOOLCHAIN_NOT_INSTALLED: kaspa-wasm 2.1.0 is not installed at 
C:\Users\jrodr\AppData\Local\Temp\hardkas-hermetic-home-qjr6Ze\toolchains\kaspa-wasm\2.1.0.
Install it with: hardkas toolchain install kaspa-wasm). Provide an explicit override.
 ❯ paramsError packages/core/src/network-params.ts:18:15
     16| 
     17| function paramsError(code: string, message: string): Error {
     18|   const err = new Error(`${code}: ${message}`);
       |               ^
     19|   (err as any).code = code;
     20|   return err;
 ❯ Module.getCoinbaseMaturity packages/core/src/network-params.ts:77:11
 ❯ HardkasTx.plan packages/sdk/src/tx.ts:450:30
 ❯ packages/sdk/test/adversarial/first-contact-e01-sign-persists-plan.test.ts:74:18

⎯⎯⎯⎯⎯⎯⎯⎯⎯⎯⎯⎯⎯⎯⎯⎯⎯⎯⎯⎯[254/323]⎯

 FAIL  packages/sdk/test/adversarial/first-contact-e01-sign-persists-plan.test.ts > First contact · E01 · sign() 
persists the plan it authorizes > a tampered stored copy of the plan is never overwritten: sign() refuses and the 
evidence stays on disk
Error: COINBASE_MATURITY_UNRESOLVED: Cannot resolve the coinbase maturity for network 'simulated' 
(WASM_TOOLCHAIN_NOT_INSTALLED: kaspa-wasm 2.1.0 is not installed at 
C:\Users\jrodr\AppData\Local\Temp\hardkas-hermetic-home-qjr6Ze\toolchains\kaspa-wasm\2.1.0.
Install it with: hardkas toolchain install kaspa-wasm). Provide an explicit override.
 ❯ paramsError packages/core/src/network-params.ts:18:15
     16| 
     17| function paramsError(code: string, message: string): Error {
     18|   const err = new Error(`${code}: ${message}`);
       |               ^
     19|   (err as any).code = code;
     20|   return err;
 ❯ Module.getCoinbaseMaturity packages/core/src/network-params.ts:77:11
 ❯ HardkasTx.plan packages/sdk/src/tx.ts:450:30
 ❯ packages/sdk/test/adversarial/first-contact-e01-sign-persists-plan.test.ts:86:18

⎯⎯⎯⎯⎯⎯⎯⎯⎯⎯⎯⎯⎯⎯⎯⎯⎯⎯⎯⎯[255/323]⎯

 FAIL  packages/sdk/test/adversarial/first-contact-e01-sign-persists-plan.test.ts > First contact · E01 · sign() 
persists the plan it authorizes > the binding is unchanged: a signed artifact cannot be executed with a different plan
Error: COINBASE_MATURITY_UNRESOLVED: Cannot resolve the coinbase maturity for network 'simulated' 
(WASM_TOOLCHAIN_NOT_INSTALLED: kaspa-wasm 2.1.0 is not installed at 
C:\Users\jrodr\AppData\Local\Temp\hardkas-hermetic-home-qjr6Ze\toolchains\kaspa-wasm\2.1.0.
Install it with: hardkas toolchain install kaspa-wasm). Provide an explicit override.
 ❯ paramsError packages/core/src/network-params.ts:18:15
     16| 
     17| function paramsError(code: string, message: string): Error {
     18|   const err = new Error(`${code}: ${message}`);
       |               ^
     19|   (err as any).code = code;
     20|   return err;
 ❯ Module.getCoinbaseMaturity packages/core/src/network-params.ts:77:11
 ❯ HardkasTx.plan packages/sdk/src/tx.ts:450:30
 ❯ packages/sdk/test/adversarial/first-contact-e01-sign-persists-plan.test.ts:100:19

⎯⎯⎯⎯⎯⎯⎯⎯⎯⎯⎯⎯⎯⎯⎯⎯⎯⎯⎯⎯[256/323]⎯

 FAIL  packages/sdk/test/adversarial/wave1-1-writer-n3.test.ts > Wave 1.1 · SDK writer (N3) and lifecycle 
self-consistency > every artifact the simulated lifecycle persists verifies strictly as written (plan → sign → send → 
trace)
Error: COINBASE_MATURITY_UNRESOLVED: Cannot resolve the coinbase maturity for network 'simulated' 
(WASM_TOOLCHAIN_NOT_INSTALLED: kaspa-wasm 2.1.0 is not installed at 
C:\Users\jrodr\AppData\Local\Temp\hardkas-hermetic-home-qjr6Ze\toolchains\kaspa-wasm\2.1.0.
Install it with: hardkas toolchain install kaspa-wasm). Provide an explicit override.
 ❯ paramsError packages/core/src/network-params.ts:18:15
     16| 
     17| function paramsError(code: string, message: string): Error {
     18|   const err = new Error(`${code}: ${message}`);
       |               ^
     19|   (err as any).code = code;
     20|   return err;
 ❯ Module.getCoinbaseMaturity packages/core/src/network-params.ts:77:11
 ❯ HardkasTx.plan packages/sdk/src/tx.ts:450:30
 ❯ packages/sdk/test/adversarial/wave1-1-writer-n3.test.ts:69:23

⎯⎯⎯⎯⎯⎯⎯⎯⎯⎯⎯⎯⎯⎯⎯⎯⎯⎯⎯⎯[257/323]⎯

 FAIL  packages/sdk/test/adversarial/wave1-2-sdk-identity.test.ts > Wave 1.2 · SDK identity resolution > T-S2 · labels 
and txIds need their namespace; tx never returns the signed; warm ≡ cold
Error: COINBASE_MATURITY_UNRESOLVED: Cannot resolve the coinbase maturity for network 'simulated' 
(WASM_TOOLCHAIN_NOT_INSTALLED: kaspa-wasm 2.1.0 is not installed at 
C:\Users\jrodr\AppData\Local\Temp\hardkas-hermetic-home-qjr6Ze\toolchains\kaspa-wasm\2.1.0.
Install it with: hardkas toolchain install kaspa-wasm). Provide an explicit override.
 ❯ paramsError packages/core/src/network-params.ts:18:15
     16| 
     17| function paramsError(code: string, message: string): Error {
     18|   const err = new Error(`${code}: ${message}`);
       |               ^
     19|   (err as any).code = code;
     20|   return err;
 ❯ Module.getCoinbaseMaturity packages/core/src/network-params.ts:77:11
 ❯ HardkasTx.plan packages/sdk/src/tx.ts:450:30
 ❯ packages/sdk/test/adversarial/wave1-2-sdk-identity.test.ts:83:18

⎯⎯⎯⎯⎯⎯⎯⎯⎯⎯⎯⎯⎯⎯⎯⎯⎯⎯⎯⎯[258/323]⎯

 FAIL  packages/sdk/test/adversarial/wave1-2-sdk-identity.test.ts > Wave 1.2 · SDK identity resolution > persisted 
policy references are artifactIds: a label fails closed, an unknown id is REFERENCE_MISSING, no raw fallback
AssertionError: expected 'COINBASE_MATURITY_UNRESOLVED' to be 'NAMESPACE_REQUIRED' // Object.is equality

Expected: "NAMESPACE_REQUIRED"
Received: "COINBASE_MATURITY_UNRESOLVED"

 ❯ packages/sdk/test/adversarial/wave1-2-sdk-identity.test.ts:114:107
    112| 
    113|   it("persisted policy references are artifactIds: a label fails close…
    114|     expect(await codeOf(sdk.tx.plan({ from: "alice", to: "bob", amount…
       |                                                                                                           ^
    115|     expect(await codeOf(sdk.tx.plan({ from: "alice", to: "bob", amount…
    116|     const allow = sealedPolicy("ALLOW");

⎯⎯⎯⎯⎯⎯⎯⎯⎯⎯⎯⎯⎯⎯⎯⎯⎯⎯⎯⎯[259/323]⎯

 FAIL  packages/sdk/test/adversarial/wave1-2-sdk-identity.test.ts > Wave 1.2 · SDK identity resolution > T-N5 · a 
planted receipt with the expected txId and status accepted neither skips execution nor is returned
Error: COINBASE_MATURITY_UNRESOLVED: Cannot resolve the coinbase maturity for network 'simulated' 
(WASM_TOOLCHAIN_NOT_INSTALLED: kaspa-wasm 2.1.0 is not installed at 
C:\Users\jrodr\AppData\Local\Temp\hardkas-hermetic-home-qjr6Ze\toolchains\kaspa-wasm\2.1.0.
Install it with: hardkas toolchain install kaspa-wasm). Provide an explicit override.
 ❯ paramsError packages/core/src/network-params.ts:18:15
     16| 
     17| function paramsError(code: string, message: string): Error {
     18|   const err = new Error(`${code}: ${message}`);
       |               ^
     19|   (err as any).code = code;
     20|   return err;
 ❯ Module.getCoinbaseMaturity packages/core/src/network-params.ts:77:11
 ❯ HardkasTx.plan packages/sdk/src/tx.ts:450:30
 ❯ packages/sdk/test/adversarial/wave1-2-sdk-identity.test.ts:123:18

⎯⎯⎯⎯⎯⎯⎯⎯⎯⎯⎯⎯⎯⎯⎯⎯⎯⎯⎯⎯[260/323]⎯

 FAIL  packages/sdk/test/adversarial/wave1-2-sdk-identity.test.ts > Wave 1.2 · SDK identity resolution > simulate/send 
resolve the parent plan by lineage.parentArtifactId (store) or an explicit plan whose identity matches
Error: COINBASE_MATURITY_UNRESOLVED: Cannot resolve the coinbase maturity for network 'simulated' 
(WASM_TOOLCHAIN_NOT_INSTALLED: kaspa-wasm 2.1.0 is not installed at 
C:\Users\jrodr\AppData\Local\Temp\hardkas-hermetic-home-qjr6Ze\toolchains\kaspa-wasm\2.1.0.
Install it with: hardkas toolchain install kaspa-wasm). Provide an explicit override.
 ❯ paramsError packages/core/src/network-params.ts:18:15
     16| 
     17| function paramsError(code: string, message: string): Error {
     18|   const err = new Error(`${code}: ${message}`);
       |               ^
     19|   (err as any).code = code;
     20|   return err;
 ❯ Module.getCoinbaseMaturity packages/core/src/network-params.ts:77:11
 ❯ HardkasTx.plan packages/sdk/src/tx.ts:450:30
 ❯ packages/sdk/test/adversarial/wave1-2-sdk-identity.test.ts:164:18

⎯⎯⎯⎯⎯⎯⎯⎯⎯⎯⎯⎯⎯⎯⎯⎯⎯⎯⎯⎯[261/323]⎯

 FAIL  packages/sdk/test/adversarial/wave1-3-b2-workflow-rejected-send.test.ts > B2 · a rejected broadcast is never a 
successful workflow step > declarative tx.send: submitTransaction rejected → submitted:false → send step failed → 
workflow failed
AssertionError: expected "send" to be called 1 times, but got 0 times
 ❯ packages/sdk/test/adversarial/wave1-3-b2-workflow-rejected-send.test.ts:77:21
     75| 
     76|     // The real send ran and reported the rejection.
     77|     expect(sendSpy).toHaveBeenCalledTimes(1);
       |                     ^
     78|     const sendResult: any = await sendSpy.mock.results[0]!.value;
     79|     expect(sendResult.submitted).toBe(false);

⎯⎯⎯⎯⎯⎯⎯⎯⎯⎯⎯⎯⎯⎯⎯⎯⎯⎯⎯⎯[262/323]⎯

 FAIL  packages/sdk/test/adversarial/wave1-3-b2-workflow-rejected-send.test.ts > B2 · a rejected broadcast is never a 
successful workflow step > script ctx.tx.send: submitTransaction rejected → submitted:false → script step failed → 
workflow failed
AssertionError: expected "send" to be called 1 times, but got 0 times
 ❯ packages/sdk/test/adversarial/wave1-3-b2-workflow-rejected-send.test.ts:107:21
    105|     });
    106| 
    107|     expect(sendSpy).toHaveBeenCalledTimes(1);
       |                     ^
    108|     const sendResult: any = await sendSpy.mock.results[0]!.value;
    109|     expect(sendResult.submitted).toBe(false);

⎯⎯⎯⎯⎯⎯⎯⎯⎯⎯⎯⎯⎯⎯⎯⎯⎯⎯⎯⎯[263/323]⎯

 FAIL  packages/sdk/test/adversarial/wave1-3-b2-workflow-rejected-send.test.ts > B2 · a rejected broadcast is never a 
successful workflow step > control: an accepted submit keeps the send step `success` on both paths (the guard is not a 
blanket failure)
AssertionError: {"code":"COINBASE_MATURITY_UNRESOLVED","message":"COINBASE_MATURITY_UNRESOLVED: Cannot resolve the 
coinbase maturity for network 'simulated' (WASM_TOOLCHAIN_NOT_INSTALLED: kaspa-wasm 2.1.0 is not installed at 
C:\\Users\\jrodr\\AppData\\Local\\Temp\\hardkas-hermetic-home-qjr6Ze\\toolchains\\kaspa-wasm\\2.1.0.\nInstall it with: 
hardkas toolchain install kaspa-wasm). Provide an explicit override.","redacted":false}: expected 'failed' to be 
'completed' // Object.is equality

Expected: "completed"
Received: "failed"

 ❯ packages/sdk/test/adversarial/wave1-3-b2-workflow-rejected-send.test.ts:125:75
    123|       ]
    124|     });
    125|     expect(declarative.status, JSON.stringify(declarative.errorEnvelop…
       |                                                                           ^
    126|     expect(declarative.steps.find((s: any) => s.type === "tx.send").st…
    127| 

⎯⎯⎯⎯⎯⎯⎯⎯⎯⎯⎯⎯⎯⎯⎯⎯⎯⎯⎯⎯[264/323]⎯

 FAIL  packages/sdk/test/adversarial/wave1-3-producers.test.ts > Wave 1.3 · SDK producers > N6 · the workflow artifact 
is a version-5 artifact without a top-level artifactId, resolvable warm and cold
AssertionError: expected 'failed' to be 'completed' // Object.is equality

Expected: "completed"
Received: "failed"

 ❯ packages/sdk/test/adversarial/wave1-3-producers.test.ts:70:24
     68|       ]
     69|     });
     70|     expect(run.status).toBe("completed");
       |                        ^
     71|     expect(run.hashVersion).toBe(CURRENT_HASH_VERSION);
     72|     expect(run.artifactId).toBeUndefined();

⎯⎯⎯⎯⎯⎯⎯⎯⎯⎯⎯⎯⎯⎯⎯⎯⎯⎯⎯⎯[265/323]⎯

 FAIL  packages/sdk/test/adversarial/wave1-3-producers.test.ts > Wave 1.3 · SDK producers > R-iii · a real send writes 
an immutable txSubmission.v1 with the signed reference, the node's txId and the submit result; no post-send state
Error: COINBASE_MATURITY_UNRESOLVED: Cannot resolve the coinbase maturity for network 'simulated' 
(WASM_TOOLCHAIN_NOT_INSTALLED: kaspa-wasm 2.1.0 is not installed at 
C:\Users\jrodr\AppData\Local\Temp\hardkas-hermetic-home-qjr6Ze\toolchains\kaspa-wasm\2.1.0.
Install it with: hardkas toolchain install kaspa-wasm). Provide an explicit override.
 ❯ paramsError packages/core/src/network-params.ts:18:15
     16| 
     17| function paramsError(code: string, message: string): Error {
     18|   const err = new Error(`${code}: ${message}`);
       |               ^
     19|   (err as any).code = code;
     20|   return err;
 ❯ Module.getCoinbaseMaturity packages/core/src/network-params.ts:77:11
 ❯ HardkasTx.plan packages/sdk/src/tx.ts:450:30
 ❯ packages/sdk/test/adversarial/wave1-3-producers.test.ts:99:18

⎯⎯⎯⎯⎯⎯⎯⎯⎯⎯⎯⎯⎯⎯⎯⎯⎯⎯⎯⎯[266/323]⎯

 FAIL  packages/sdk/test/adversarial/wave1-3-producers.test.ts > Wave 1.3 · SDK producers > R-iii · a rejected submit 
is recorded as a submission too (what HardKAS did), with the node's answer authenticated
Error: COINBASE_MATURITY_UNRESOLVED: Cannot resolve the coinbase maturity for network 'simulated' 
(WASM_TOOLCHAIN_NOT_INSTALLED: kaspa-wasm 2.1.0 is not installed at 
C:\Users\jrodr\AppData\Local\Temp\hardkas-hermetic-home-qjr6Ze\toolchains\kaspa-wasm\2.1.0.
Install it with: hardkas toolchain install kaspa-wasm). Provide an explicit override.
 ❯ paramsError packages/core/src/network-params.ts:18:15
     16| 
     17| function paramsError(code: string, message: string): Error {
     18|   const err = new Error(`${code}: ${message}`);
       |               ^
     19|   (err as any).code = code;
     20|   return err;
 ❯ Module.getCoinbaseMaturity packages/core/src/network-params.ts:77:11
 ❯ HardkasTx.plan packages/sdk/src/tx.ts:450:30
 ❯ packages/sdk/test/adversarial/wave1-3-producers.test.ts:148:18

⎯⎯⎯⎯⎯⎯⎯⎯⎯⎯⎯⎯⎯⎯⎯⎯⎯⎯⎯⎯[267/323]⎯

 FAIL  packages/sdk/test/adversarial/wave1-3-producers.test.ts > Wave 1.3 · SDK producers > R-iii · two distinct 
submissions for one txId are an ambiguity, never a silent pick
Error: COINBASE_MATURITY_UNRESOLVED: Cannot resolve the coinbase maturity for network 'simulated' 
(WASM_TOOLCHAIN_NOT_INSTALLED: kaspa-wasm 2.1.0 is not installed at 
C:\Users\jrodr\AppData\Local\Temp\hardkas-hermetic-home-qjr6Ze\toolchains\kaspa-wasm\2.1.0.
Install it with: hardkas toolchain install kaspa-wasm). Provide an explicit override.
 ❯ paramsError packages/core/src/network-params.ts:18:15
     16| 
     17| function paramsError(code: string, message: string): Error {
     18|   const err = new Error(`${code}: ${message}`);
       |               ^
     19|   (err as any).code = code;
     20|   return err;
 ❯ Module.getCoinbaseMaturity packages/core/src/network-params.ts:77:11
 ❯ HardkasTx.plan packages/sdk/src/tx.ts:450:30
 ❯ packages/sdk/test/adversarial/wave1-3-producers.test.ts:164:18

⎯⎯⎯⎯⎯⎯⎯⎯⎯⎯⎯⎯⎯⎯⎯⎯⎯⎯⎯⎯[268/323]⎯

 FAIL  packages/sdk/test/adversarial/wave1-3-producers.test.ts > Wave 1.3 · SDK producers > D-Q1.f · 
sdk.artifacts.migrate re-issues a legacy v4 plan as v5 plus a MigrationReceipt; the source stays as written
Error: COINBASE_MATURITY_UNRESOLVED: Cannot resolve the coinbase maturity for network 'simulated' 
(WASM_TOOLCHAIN_NOT_INSTALLED: kaspa-wasm 2.1.0 is not installed at 
C:\Users\jrodr\AppData\Local\Temp\hardkas-hermetic-home-qjr6Ze\toolchains\kaspa-wasm\2.1.0.
Install it with: hardkas toolchain install kaspa-wasm). Provide an explicit override.
 ❯ paramsError packages/core/src/network-params.ts:18:15
     16| 
     17| function paramsError(code: string, message: string): Error {
     18|   const err = new Error(`${code}: ${message}`);
       |               ^
     19|   (err as any).code = code;
     20|   return err;
 ❯ Module.getCoinbaseMaturity packages/core/src/network-params.ts:77:11
 ❯ HardkasTx.plan packages/sdk/src/tx.ts:450:30
 ❯ packages/sdk/test/adversarial/wave1-3-producers.test.ts:183:23

⎯⎯⎯⎯⎯⎯⎯⎯⎯⎯⎯⎯⎯⎯⎯⎯⎯⎯⎯⎯[269/323]⎯

 FAIL  packages/sdk/test/adversarial/wave1-3-replay-legacy-verdict.test.ts > Wave 1.3 · replay verdict never accepts a 
legacy receipt > a current receipt replays with a verdict; its v4 twin yields REPLAY_LEGACY_AUTH_SCOPE, never passed
Error: COINBASE_MATURITY_UNRESOLVED: Cannot resolve the coinbase maturity for network 'simulated' 
(WASM_TOOLCHAIN_NOT_INSTALLED: kaspa-wasm 2.1.0 is not installed at 
C:\Users\jrodr\AppData\Local\Temp\hardkas-hermetic-home-qjr6Ze\toolchains\kaspa-wasm\2.1.0.
Install it with: hardkas toolchain install kaspa-wasm). Provide an explicit override.
 ❯ paramsError packages/core/src/network-params.ts:18:15
     16| 
     17| function paramsError(code: string, message: string): Error {
     18|   const err = new Error(`${code}: ${message}`);
       |               ^
     19|   (err as any).code = code;
     20|   return err;
 ❯ Module.getCoinbaseMaturity packages/core/src/network-params.ts:77:11
 ❯ HardkasTx.plan packages/sdk/src/tx.ts:450:30
 ❯ packages/sdk/test/adversarial/wave1-3-replay-legacy-verdict.test.ts:28:18

⎯⎯⎯⎯⎯⎯⎯⎯⎯⎯⎯⎯⎯⎯⎯⎯⎯⎯⎯⎯[270/323]⎯

 FAIL  packages/sdk/test/adversarial/wave1-4-binding.test.ts > Wave 1.4 · signed↔plan binding (Q2-B) > a signed 
produced by the SDK is a synthetic authorization bound to its plan; send executes it with the synthetic txId
Error: COINBASE_MATURITY_UNRESOLVED: Cannot resolve the coinbase maturity for network 'simulated' 
(WASM_TOOLCHAIN_NOT_INSTALLED: kaspa-wasm 2.1.0 is not installed at 
C:\Users\jrodr\AppData\Local\Temp\hardkas-hermetic-home-qjr6Ze\toolchains\kaspa-wasm\2.1.0.
Install it with: hardkas toolchain install kaspa-wasm). Provide an explicit override.
 ❯ paramsError packages/core/src/network-params.ts:18:15
     16| 
     17| function paramsError(code: string, message: string): Error {
     18|   const err = new Error(`${code}: ${message}`);
       |               ^
     19|   (err as any).code = code;
     20|   return err;
 ❯ Module.getCoinbaseMaturity packages/core/src/network-params.ts:77:11
 ❯ HardkasTx.plan packages/sdk/src/tx.ts:450:30
 ❯ planAndSign packages/sdk/test/adversarial/wave1-4-binding.test.ts:76:23
 ❯ packages/sdk/test/adversarial/wave1-4-binding.test.ts:83:30

⎯⎯⎯⎯⎯⎯⎯⎯⎯⎯⎯⎯⎯⎯⎯⎯⎯⎯⎯⎯[271/323]⎯

 FAIL  packages/sdk/test/adversarial/wave1-4-binding.test.ts > Wave 1.4 · signed↔plan binding (Q2-B) > T-C4b · the 
plan is swapped in the store for a redirected, re-hashed plan: send refuses and the state does not change
Error: COINBASE_MATURITY_UNRESOLVED: Cannot resolve the coinbase maturity for network 'simulated' 
(WASM_TOOLCHAIN_NOT_INSTALLED: kaspa-wasm 2.1.0 is not installed at 
C:\Users\jrodr\AppData\Local\Temp\hardkas-hermetic-home-qjr6Ze\toolchains\kaspa-wasm\2.1.0.
Install it with: hardkas toolchain install kaspa-wasm). Provide an explicit override.
 ❯ paramsError packages/core/src/network-params.ts:18:15
     16| 
     17| function paramsError(code: string, message: string): Error {
     18|   const err = new Error(`${code}: ${message}`);
       |               ^
     19|   (err as any).code = code;
     20|   return err;
 ❯ Module.getCoinbaseMaturity packages/core/src/network-params.ts:77:11
 ❯ HardkasTx.plan packages/sdk/src/tx.ts:450:30
 ❯ planAndSign packages/sdk/test/adversarial/wave1-4-binding.test.ts:76:23
 ❯ packages/sdk/test/adversarial/wave1-4-binding.test.ts:93:40

⎯⎯⎯⎯⎯⎯⎯⎯⎯⎯⎯⎯⎯⎯⎯⎯⎯⎯⎯⎯[272/323]⎯

 FAIL  packages/sdk/test/adversarial/wave1-4-binding.test.ts > Wave 1.4 · signed↔plan binding (Q2-B) > T-B4 · a 
redirected + re-hashed plan is a new identity: signing it binds to THAT identity, and it never executes under the 
original's authorization
Error: COINBASE_MATURITY_UNRESOLVED: Cannot resolve the coinbase maturity for network 'simulated' 
(WASM_TOOLCHAIN_NOT_INSTALLED: kaspa-wasm 2.1.0 is not installed at 
C:\Users\jrodr\AppData\Local\Temp\hardkas-hermetic-home-qjr6Ze\toolchains\kaspa-wasm\2.1.0.
Install it with: hardkas toolchain install kaspa-wasm). Provide an explicit override.
 ❯ paramsError packages/core/src/network-params.ts:18:15
     16| 
     17| function paramsError(code: string, message: string): Error {
     18|   const err = new Error(`${code}: ${message}`);
       |               ^
     19|   (err as any).code = code;
     20|   return err;
 ❯ Module.getCoinbaseMaturity packages/core/src/network-params.ts:77:11
 ❯ HardkasTx.plan packages/sdk/src/tx.ts:450:30
 ❯ planAndSign packages/sdk/test/adversarial/wave1-4-binding.test.ts:76:23
 ❯ packages/sdk/test/adversarial/wave1-4-binding.test.ts:112:30

⎯⎯⎯⎯⎯⎯⎯⎯⎯⎯⎯⎯⎯⎯⎯⎯⎯⎯⎯⎯[273/323]⎯

 FAIL  packages/sdk/test/adversarial/wave1-4-binding.test.ts > Wave 1.4 · signed↔plan binding (Q2-B) > T-B6 · a wrong 
signer is refused at authorization time and, if forged, at execution time; it never shares the identity
Error: COINBASE_MATURITY_UNRESOLVED: Cannot resolve the coinbase maturity for network 'simulated' 
(WASM_TOOLCHAIN_NOT_INSTALLED: kaspa-wasm 2.1.0 is not installed at 
C:\Users\jrodr\AppData\Local\Temp\hardkas-hermetic-home-qjr6Ze\toolchains\kaspa-wasm\2.1.0.
Install it with: hardkas toolchain install kaspa-wasm). Provide an explicit override.
 ❯ paramsError packages/core/src/network-params.ts:18:15
     16| 
     17| function paramsError(code: string, message: string): Error {
     18|   const err = new Error(`${code}: ${message}`);
       |               ^
     19|   (err as any).code = code;
     20|   return err;
 ❯ Module.getCoinbaseMaturity packages/core/src/network-params.ts:77:11
 ❯ HardkasTx.plan packages/sdk/src/tx.ts:450:30
 ❯ planAndSign packages/sdk/test/adversarial/wave1-4-binding.test.ts:76:23
 ❯ packages/sdk/test/adversarial/wave1-4-binding.test.ts:131:30

⎯⎯⎯⎯⎯⎯⎯⎯⎯⎯⎯⎯⎯⎯⎯⎯⎯⎯⎯⎯[274/323]⎯

 FAIL  packages/sdk/test/adversarial/wave1-4-binding.test.ts > Wave 1.4 · signed↔plan binding (Q2-B) > T-B7 · an 
authorization that names another plan is refused (AUTHORIZATION_PLAN_MISMATCH), whichever field is forged
Error: COINBASE_MATURITY_UNRESOLVED: Cannot resolve the coinbase maturity for network 'simulated' 
(WASM_TOOLCHAIN_NOT_INSTALLED: kaspa-wasm 2.1.0 is not installed at 
C:\Users\jrodr\AppData\Local\Temp\hardkas-hermetic-home-qjr6Ze\toolchains\kaspa-wasm\2.1.0.
Install it with: hardkas toolchain install kaspa-wasm). Provide an explicit override.
 ❯ paramsError packages/core/src/network-params.ts:18:15
     16| 
     17| function paramsError(code: string, message: string): Error {
     18|   const err = new Error(`${code}: ${message}`);
       |               ^
     19|   (err as any).code = code;
     20|   return err;
 ❯ Module.getCoinbaseMaturity packages/core/src/network-params.ts:77:11
 ❯ HardkasTx.plan packages/sdk/src/tx.ts:450:30
 ❯ planAndSign packages/sdk/test/adversarial/wave1-4-binding.test.ts:76:23
 ❯ packages/sdk/test/adversarial/wave1-4-binding.test.ts:143:24

⎯⎯⎯⎯⎯⎯⎯⎯⎯⎯⎯⎯⎯⎯⎯⎯⎯⎯⎯⎯[275/323]⎯

 FAIL  packages/sdk/test/adversarial/wave1-4-binding.test.ts > Wave 1.4 · signed↔plan binding (Q2-B) > IC-6′.5 · a 
legacy `format: "simulated"` signed is unbound: send and simulate refuse with LEGACY_UNBOUND_SIGNED
Error: COINBASE_MATURITY_UNRESOLVED: Cannot resolve the coinbase maturity for network 'simulated' 
(WASM_TOOLCHAIN_NOT_INSTALLED: kaspa-wasm 2.1.0 is not installed at 
C:\Users\jrodr\AppData\Local\Temp\hardkas-hermetic-home-qjr6Ze\toolchains\kaspa-wasm\2.1.0.
Install it with: hardkas toolchain install kaspa-wasm). Provide an explicit override.
 ❯ paramsError packages/core/src/network-params.ts:18:15
     16| 
     17| function paramsError(code: string, message: string): Error {
     18|   const err = new Error(`${code}: ${message}`);
       |               ^
     19|   (err as any).code = code;
     20|   return err;
 ❯ Module.getCoinbaseMaturity packages/core/src/network-params.ts:77:11
 ❯ HardkasTx.plan packages/sdk/src/tx.ts:450:30
 ❯ planAndSign packages/sdk/test/adversarial/wave1-4-binding.test.ts:76:23
 ❯ packages/sdk/test/adversarial/wave1-4-binding.test.ts:160:30

⎯⎯⎯⎯⎯⎯⎯⎯⎯⎯⎯⎯⎯⎯⎯⎯⎯⎯⎯⎯[276/323]⎯

 FAIL  packages/sdk/test/adversarial/wave1-4-binding.test.ts > Wave 1.4 · signed↔plan binding (Q2-B) > IC-4′.4 · a 
LEGACY (v4) plan is never executed, even under a well-formed synthetic authorization
Error: COINBASE_MATURITY_UNRESOLVED: Cannot resolve the coinbase maturity for network 'simulated' 
(WASM_TOOLCHAIN_NOT_INSTALLED: kaspa-wasm 2.1.0 is not installed at 
C:\Users\jrodr\AppData\Local\Temp\hardkas-hermetic-home-qjr6Ze\toolchains\kaspa-wasm\2.1.0.
Install it with: hardkas toolchain install kaspa-wasm). Provide an explicit override.
 ❯ paramsError packages/core/src/network-params.ts:18:15
     16| 
     17| function paramsError(code: string, message: string): Error {
     18|   const err = new Error(`${code}: ${message}`);
       |               ^
     19|   (err as any).code = code;
     20|   return err;
 ❯ Module.getCoinbaseMaturity packages/core/src/network-params.ts:77:11
 ❯ HardkasTx.plan packages/sdk/src/tx.ts:450:30
 ❯ packages/sdk/test/adversarial/wave1-4-binding.test.ts:171:23

⎯⎯⎯⎯⎯⎯⎯⎯⎯⎯⎯⎯⎯⎯⎯⎯⎯⎯⎯⎯[277/323]⎯

 FAIL  packages/sdk/test/adversarial/wave1-4-binding.test.ts > Wave 1.4 · signed↔plan binding (Q2-B) > T-DBL · a 
second send of the same authorization executes nothing and returns the same submission
Error: COINBASE_MATURITY_UNRESOLVED: Cannot resolve the coinbase maturity for network 'simulated' 
(WASM_TOOLCHAIN_NOT_INSTALLED: kaspa-wasm 2.1.0 is not installed at 
C:\Users\jrodr\AppData\Local\Temp\hardkas-hermetic-home-qjr6Ze\toolchains\kaspa-wasm\2.1.0.
Install it with: hardkas toolchain install kaspa-wasm). Provide an explicit override.
 ❯ paramsError packages/core/src/network-params.ts:18:15
     16| 
     17| function paramsError(code: string, message: string): Error {
     18|   const err = new Error(`${code}: ${message}`);
       |               ^
     19|   (err as any).code = code;
     20|   return err;
 ❯ Module.getCoinbaseMaturity packages/core/src/network-params.ts:77:11
 ❯ HardkasTx.plan packages/sdk/src/tx.ts:450:30
 ❯ planAndSign packages/sdk/test/adversarial/wave1-4-binding.test.ts:76:23
 ❯ packages/sdk/test/adversarial/wave1-4-binding.test.ts:202:24

⎯⎯⎯⎯⎯⎯⎯⎯⎯⎯⎯⎯⎯⎯⎯⎯⎯⎯⎯⎯[278/323]⎯

 FAIL  packages/sdk/test/adversarial/wave1-4-binding.test.ts > Wave 1.4 · signed↔plan binding (Q2-B) > multisig · the 
threshold set is a synthetic authorization bound to the plan; a set that excludes the plan's `from` is refused
Error: COINBASE_MATURITY_UNRESOLVED: Cannot resolve the coinbase maturity for network 'simulated' 
(WASM_TOOLCHAIN_NOT_INSTALLED: kaspa-wasm 2.1.0 is not installed at 
C:\Users\jrodr\AppData\Local\Temp\hardkas-hermetic-home-qjr6Ze\toolchains\kaspa-wasm\2.1.0.
Install it with: hardkas toolchain install kaspa-wasm). Provide an explicit override.
 ❯ paramsError packages/core/src/network-params.ts:18:15
     16| 
     17| function paramsError(code: string, message: string): Error {
     18|   const err = new Error(`${code}: ${message}`);
       |               ^
     19|   (err as any).code = code;
     20|   return err;
 ❯ Module.getCoinbaseMaturity packages/core/src/network-params.ts:77:11
 ❯ HardkasTx.plan packages/sdk/src/tx.ts:450:30
 ❯ packages/sdk/test/adversarial/wave1-4-binding.test.ts:214:23

⎯⎯⎯⎯⎯⎯⎯⎯⎯⎯⎯⎯⎯⎯⎯⎯⎯⎯⎯⎯[279/323]⎯

 FAIL  packages/sdk/test/adversarial/wave1-4-binding.test.ts > Wave 1.4 · signed↔plan binding (Q2-B) > T-DET · 
identical inputs in two fresh workspaces yield identical plan, authorization and receipt identities and txIds
Error: COINBASE_MATURITY_UNRESOLVED: Cannot resolve the coinbase maturity for network 'simulated' 
(WASM_TOOLCHAIN_NOT_INSTALLED: kaspa-wasm 2.1.0 is not installed at 
C:\Users\jrodr\AppData\Local\Temp\hardkas-hermetic-home-qjr6Ze\toolchains\kaspa-wasm\2.1.0.
Install it with: hardkas toolchain install kaspa-wasm). Provide an explicit override.
 ❯ paramsError packages/core/src/network-params.ts:18:15
     16| 
     17| function paramsError(code: string, message: string): Error {
     18|   const err = new Error(`${code}: ${message}`);
       |               ^
     19|   (err as any).code = code;
     20|   return err;
 ❯ Module.getCoinbaseMaturity packages/core/src/network-params.ts:77:11
 ❯ HardkasTx.plan packages/sdk/src/tx.ts:450:30
 ❯ run packages/sdk/test/adversarial/wave1-4-binding.test.ts:250:25
 ❯ packages/sdk/test/adversarial/wave1-4-binding.test.ts:256:15

⎯⎯⎯⎯⎯⎯⎯⎯⎯⎯⎯⎯⎯⎯⎯⎯⎯⎯⎯⎯[280/323]⎯

 FAIL  packages/sdk/test/adversarial/wave2-a-tx-observer.test.ts > Wave 2(a) · SDK: submission cursor, persisted 
observations, derived status, blue-score waits > the submission carries the observer's cursor (submitPoint); status 
derives SUBMITTED until something is observed
Error: COINBASE_MATURITY_UNRESOLVED: Cannot resolve the coinbase maturity for network 'simulated' 
(WASM_TOOLCHAIN_NOT_INSTALLED: kaspa-wasm 2.1.0 is not installed at 
C:\Users\jrodr\AppData\Local\Temp\hardkas-hermetic-home-qjr6Ze\toolchains\kaspa-wasm\2.1.0.
Install it with: hardkas toolchain install kaspa-wasm). Provide an explicit override.
 ❯ paramsError packages/core/src/network-params.ts:18:15
     16| 
     17| function paramsError(code: string, message: string): Error {
     18|   const err = new Error(`${code}: ${message}`);
       |               ^
     19|   (err as any).code = code;
     20|   return err;
 ❯ Module.getCoinbaseMaturity packages/core/src/network-params.ts:77:11
 ❯ HardkasTx.plan packages/sdk/src/tx.ts:450:30
 ❯ realSend packages/sdk/test/adversarial/wave2-a-tx-observer.test.ts:192:18
 ❯ packages/sdk/test/adversarial/wave2-a-tx-observer.test.ts:213:36

⎯⎯⎯⎯⎯⎯⎯⎯⎯⎯⎯⎯⎯⎯⎯⎯⎯⎯⎯⎯[281/323]⎯

 FAIL  packages/sdk/test/adversarial/wave2-a-tx-observer.test.ts > Wave 2(a) · SDK: submission cursor, persisted 
observations, derived status, blue-score waits > observe persists FULL observations under observations/ and status 
follows the evidence: MEMPOOL_ACCEPTED → ACCEPTED → CONFIRMED(policy)
Error: COINBASE_MATURITY_UNRESOLVED: Cannot resolve the coinbase maturity for network 'simulated' 
(WASM_TOOLCHAIN_NOT_INSTALLED: kaspa-wasm 2.1.0 is not installed at 
C:\Users\jrodr\AppData\Local\Temp\hardkas-hermetic-home-qjr6Ze\toolchains\kaspa-wasm\2.1.0.
Install it with: hardkas toolchain install kaspa-wasm). Provide an explicit override.
 ❯ paramsError packages/core/src/network-params.ts:18:15
     16| 
     17| function paramsError(code: string, message: string): Error {
     18|   const err = new Error(`${code}: ${message}`);
       |               ^
     19|   (err as any).code = code;
     20|   return err;
 ❯ Module.getCoinbaseMaturity packages/core/src/network-params.ts:77:11
 ❯ HardkasTx.plan packages/sdk/src/tx.ts:450:30
 ❯ realSend packages/sdk/test/adversarial/wave2-a-tx-observer.test.ts:192:18
 ❯ packages/sdk/test/adversarial/wave2-a-tx-observer.test.ts:223:36

⎯⎯⎯⎯⎯⎯⎯⎯⎯⎯⎯⎯⎯⎯⎯⎯⎯⎯⎯⎯[282/323]⎯

 FAIL  packages/sdk/test/adversarial/wave2-a-tx-observer.test.ts > Wave 2(a) · SDK: submission cursor, persisted 
observations, derived status, blue-score waits > waitForConfirmations counts blue-score depth (a large DAA delta does 
not confirm) and waitForAccepted returns on acceptance
Error: COINBASE_MATURITY_UNRESOLVED: Cannot resolve the coinbase maturity for network 'simulated' 
(WASM_TOOLCHAIN_NOT_INSTALLED: kaspa-wasm 2.1.0 is not installed at 
C:\Users\jrodr\AppData\Local\Temp\hardkas-hermetic-home-qjr6Ze\toolchains\kaspa-wasm\2.1.0.
Install it with: hardkas toolchain install kaspa-wasm). Provide an explicit override.
 ❯ paramsError packages/core/src/network-params.ts:18:15
     16| 
     17| function paramsError(code: string, message: string): Error {
     18|   const err = new Error(`${code}: ${message}`);
       |               ^
     19|   (err as any).code = code;
     20|   return err;
 ❯ Module.getCoinbaseMaturity packages/core/src/network-params.ts:77:11
 ❯ HardkasTx.plan packages/sdk/src/tx.ts:450:30
 ❯ realSend packages/sdk/test/adversarial/wave2-a-tx-observer.test.ts:192:18
 ❯ packages/sdk/test/adversarial/wave2-a-tx-observer.test.ts:262:22

⎯⎯⎯⎯⎯⎯⎯⎯⎯⎯⎯⎯⎯⎯⎯⎯⎯⎯⎯⎯[283/323]⎯

 FAIL  packages/sdk/test/adversarial/wave2-a-tx-observer.test.ts > Wave 2(a) · SDK: submission cursor, persisted 
observations, derived status, blue-score waits > a reorg is derived from the evidence (REORGED), then a new acceptance 
is ACCEPTED again
Error: COINBASE_MATURITY_UNRESOLVED: Cannot resolve the coinbase maturity for network 'simulated' 
(WASM_TOOLCHAIN_NOT_INSTALLED: kaspa-wasm 2.1.0 is not installed at 
C:\Users\jrodr\AppData\Local\Temp\hardkas-hermetic-home-qjr6Ze\toolchains\kaspa-wasm\2.1.0.
Install it with: hardkas toolchain install kaspa-wasm). Provide an explicit override.
 Test Files  93 failed | 257 passed | 7 skipped (357)
 ❯ paramsError packages/core/src/network-params.ts:18:15
     16| 
     17| function paramsError(code: string, message: string): Error {
     18|   const err = new Error(`${code}: ${message}`);
       |               ^
     19|   (err as any).code = code;
     20|   return err;
 ❯ Module.getCoinbaseMaturity packages/core/src/network-params.ts:77:11
 ❯ HardkasTx.plan packages/sdk/src/tx.ts:450:30
 ❯ realSend packages/sdk/test/adversarial/wave2-a-tx-observer.test.ts:192:18
 ❯ packages/sdk/test/adversarial/wave2-a-tx-observer.test.ts:287:22

⎯⎯⎯⎯⎯⎯⎯⎯⎯⎯⎯⎯⎯⎯⎯⎯⎯⎯⎯⎯[284/323]⎯

 FAIL  packages/sdk/test/adversarial/wave2-a-tx-observer.test.ts > Wave 2(a) · SDK: submission cursor, persisted 
observations, derived status, blue-score waits > a planted LEGACY (v4) observation never decides; the simulator's txId 
derives SYNTHETIC_EXECUTED and cannot be observed
Error: COINBASE_MATURITY_UNRESOLVED: Cannot resolve the coinbase maturity for network 'simulated' 
(WASM_TOOLCHAIN_NOT_INSTALLED: kaspa-wasm 2.1.0 is not installed at 
C:\Users\jrodr\AppData\Local\Temp\hardkas-hermetic-home-qjr6Ze\toolchains\kaspa-wasm\2.1.0.
Install it with: hardkas toolchain install kaspa-wasm). Provide an explicit override.
 ❯ paramsError packages/core/src/network-params.ts:18:15
     16| 
     17| function paramsError(code: string, message: string): Error {
     18|   const err = new Error(`${code}: ${message}`);
       |               ^
     19|   (err as any).code = code;
     20|   return err;
 ❯ Module.getCoinbaseMaturity packages/core/src/network-params.ts:77:11
 ❯ HardkasTx.plan packages/sdk/src/tx.ts:450:30
 ❯ realSend packages/sdk/test/adversarial/wave2-a-tx-observer.test.ts:192:18
 ❯ packages/sdk/test/adversarial/wave2-a-tx-observer.test.ts:305:22

⎯⎯⎯⎯⎯⎯⎯⎯⎯⎯⎯⎯⎯⎯⎯⎯⎯⎯⎯⎯[285/323]⎯

 FAIL  packages/sdk/test/adversarial/wave2-d-send-fee.test.ts > Wave 2(d) · the submission records a derived fee or 
insufficient evidence; a divergent signed is refused > the plan's destination scripts derived without WASM equal what 
kaspa-wasm builds for the same addresses
 FAIL  packages/sdk/test/adversarial/wave2-d-send-fee.test.ts > Wave 2(d) · the submission records a derived fee or 
insufficient evidence; a divergent signed is refused > 1 · plan and signed economically identical ⇒ fee derived (Σ 
plan inputs − Σ signed outputs), authenticated in the submission
 FAIL  packages/sdk/test/adversarial/wave2-d-send-fee.test.ts > Wave 2(d) · the submission records a derived fee or 
insufficient evidence; a divergent signed is refused > 2 · the signed change is 7 sompi smaller ⇒ 
SIGNED_PLAN_MISMATCH: nothing is broadcast, nothing is written, no 'fee + 7'
 FAIL  packages/sdk/test/adversarial/wave2-d-send-fee.test.ts > Wave 2(d) · the submission records a derived fee or 
insufficient evidence; a divergent signed is refused > 3 · the signed payment amount differs with the same inputs ⇒ 
SIGNED_PLAN_MISMATCH
 FAIL  packages/sdk/test/adversarial/wave2-d-send-fee.test.ts > Wave 2(d) · the submission records a derived fee or 
insufficient evidence; a divergent signed is refused > 4 · extra, omitted or reordered outputs, a redirected 
destination or a foreign input ⇒ SIGNED_PLAN_MISMATCH
 FAIL  packages/sdk/test/adversarial/wave2-d-send-fee.test.ts > Wave 2(d) · the submission records a derived fee or 
insufficient evidence; a divergent signed is refused > an opaque payload yields `insufficient-evidence` with the 
reason; no submission ever writes a default fee of 0
Error: COINBASE_MATURITY_UNRESOLVED: Cannot resolve the coinbase maturity for network 'simnet' 
(WASM_TOOLCHAIN_NOT_INSTALLED: kaspa-wasm 2.1.0 is not installed at 
C:\Users\jrodr\AppData\Local\Temp\hardkas-hermetic-home-qjr6Ze\toolchains\kaspa-wasm\2.1.0.
Install it with: hardkas toolchain install kaspa-wasm). Provide an explicit override.
 ❯ paramsError packages/core/src/network-params.ts:18:15
     16| 
     17| function paramsError(code: string, message: string): Error {
     18|   const err = new Error(`${code}: ${message}`);
       |               ^
     19|   (err as any).code = code;
     20|   return err;
 ❯ Module.getCoinbaseMaturity packages/core/src/network-params.ts:77:11
 ❯ HardkasTx.plan packages/sdk/src/tx.ts:450:30
 ❯ packages/sdk/test/adversarial/wave2-d-send-fee.test.ts:110:25

⎯⎯⎯⎯⎯⎯⎯⎯⎯⎯⎯⎯⎯⎯⎯⎯⎯⎯⎯⎯[286/323]⎯

      Tests  313 failed | 1628 passed | 63 skipped (2004)
   Start at  22:09:38
   Duration  540.22s (transform 4.94s, setup 0ms, collect 125.55s, tests 302.03s, environment 70ms, prepare 39.03s)


gate-hermetic: vitest exit 1 after 542s
gate-hermetic: non-loopback attempts (each one fails the gate): 15
  REFUSED_CONNECT github.com:443
gate-hermetic: attempts on denied loopback ports (expected when code probes a local service; the gate must pass without it):
gate-hermetic: loopback connection targets (review for dependencies on local services):
  127.0.0.1:7420 x2
  127.0.0.1:8545 x9
