source	path	bytes	sha256	status	reason
wave1	ci-fix-t-a04.exit	8	cc258d839e50d5e0cf220528399d5c29a6bcc5c3a9ee2616a915627e0363d91d	excluded	type .exit not kept
wave1	ci-fix-t-a04.json	2729	7d2c4dddd45094c910406b1de4ad3710053e32677351865adcdea37fedb6292e	excluded	type .json not kept
wave1	ci-fix-t-a04.log	37178	761c9dbfae79b8fe42f12e5ae047fb02deeb815328a6ec011afebc19aafabefb	excluded	type .log not kept
wave1	dc-all-after.exit	8	bf03f07f4d7cc54b16f60f2867e4e759f806ec32efc8167e514fe0e45ee20ea6	excluded	type .exit not kept
wave1	dc-all-after.json	26289	77acee296a9ed93999962a6d069f378a1aa1cd1364fea2fc8a0fc23c532fe982	excluded	type .json not kept
wave1	dc-all-after.log	56830	94bec52260d1d127df13a66f1bb8c52e722533ed93edffad44b3fb399ab5f989	excluded	type .log not kept
wave1	dc-all-after2.exit	8	bf03f07f4d7cc54b16f60f2867e4e759f806ec32efc8167e514fe0e45ee20ea6	excluded	type .exit not kept
wave1	dc-all-after2.json	15176	84563811d4755f01682d8eec3026b0e5a2dd0da21c5e867a48cb7c76b19b8da3	excluded	type .json not kept
wave1	dc-all-after2.log	53708	d930e073146bc198ed57f9da997dd6a3123b002f99afa2292d6cee6fdac9d611	excluded	type .log not kept
wave1	dc-all-after3.exit	8	cc258d839e50d5e0cf220528399d5c29a6bcc5c3a9ee2616a915627e0363d91d	excluded	type .exit not kept
wave1	dc-all-after3.json	6802	b308271b7598319b0ab08bf8fefc4588d16ef742e018f4fc4e808d8b2658df13	excluded	type .json not kept
wave1	dc-all-after3.log	39634	c2123b8b9ff4a3789ad6dd4561f6a9d22f3d61b8cf3104c2c2da947fd322ce82	excluded	type .log not kept
wave1	dc-aud21-before.exit	8	bf03f07f4d7cc54b16f60f2867e4e759f806ec32efc8167e514fe0e45ee20ea6	excluded	type .exit not kept
wave1	dc-aud21-before.json	6794	8cc94464d36249854bb561f2e3804c6bf590b006aa94350177518fa43be92a9e	excluded	type .json not kept
wave1	dc-aud21-before.log	10618	3e4d313727774865aee566a0624b5202ed8f11823cfa2fe2ef69bdefceb57e1f	excluded	type .log not kept
wave1	dc-aud21-before2.exit	8	bf03f07f4d7cc54b16f60f2867e4e759f806ec32efc8167e514fe0e45ee20ea6	excluded	type .exit not kept
wave1	dc-aud21-before2.json	5188	8449d84259a78904c956937bdcf125b818a71a236f52e013906dc863ebd4f065	excluded	type .json not kept
wave1	dc-aud21-before2.log	10092	40269d30727aaca60db4b3d1e138792a3688903a7d6a03358e7caaa637172259	excluded	type .log not kept
wave1	dc-cli-before.exit	8	bf03f07f4d7cc54b16f60f2867e4e759f806ec32efc8167e514fe0e45ee20ea6	excluded	type .exit not kept
wave1	dc-cli-before.json	17689	0e8df4153a9a8d7d269004133b243eb39ab933dd7bbda445fc96a34096be8904	excluded	type .json not kept
wave1	dc-cli-before.log	58688	af9a3b5a35684160dc768ee53139df010f32b021eeff00aa4d7edf1fb9c8a3a6	excluded	type .log not kept
wave1	dc-e04-after.exit	8	cc258d839e50d5e0cf220528399d5c29a6bcc5c3a9ee2616a915627e0363d91d	excluded	type .exit not kept
wave1	dc-e04-after.json	3273	a7373f66363be8ca8dcf45dca381e4930da3203139a086e548015135496d38fb	excluded	type .json not kept
wave1	dc-e04-after.log	37242	61dcb2b2a683d03d3b82742dcda6237ac57eb14547b595facdea73c7f8919260	excluded	type .log not kept
wave1	dc-e04-before.exit	8	bf03f07f4d7cc54b16f60f2867e4e759f806ec32efc8167e514fe0e45ee20ea6	excluded	type .exit not kept
wave1	dc-e04-before.json	11423	932d56c5f9d19272789e1f2dd61dd6ec48085e22947cbc65d16005dd4d6fefc0	excluded	type .json not kept
wave1	dc-e04-before.log	46224	922f67992e5e8a0089299c404041ad3a78f974a61a080a4c15bf14641301026b	excluded	type .log not kept
wave1	dc-final-cli.exit	8	cc258d839e50d5e0cf220528399d5c29a6bcc5c3a9ee2616a915627e0363d91d	excluded	type .exit not kept
wave1	dc-final-cli.json	12316	6111ca276983928f6522267ea8d34040a623eee779bd41098185f733cb2e5b24	excluded	type .json not kept
wave1	dc-final-cli.log	43900	c88602c7050b1280088167d783192f42ad12f99a101da1878f4c9d90c2b15d0b	excluded	type .log not kept
wave1	dc-full1.exit	23	8709403eeaefcf31abc8057e3d8c92392d2710899ab38c22559a07d5953a076f	excluded	type .exit not kept
wave1	dc-full1.json	713195	40a08550695c24c4ff603e87ad3e9edb80bb1c6ad566e5c3b20da3ea8801b53c	excluded	type .json not kept
wave1	dc-full1.log	253000	55532bb1473dfd83fbc3fd4c3ab794bce1e0deff2dc60c0fcdba093d14b23580	excluded	type .log not kept
wave1	diff-stat-w13.txt	4261	26a5278ad0bf4e61286466abc83e004bb0989ad7dbe0fe803aba47b59c1cdf69	excluded	type .txt not kept
wave1	docker-after-dc-full1.txt	5920	e79090bdf2993de103d16c62910517f9580768ca80942e678779a00cea6fb32d	excluded	type .txt not kept
wave1	docker-after-dr-full3.txt	2959	2d799edc9dd52996dd941943d42a8d30540ea53f54952d4026489591d9e626e6	excluded	type .txt not kept
wave1	docker-after-dr-full4.txt	2959	2d799edc9dd52996dd941943d42a8d30540ea53f54952d4026489591d9e626e6	excluded	type .txt not kept
wave1	docker-after-fc-full1.txt	5920	e79090bdf2993de103d16c62910517f9580768ca80942e678779a00cea6fb32d	excluded	type .txt not kept
wave1	docker-after-fc-full2.txt	5920	e79090bdf2993de103d16c62910517f9580768ca80942e678779a00cea6fb32d	excluded	type .txt not kept
wave1	docker-after-gate-w13-full1.txt	6856	94d227528fdd1b0a8ca03c5be5262b6135cc8a71e907245274e61b93ec435700	excluded	type .txt not kept
wave1	docker-after-gate-w13-full2.txt	6856	94d227528fdd1b0a8ca03c5be5262b6135cc8a71e907245274e61b93ec435700	excluded	type .txt not kept
wave1	docker-after-rc24-full1.txt	2956	1a98d958a35bea6a7bb8f85f42ecdbed292cef9ca80252bdb3f9ad2d3f9f89d5	excluded	type .txt not kept
wave1	docker-after-rc24-full2.txt	2956	1a98d958a35bea6a7bb8f85f42ecdbed292cef9ca80252bdb3f9ad2d3f9f89d5	excluded	type .txt not kept
wave1	docker-after-w14-15-full1.txt	6856	94d227528fdd1b0a8ca03c5be5262b6135cc8a71e907245274e61b93ec435700	excluded	type .txt not kept
wave1	docker-after-w2a-full1.txt	6856	94d227528fdd1b0a8ca03c5be5262b6135cc8a71e907245274e61b93ec435700	excluded	type .txt not kept
wave1	docker-after-w2b-full1.txt	6856	94d227528fdd1b0a8ca03c5be5262b6135cc8a71e907245274e61b93ec435700	excluded	type .txt not kept
wave1	docker-after-w2c-full1.txt	6856	94d227528fdd1b0a8ca03c5be5262b6135cc8a71e907245274e61b93ec435700	excluded	type .txt not kept
wave1	docker-after-w2d-full1.txt	6856	94d227528fdd1b0a8ca03c5be5262b6135cc8a71e907245274e61b93ec435700	excluded	type .txt not kept
wave1	docker-after-w2e-full1.txt	6856	94d227528fdd1b0a8ca03c5be5262b6135cc8a71e907245274e61b93ec435700	excluded	type .txt not kept
wave1	docker-before-dc-full1.txt	5920	e79090bdf2993de103d16c62910517f9580768ca80942e678779a00cea6fb32d	excluded	type .txt not kept
wave1	docker-before-dr-full3.txt	2959	2d799edc9dd52996dd941943d42a8d30540ea53f54952d4026489591d9e626e6	excluded	type .txt not kept
wave1	docker-before-dr-full4.txt	2959	2d799edc9dd52996dd941943d42a8d30540ea53f54952d4026489591d9e626e6	excluded	type .txt not kept
wave1	docker-before-fc-full1.txt	5920	e79090bdf2993de103d16c62910517f9580768ca80942e678779a00cea6fb32d	excluded	type .txt not kept
wave1	docker-before-fc-full2.txt	5920	e79090bdf2993de103d16c62910517f9580768ca80942e678779a00cea6fb32d	excluded	type .txt not kept
wave1	docker-before-gate-w13-full1.txt	6856	94d227528fdd1b0a8ca03c5be5262b6135cc8a71e907245274e61b93ec435700	excluded	type .txt not kept
wave1	docker-before-gate-w13-full2.txt	6856	94d227528fdd1b0a8ca03c5be5262b6135cc8a71e907245274e61b93ec435700	excluded	type .txt not kept
wave1	docker-before-rc24-full1.txt	2956	1a98d958a35bea6a7bb8f85f42ecdbed292cef9ca80252bdb3f9ad2d3f9f89d5	excluded	type .txt not kept
wave1	docker-before-rc24-full2.txt	2956	1a98d958a35bea6a7bb8f85f42ecdbed292cef9ca80252bdb3f9ad2d3f9f89d5	excluded	type .txt not kept
wave1	docker-before-w14-15-full1.txt	6856	94d227528fdd1b0a8ca03c5be5262b6135cc8a71e907245274e61b93ec435700	excluded	type .txt not kept
wave1	docker-before-w2a-full1.txt	6856	94d227528fdd1b0a8ca03c5be5262b6135cc8a71e907245274e61b93ec435700	excluded	type .txt not kept
wave1	docker-before-w2b-full1.txt	6856	94d227528fdd1b0a8ca03c5be5262b6135cc8a71e907245274e61b93ec435700	excluded	type .txt not kept
wave1	docker-before-w2c-full1.txt	6856	94d227528fdd1b0a8ca03c5be5262b6135cc8a71e907245274e61b93ec435700	excluded	type .txt not kept
wave1	docker-before-w2d-full1.txt	6856	94d227528fdd1b0a8ca03c5be5262b6135cc8a71e907245274e61b93ec435700	excluded	type .txt not kept
wave1	docker-before-w2e-full1.txt	6856	94d227528fdd1b0a8ca03c5be5262b6135cc8a71e907245274e61b93ec435700	excluded	type .txt not kept
wave1	dr-def1c-iso1.exit	8	cc258d839e50d5e0cf220528399d5c29a6bcc5c3a9ee2616a915627e0363d91d	excluded	type .exit not kept
wave1	dr-def1c-iso1.json	4462	2905077309be27a6a390dccb02dd80ea9725eca44900f0ad82eb792757e4e21c	excluded	type .json not kept
wave1	dr-def1c-iso1.log	18963	409cd27bd489727dc0cb19421120d06e73806465aab823c16513fad695170f60	excluded	type .log not kept
wave1	dr-def1c-iso2.exit	8	cc258d839e50d5e0cf220528399d5c29a6bcc5c3a9ee2616a915627e0363d91d	excluded	type .exit not kept
wave1	dr-def1c-iso2.json	4478	fd9be9c56bfc878c094b28c177aefa51454519cc381b2ae0ab0a08c91de20cca	excluded	type .json not kept
wave1	dr-def1c-iso2.log	18784	811cf4a9fa8ca2b19a7f66b8ef7c071cfb2efc8e993b621d47596cd27c57c7b9	excluded	type .log not kept
wave1	dr-def1c-iso3.exit	8	cc258d839e50d5e0cf220528399d5c29a6bcc5c3a9ee2616a915627e0363d91d	excluded	type .exit not kept
wave1	dr-def1c-iso3.json	4456	090cb0e6ae53076732aa0f0b26aadbe50752c23d2bd15784bedbe0823f026262	excluded	type .json not kept
wave1	dr-def1c-iso3.log	18784	49d9301856d191432e43059666c80015e76cfa25d689c555c7cecc22a5f30646	excluded	type .log not kept
wave1	dr-full3.exit	23	5d6a2c7982fed0ff2fcb915865290180474d1f605d56f9b3656b2a2a9c0f860d	excluded	type .exit not kept
wave1	dr-full3.json	725676	d69971dca5e804b6b51cd922965b4fef74fbb2205dc50b0bd9eb553e2554fe7a	excluded	type .json not kept
wave1	dr-full3.log	133669	84aa17f106d75708cdf21cd113f2440d98319ee5e7cd5af5691f89c949a69a1e	excluded	type .log not kept
wave1	dr-full4.exit	23	9a83f6ca224f3c904c8197a025c41cad4b3c5494f5c8ded4231ff1aac5c8668e	excluded	type .exit not kept
wave1	dr-full4.json	725299	e3a2e6c2612f9f88c26afd3ca55c5dbf8fb65823a195c49749111789c1c99a7b	excluded	type .json not kept
wave1	dr-full4.log	132237	44233fd46ce1902249aff92040065a0de5e79241b1074064cc69d6bbed2d571f	excluded	type .log not kept
wave1	dr-post-touch.exit	8	cc258d839e50d5e0cf220528399d5c29a6bcc5c3a9ee2616a915627e0363d91d	excluded	type .exit not kept
wave1	dr-post-touch.json	4992	0e9639dc1d01ec52a545d4e1579e056c3cbf7a49117749abebdd0e7406cc81b7	excluded	type .json not kept
wave1	dr-post-touch.log	19418	b4fea2cb9b32c3601c9851eca69bcc4218d4e0b5e10e4a0a8a979c3ce8a1a880	excluded	type .log not kept
wave1	dr-targeted.exit	8	cc258d839e50d5e0cf220528399d5c29a6bcc5c3a9ee2616a915627e0363d91d	excluded	type .exit not kept
wave1	dr-targeted.json	38864	27b49af6e9c0fb89fab7e5c3dea8ad6c27d2c5786de668b1777a9bf44bff8036	excluded	type .json not kept
wave1	dr-targeted.log	30206	8aae09dfe010610e2fa98e20638a70dd707e516782dda6b58ff6b9c298bd0a9a	excluded	type .log not kept
wave1	dr-typecheck.log	54410	19688df0c39ae1bc9cfb20f179018017dcc1e21c5c3aa9172d492825053db032	excluded	type .log not kept
wave1	dr-view-after.exit	8	bf03f07f4d7cc54b16f60f2867e4e759f806ec32efc8167e514fe0e45ee20ea6	excluded	type .exit not kept
wave1	dr-view-after.json	10172	8b6e87d4856c7fb2a56218d1dd67716d6d484a8bac266552ce0ce742c6b8383c	excluded	type .json not kept
wave1	dr-view-after.log	21363	ca992e8722638cc8b780348e51afa744bf8d4d5c6b808c86da7ed0f16cf6a0cf	excluded	type .log not kept
wave1	dr-view-after2.exit	8	cc258d839e50d5e0cf220528399d5c29a6bcc5c3a9ee2616a915627e0363d91d	excluded	type .exit not kept
wave1	dr-view-after2.json	8319	35a3a895c3c5984b2f8674d659ac7afc032534569cfb30da2bff5e30221347a8	excluded	type .json not kept
wave1	dr-view-after2.log	19867	9a95632c835669150fd20fbf00191001143c055d6baf448367265ba2285bd6d9	excluded	type .log not kept
wave1	dr-view-before.exit	8	bf03f07f4d7cc54b16f60f2867e4e759f806ec32efc8167e514fe0e45ee20ea6	excluded	type .exit not kept
wave1	dr-view-before.json	11027	3d41d81d7a7411ecfe536f3492a3a7a32b3e7ef1e6c257943cb805a7fa11ec68	excluded	type .json not kept
wave1	dr-view-before.log	22612	9a57046255305bae290ac67dd61d8e8b3ccbaa9427262ce0eb1324c97eca4bcf	excluded	type .log not kept
wave1	fc-all-after.exit	8	bf03f07f4d7cc54b16f60f2867e4e759f806ec32efc8167e514fe0e45ee20ea6	excluded	type .exit not kept
wave1	fc-all-after.json	14547	7b10d1f3b61b615d0d682d555a4a5a2f52e219b327b249749072d8709ec20a3e	excluded	type .json not kept
wave1	fc-all-after.log	46180	d52df2734f21a0ef4139c6c4cca68a5c1e2b315726d127debbd0a69d9674d6b7	excluded	type .log not kept
wave1	fc-all-after2.exit	8	cc258d839e50d5e0cf220528399d5c29a6bcc5c3a9ee2616a915627e0363d91d	excluded	type .exit not kept
wave1	fc-all-after2.json	11977	438bc019aa99785d55b433f9918c88da6844cc6119b10eadf6e384a0b492b9c9	excluded	type .json not kept
wave1	fc-all-after2.log	40612	b4de4aafe926f976db3787b9292132bc9f53580e74dc5042ea8d35b45721b1df	excluded	type .log not kept
wave1	fc-cli-before.exit	8	bf03f07f4d7cc54b16f60f2867e4e759f806ec32efc8167e514fe0e45ee20ea6	excluded	type .exit not kept
wave1	fc-cli-before.json	13887	35339e38fa3e04ba52377bfe5cb3f22a325d8048ab327d3a78ddc63304b21a6c	excluded	type .json not kept
wave1	fc-cli-before.log	25052	ccda245034d6b07e3510f18b123ced4e958e32f1ef3fb6c0c729b2e284656abc	excluded	type .log not kept
wave1	fc-e01-after.exit	8	cc258d839e50d5e0cf220528399d5c29a6bcc5c3a9ee2616a915627e0363d91d	excluded	type .exit not kept
wave1	fc-e01-after.json	3626	1463aa0aaa31ba29111c582662424e8006aa4a65e8d39f932cc093e12db040c4	excluded	type .json not kept
wave1	fc-e01-after.log	47060	723468eebbb7c70ca5fa9b57be312e076aa8778112852604a036cb1901143bf9	excluded	type .log not kept
wave1	fc-e01-after2.exit	8	cc258d839e50d5e0cf220528399d5c29a6bcc5c3a9ee2616a915627e0363d91d	excluded	type .exit not kept
wave1	fc-e01-after2.json	3629	fa9edecedfe28b8528ac8d99c6afd4006a4c0229a7c601c9c3d00f43539af9ae	excluded	type .json not kept
wave1	fc-e01-after2.log	47064	b30412f8f40198e6ac8aebb297014c57f1d332937c7ddbcf92da76d41283f205	excluded	type .log not kept
wave1	fc-e01-before.exit	8	bf03f07f4d7cc54b16f60f2867e4e759f806ec32efc8167e514fe0e45ee20ea6	excluded	type .exit not kept
wave1	fc-e01-before.json	13054	b13f98eb284d14aa1e8107b3f31cd0b01a05e76733df35aef3f45a2b3602e289	excluded	type .json not kept
wave1	fc-e01-before.log	56594	08c9fea411b706dd3e28807adc5f52d69fd0f63b446547147f5c940af17fae0e	excluded	type .log not kept
wave1	fc-e07-after.exit	8	bf03f07f4d7cc54b16f60f2867e4e759f806ec32efc8167e514fe0e45ee20ea6	excluded	type .exit not kept
wave1	fc-e07-after.json	13050	e9ec017885760528d9684e11999cb544af0eb469aa2e0b99c9f2fbbb6d3d9db2	excluded	type .json not kept
wave1	fc-e07-after.log	16780	ed19ade6936fc233719740e4f56087a6ac36cebef376ed2fc3fe96436e515aaf	excluded	type .log not kept
wave1	fc-e07-after2.exit	8	cc258d839e50d5e0cf220528399d5c29a6bcc5c3a9ee2616a915627e0363d91d	excluded	type .exit not kept
wave1	fc-e07-after2.json	4845	1c269786bc3019a15bb4c298dcbf4bb088e60025ce14ba503e328bacebbbbee0	excluded	type .json not kept
wave1	fc-e07-after2.log	3336	98d0d4d39c433da809e7a43404df426e854653b0d0ad1e3a50d95ce4f72ca25e	excluded	type .log not kept
wave1	fc-e07-before.exit	8	bf03f07f4d7cc54b16f60f2867e4e759f806ec32efc8167e514fe0e45ee20ea6	excluded	type .exit not kept
wave1	fc-e07-before.json	15002	f1ba1dee9b01db731a434103c6c0c4796fd594e748ac76d7addcd122eb82033c	excluded	type .json not kept
wave1	fc-e07-before.log	18214	2daee50a8a5623ef1067482dc7f62785deee06eb4b1fdc83cc7067be598f394e	excluded	type .log not kept
wave1	fc-full1.exit	23	111253a3e434562ebce55faf0bbe0bc764506f32adfc32030a6c44fdb6c1eb83	excluded	type .exit not kept
wave1	fc-full1.json	705701	eaaa2eb4e52fa216c1ae79c057b8cd510054499a5ead8df3d4f3d12a56ec316a	excluded	type .json not kept
wave1	fc-full1.log	258582	b255659029f0f9d298731b197d89b0edb16c7f3332ced31f37d22fa2060d3ad5	excluded	type .log not kept
wave1	fc-full2.exit	23	a478bd4744840e64beadc066336be2ca04bcee87dd56a47ae05644aa021d0edf	excluded	type .exit not kept
wave1	fc-full2.json	701931	88914e867eebacbe277a20e95550f324b01a2bbfdb02acf9c61acd7d4c07b815	excluded	type .json not kept
wave1	fc-full2.log	248214	eaf3484da0dff60e6a591bfb0591bc42dc82672704fb4f52d806e3e42b22a989	excluded	type .log not kept
wave1	fc-rebase1.exit	8	cc258d839e50d5e0cf220528399d5c29a6bcc5c3a9ee2616a915627e0363d91d	excluded	type .exit not kept
wave1	fc-rebase1.json	6535	8f33ded8e5cf49fb651374a70c2458d843035fb9d11b9f6c97fe8da1573193bc	excluded	type .json not kept
wave1	fc-rebase1.log	40192	274b10342e7a2d590e7a3dfe97c6f3913d25555962d697e142818d06dda2051a	excluded	type .log not kept
wave1	fee-probe.mts	1438	4647f380034aed8090f8596b404f6a24afb724b13f46b5aa60888c2031f4103d	excluded	type .mts not kept
wave1	fee-probe2.mts	1592	e75585ec1abb8ae2558827724e7269fc36256a6675d83688e0f9556a14bd79b7	excluded	type .mts not kept
wave1	gate-w13-full1.exit	23	4374c514b4bae8d2d953de36e0aed006ffb525ffdd5bd02c4e7b04d2bd8fb5d7	excluded	type .exit not kept
wave1	gate-w13-full1.json	659846	7c5385a49ef0ef8b3db473fab6913d01499f39007996b6e64dd897f9260b0346	excluded	type .json not kept
wave1	gate-w13-full1.log	328688	975544a57e6fb33d56179c6bc88ae4248f368d3918d1b1e54d0d14e4cdbbe44d	excluded	type .log not kept
wave1	gate-w13-full2.exit	23	63389788ae7d091e1b8be53a1e8808a31e8831376ca1711c4addf4d5f1459056	excluded	type .exit not kept
wave1	gate-w13-full2.json	642606	89f9d6f5c20d819ac99740be7e6491ed4278d864a492534ab735c9a03fc99c38	excluded	type .json not kept
wave1	gate-w13-full2.log	297776	41aa65fb6ec85695380f784d9c31438c1a6bd976d6ae71dad6880ce4b5f3fa1e	excluded	type .log not kept
wave1	gen-valid-fixtures.mts	3306	44129e4387b8e2b23359555d2147bce21069db21aeb83b679f79ded3638cc218	excluded	type .mts not kept
wave1	golden-report-w13.json	2017	52665c359def65857e7e90ca6e25e13f561513965399342caece186c59521ccb	excluded	type .json not kept
wave1	lint-w13.log	133554	5c7f549c28147c38bfa42436ec4ff0219af936380fa1ba62e1a0c2b65deefdbc	excluded	type .log not kept
wave1	rc24-aud01-after.exit	8	cc258d839e50d5e0cf220528399d5c29a6bcc5c3a9ee2616a915627e0363d91d	excluded	type .exit not kept
wave1	rc24-aud01-after.json	2380	61975ac963c32a2bcdb75100ee0c5bfe81b0a381816cec6a60971a92cbb4872e	excluded	type .json not kept
wave1	rc24-aud01-after.log	1479	feea068420eab5d2edde7687d76b66b586304c5d8a74b4979ae9387ab9e229b0	excluded	type .log not kept
wave1	rc24-aud01-before.exit	8	bf03f07f4d7cc54b16f60f2867e4e759f806ec32efc8167e514fe0e45ee20ea6	excluded	type .exit not kept
wave1	rc24-aud01-before.json	5633	c582b8043ea46b262f0fdb7fd18a4d5afa474a91214332ce8b4e8c29630cf446	excluded	type .json not kept
wave1	rc24-aud01-before.log	3849	782e6ee225ab0a7c95dbee5c0fb2ba58b0ea0419c5d8c103b74cc3ea757ded96	excluded	type .log not kept
wave1	rc24-aud21.exit	8	cc258d839e50d5e0cf220528399d5c29a6bcc5c3a9ee2616a915627e0363d91d	excluded	type .exit not kept
wave1	rc24-aud21.json	2210	2cdf0245c89e7f9ec3779c7ee5c95114c816c83ead8be5a3d32d00b8142e68c4	excluded	type .json not kept
wave1	rc24-aud21.log	2069	c6a4f36e439b01ed9647c9dcd00826d96880686da55d6be72e5cd7a9aefd81d9	excluded	type .log not kept
wave1	rc24-e02-affected.exit	8	cc258d839e50d5e0cf220528399d5c29a6bcc5c3a9ee2616a915627e0363d91d	excluded	type .exit not kept
wave1	rc24-e02-affected.json	12155	d2bf6ce49db2d9ec0650ab79f862cdc408bb7457c1721501f7c81408bb73a47a	excluded	type .json not kept
wave1	rc24-e02-affected.log	23313	048656aabb2d8000f26524884f319d38b0261fd9ddbcefb339266726b3b6ca90	excluded	type .log not kept
wave1	rc24-e02-after.exit	8	bf03f07f4d7cc54b16f60f2867e4e759f806ec32efc8167e514fe0e45ee20ea6	excluded	type .exit not kept
wave1	rc24-e02-after.json	6546	e2bca01b6b5aff942ae6fde1ffb46050ef163a09ec947c1b845739e9d3f2514b	excluded	type .json not kept
wave1	rc24-e02-after.log	4697	e069e00e7a8d38d5c16f56a0b5d37386f81a67396a8e02e6014059b561dc7a7c	excluded	type .log not kept
wave1	rc24-e02-before.exit	8	bf03f07f4d7cc54b16f60f2867e4e759f806ec32efc8167e514fe0e45ee20ea6	excluded	type .exit not kept
wave1	rc24-e02-before.json	23419	a56a781cf7678d2e0c80ac8c00befa82ac43ef42f96972085a473ddcac7ea4b3	excluded	type .json not kept
wave1	rc24-e02-before.log	10265	96025fd56915e3912da0717480144a862957bac543447746d9c2b9290fdba0b4	excluded	type .log not kept
wave1	rc24-e20-after.exit	8	bf03f07f4d7cc54b16f60f2867e4e759f806ec32efc8167e514fe0e45ee20ea6	excluded	type .exit not kept
wave1	rc24-e20-after.json	6305	7c1f989b9528c264c67c3aee008422675db3556de12356041dcba0f1a93df71c	excluded	type .json not kept
wave1	rc24-e20-after.log	20742	0982aaadef0b377076657be78f5cea458daf3c07da742bff2481e8792ab5c0e3	excluded	type .log not kept
wave1	rc24-e20-after2.exit	8	cc258d839e50d5e0cf220528399d5c29a6bcc5c3a9ee2616a915627e0363d91d	excluded	type .exit not kept
wave1	rc24-e20-after2.json	2012	7455ec3f0225268286f5670486c71adafbd22eed336b0feb5375d8b44d785e9a	excluded	type .json not kept
wave1	rc24-e20-after2.log	1960	6f445e83433880ff2d24933336154a51d1ccf10af2b50f23c2eb4fb9502f8eb2	excluded	type .log not kept
wave1	rc24-e20-before.exit	8	bf03f07f4d7cc54b16f60f2867e4e759f806ec32efc8167e514fe0e45ee20ea6	excluded	type .exit not kept
wave1	rc24-e20-before.json	6958	45109c7f3604ecb674d12c5f43c9f4a33cfbabd9931a18414db008ddfb763410	excluded	type .json not kept
wave1	rc24-e20-before.log	5474	c4ceef24f14744ac0cd0dca2e511c623cebc0575b9d8802fca3c0276ca50833c	excluded	type .log not kept
wave1	rc24-e21-after.exit	8	cc258d839e50d5e0cf220528399d5c29a6bcc5c3a9ee2616a915627e0363d91d	excluded	type .exit not kept
wave1	rc24-e21-after.json	4896	b1749d7d1d627bf035c160601635b94e59142a37af258fa6eb2c276f51d01978	excluded	type .json not kept
wave1	rc24-e21-after.log	20174	4056b5860b98a2af29a63fc89165417b6f10f8cfdf64f7b8a05ba190dd9fe315	excluded	type .log not kept
wave1	rc24-e21-before.exit	8	bf03f07f4d7cc54b16f60f2867e4e759f806ec32efc8167e514fe0e45ee20ea6	excluded	type .exit not kept
wave1	rc24-e21-before.json	3716	05518e0d9e2c759d370655137e60dbca2d443629ebe372c4785fa59901f94f03	excluded	type .json not kept
wave1	rc24-e21-before.log	4377	981186f525c0340049e019ae2d88d3fcef1c6a7ceaaccade1e66a8992a82fa7f	excluded	type .log not kept
wave1	rc24-e26-after.exit	8	cc258d839e50d5e0cf220528399d5c29a6bcc5c3a9ee2616a915627e0363d91d	excluded	type .exit not kept
wave1	rc24-e26-after.json	4964	c54d3c791cf03a34d52c2f2bf508dc3b9bdb46d0f7518f2932881a8fbadb81c4	excluded	type .json not kept
wave1	rc24-e26-after.log	19398	341f0d5433caa1d92703dcc8b07d800a6169396b32f2fb21ed9b78e5eeae1051	excluded	type .log not kept
wave1	rc24-e26-before.exit	8	bf03f07f4d7cc54b16f60f2867e4e759f806ec32efc8167e514fe0e45ee20ea6	excluded	type .exit not kept
wave1	rc24-e26-before.json	4865	8ae45b19bac957cbf6459ecb700a2ddb7f1e1b9ad51ca40d218b4a456eb73a51	excluded	type .json not kept
wave1	rc24-e26-before.log	4256	ad86e305cd3830c2c7efd912990bfb820a571cef2481d1891da5eec163a6caa9	excluded	type .log not kept
wave1	rc24-e27-after.exit	8	cc258d839e50d5e0cf220528399d5c29a6bcc5c3a9ee2616a915627e0363d91d	excluded	type .exit not kept
wave1	rc24-e27-after.json	6671	6182f894e0d1904c9644c1f4ded4b78858b04ba2b64897c19b0f839a25df20b0	excluded	type .json not kept
wave1	rc24-e27-after.log	2992	2a2c4043d94cd749aea59460fa323f06880e6041a282ed49d8423af30a955edc	excluded	type .log not kept
wave1	rc24-e27-before.exit	8	bf03f07f4d7cc54b16f60f2867e4e759f806ec32efc8167e514fe0e45ee20ea6	excluded	type .exit not kept
wave1	rc24-e27-before.json	2742	1d44c488f507b886e09423359f81a25429b4d9b1a1ad0971efbdc6c62bc9cd2c	excluded	type .json not kept
wave1	rc24-e27-before.log	3088	b05d8ff05cade468ca3caa9d27181945b325b0603192548cfb8b3c69649bab7a	excluded	type .log not kept
wave1	rc24-full1.exit	23	7eec18368d37edf736eb79ce94f70de2df4dbab76bc8955f5b35dc8151b28c55	excluded	type .exit not kept
wave1	rc24-full1.json	722080	6473574b9147e409222c3e89b17648344d32938e07e149c6f6d21ed3fb8a7de6	excluded	type .json not kept
wave1	rc24-full1.log	133927	cc4b1bab01df0c63bea5451ea85d549790a96287f718750e21615b282074c076	excluded	type .log not kept
wave1	rc24-full2.exit	23	8e57d7e4fcf6c426081abb522162a1df15f60a8b3d4cad305efb965f3f39e5c6	excluded	type .exit not kept
wave1	rc24-full2.json	723982	4a39d7a8b7334eedc96c76b9f8af331e289237282ca3d967a337fdaf89378710	excluded	type .json not kept
wave1	rc24-full2.log	131766	34c86cb9876b407984fe17533c58f78d72e54c4d2a7e80d904a3fdb7f0af044a	excluded	type .log not kept
wave1	rc24-miner-after.exit	8	cc258d839e50d5e0cf220528399d5c29a6bcc5c3a9ee2616a915627e0363d91d	excluded	type .exit not kept
wave1	rc24-miner-after.json	2159	d44db24790849576ce44ac5c9a072bd445bc127896262d5c97bdb19e877b468b	excluded	type .json not kept
wave1	rc24-miner-after.log	18749	33a2e867521aca65ebb018af30cdf82279cd01738dbeecb313073a4c99aa2ff7	excluded	type .log not kept
wave1	rc24-miner-before.exit	8	bf03f07f4d7cc54b16f60f2867e4e759f806ec32efc8167e514fe0e45ee20ea6	excluded	type .exit not kept
wave1	rc24-miner-before.json	4798	769d5a8217344068d5fc5a78824d9a6cf107a6bb0af7ee1c7dce7f3a072328cb	excluded	type .json not kept
wave1	rc24-miner-before.log	3937	56a28a2ba609a03c892c6096842d15653f07a892e101ee97267920c68b82e7a0	excluded	type .log not kept
wave1	rc24-typecheck.log	54407	1bed57317c48657c8368c62037d9b650e90c35a4764ed4199fd371f002a7d7b2	excluded	type .log not kept
wave1	review-parent-migrated-forgery.mts	3235	7fe2146ada3436635386f8721b9c355b7e3754b70b5da445d8e78f565c60a922	excluded	type .mts not kept
wave1	review2-supersede-abuse.mts	4385	4909fb148cceb146849f4b501ee81f476726abf844ce43b4bc2358587f5d8804	excluded	type .mts not kept
wave1	status-w13.txt	3668	086b1f70f30e544eabee1af955b1b181cdf09adb3cf57b93b0edb39f20e5342a	excluded	type .txt not kept
wave1	typecheck-w12.log	108202	30b928cc8d237f1642bf5ae27dd4fa584514ac03a54cfffeacfe320ded86ac17	excluded	type .log not kept
wave1	typecheck-w13-1.log	42284	badf500e81afec1d2ea3244ab65fa1cdc3de229028c2cba2cd37e0eac620d1bb	excluded	type .log not kept
wave1	typecheck-w13-2.log	107722	ba8aac49403751b1dc28b88a00d5866423680aaeec58d174329a256608a9975c	excluded	type .log not kept
wave1	typecheck-w13-3.log	107914	00ac1e9b03dfb7b99b3dcfabab6853861671118b96d60c9967b132388b5e11b9	excluded	type .log not kept
wave1	typecheck-w13fix.log	174	8226745bb11dfe7cb251fba0aedaeb84472506119d7d70f71230c70a1464aa68	excluded	type .log not kept
wave1	version-check-w13.log	665	6f028d2322da928ed14941a9c7f084d6e1f605ffe20b36ccc56029ed9e8f0b86	excluded	type .log not kept
wave1	w13-after1.exit	8	bf03f07f4d7cc54b16f60f2867e4e759f806ec32efc8167e514fe0e45ee20ea6	excluded	type .exit not kept
wave1	w13-after1.json	26063	a3e98d8931b6137eb43f7a3f5adbfc3f1114c6282b1efba33a70202e32f39d4c	excluded	type .json not kept
wave1	w13-after1.log	19674	5ac75d91cb060185604cd21c246b7308e5b25b869b8be5fdfc77487ad100fc69	excluded	type .log not kept
wave1	w13-after2.exit	8	bf03f07f4d7cc54b16f60f2867e4e759f806ec32efc8167e514fe0e45ee20ea6	excluded	type .exit not kept
wave1	w13-after2.json	67406	23d6178729560ca275c51be88481db20d1ecf18fbb6418b863f032c1d0d96fa1	excluded	type .json not kept
wave1	w13-after2.log	97218	04b17f1f6557caec8ad1d47272e3cbd54a31fedd3ccc762d0c0da0231c666edd	excluded	type .log not kept
wave1	w13-after3.exit	8	cc258d839e50d5e0cf220528399d5c29a6bcc5c3a9ee2616a915627e0363d91d	excluded	type .exit not kept
wave1	w13-after3.json	45364	5481e9dedabd876e73caefbf22f6566afe16bb45d07e17cd59e2fafadfea7396	excluded	type .json not kept
wave1	w13-after3.log	56862	0f54423b1efe3abdeecedd70e3996b4c10ed45438d930ddcb8b235b12596c115	excluded	type .log not kept
wave1	w13-before.exit	8	bf03f07f4d7cc54b16f60f2867e4e759f806ec32efc8167e514fe0e45ee20ea6	excluded	type .exit not kept
wave1	w13-before.json	124006	f4f68798675818653f8a22e39f692555e2c15d66a463aabfb55e40413a422bef	excluded	type .json not kept
wave1	w13-before.log	172482	25e899dba99c846448b7fd8960d04505b8c7c6eefeee6bb88de84cdeecca95f2	excluded	type .log not kept
wave1	w13-before2-replay-verdict.exit	8	bf03f07f4d7cc54b16f60f2867e4e759f806ec32efc8167e514fe0e45ee20ea6	excluded	type .exit not kept
wave1	w13-before2-replay-verdict.json	3182	dec2978d3fe93bfd9fe2c7f28df8c366a9d292840d5681fb59ff6bf3c2ccb6c1	excluded	type .json not kept
wave1	w13-before2-replay-verdict.log	40468	8f8dfafdcf33f2f88bc066bd545a2f9dedad50b5829c19ede48552c8ae8ccaed	excluded	type .log not kept
wave1	w13-fallout1.exit	8	bf03f07f4d7cc54b16f60f2867e4e759f806ec32efc8167e514fe0e45ee20ea6	excluded	type .exit not kept
wave1	w13-fallout1.json	24514	a9d23f7f4c4e7b1ad92afc9e2411d724301f54df17ad31f9cd1e32d3046b1bf6	excluded	type .json not kept
wave1	w13-fallout1.log	42560	2c38323bd781d852de4d5a106a4ed9e2d6c8108cd19b4b864b556129f2fb39bc	excluded	type .log not kept
wave1	w13-fallout2.exit	8	cc258d839e50d5e0cf220528399d5c29a6bcc5c3a9ee2616a915627e0363d91d	excluded	type .exit not kept
wave1	w13-fallout2.json	3227	92cd1f1c6534b2fcb6ac075e73680393b3910d83e72daed44d765ccac46a6770	excluded	type .json not kept
wave1	w13-fallout2.log	2918	7e34946e0320e1af4ad5e3878f52944ce5354f9d56ebb758927411dc700f190a	excluded	type .log not kept
wave1	w13-scan.mts	3946	0ea0cbc8e177875acc16a3f503a5cd45b4ee33b5c515125154398d51683fd663	excluded	type .mts not kept
wave1	w13fix-after1.exit	8	cc258d839e50d5e0cf220528399d5c29a6bcc5c3a9ee2616a915627e0363d91d	excluded	type .exit not kept
wave1	w13fix-after1.json	46966	1ed745a1bb98daffd2e441401b9af52891757802dac525f04838c660200f9955	excluded	type .json not kept
wave1	w13fix-after1.log	70912	4c0dd9e0f756bc743b35cad13fd75c5753f913a2bb8e1c0bde42f9648f763ca2	excluded	type .log not kept
wave1	w13fix-after2.exit	8	cc258d839e50d5e0cf220528399d5c29a6bcc5c3a9ee2616a915627e0363d91d	excluded	type .exit not kept
wave1	w13fix-after2.json	206878	beb2047a0a89b8fd8d5a7978d233e8c9e457b8b7500dbf2cd7c5bbc4db0dda79	excluded	type .json not kept
wave1	w13fix-after2.log	137900	d0a6b86279919cdb7cfd3853890d0982220f56e089f730ea86dc064ea2b0c5fd	excluded	type .log not kept
wave1	w13fix-before.exit	8	bf03f07f4d7cc54b16f60f2867e4e759f806ec32efc8167e514fe0e45ee20ea6	excluded	type .exit not kept
wave1	w13fix-before.json	18880	f6a5f95c35baf0775c17da364a1cb5893f7f660acf463450b1e18beaf79fd150	excluded	type .json not kept
wave1	w13fix-before.log	57680	d19889171585db53652345e0fc2b33b247bd953967bc331708c2ec32e833f38c	excluded	type .log not kept
wave1	w13fix-before2.exit	8	bf03f07f4d7cc54b16f60f2867e4e759f806ec32efc8167e514fe0e45ee20ea6	excluded	type .exit not kept
wave1	w13fix-before2.json	13121	13cd3b1ad15539afe3ca3c7e5c6d12d31248bdd40c5affac845d63278ba1a17d	excluded	type .json not kept
wave1	w13fix-before2.log	15014	3fc6e84440f973a4f0e7fecc42f1f4541fb54f060818e66170e5c1ff76ebf6cf	excluded	type .log not kept
wave1	w13fix-before3.exit	8	bf03f07f4d7cc54b16f60f2867e4e759f806ec32efc8167e514fe0e45ee20ea6	excluded	type .exit not kept
wave1	w13fix-before3.json	13237	baff6fe82c0fb3a2d6dc90134eed25567c1ecf6eaf05f68746184ef4549e11d0	excluded	type .json not kept
wave1	w13fix-before3.log	14514	5103b16a62d091cfdd0c08b61698d7ba894ef58fbd1969b117f21a892b9c1bde	excluded	type .log not kept
wave1	w13fix2-after.exit	8	cc258d839e50d5e0cf220528399d5c29a6bcc5c3a9ee2616a915627e0363d91d	excluded	type .exit not kept
wave1	w13fix2-after.json	49178	b3d85cd30a688d61b662c26238755ffaf6c70dcc02325fdf55b903d3d2c4d44d	excluded	type .json not kept
wave1	w13fix2-after.log	63272	56168929bd9f8926735a718bdae51e45c85f74a9090af11b197a842b99dede4b	excluded	type .log not kept
wave1	w13fix2-before.exit	8	bf03f07f4d7cc54b16f60f2867e4e759f806ec32efc8167e514fe0e45ee20ea6	excluded	type .exit not kept
wave1	w13fix2-before.json	16202	c2105760bc094998ef1544851e62d0ed0a3c111427db8356ee02f02fd4ad822e	excluded	type .json not kept
wave1	w13fix2-before.log	50842	2ef1cf5991d54c7f833e3c15d6b2a9535bd9ba36f03b454d6110777d33cd38be	excluded	type .log not kept
wave1	w14-15-full1.exit	23	94fce8a71c7ac9ac0855d8c007e7d3c1453f7df9818f7ee2c8a8f05c87860385	excluded	type .exit not kept
wave1	w14-15-full1.json	663203	80ed204ac451d100d4c7d7c0db4f913e2b090204ca042db6aa95d91404f31c2e	excluded	type .json not kept
wave1	w14-15-full1.log	323792	e334d2decb0dbc8d00785661630698dfb80b3612611b01661b7f3d6e2f77fce7	excluded	type .log not kept
wave1	w14-after1.exit	8	bf03f07f4d7cc54b16f60f2867e4e759f806ec32efc8167e514fe0e45ee20ea6	excluded	type .exit not kept
wave1	w14-after1.json	14809	c2145e10456052dabc35fb4650b13d7d8fba9de1c0d771439daed85c46462e1f	excluded	type .json not kept
wave1	w14-after1.log	58452	31fe90431b864f659b5d01d64bb8c7a1339607cf30f04a0516e0d14f23f0fd41	excluded	type .log not kept
wave1	w14-after2.exit	8	cc258d839e50d5e0cf220528399d5c29a6bcc5c3a9ee2616a915627e0363d91d	excluded	type .exit not kept
wave1	w14-after2.json	9043	a4f6bd9e0a250a94deb5f96edbd02faf3057dc209a0a012493ef9c159805c15e	excluded	type .json not kept
wave1	w14-after2.log	51824	9346b40da278daffc17c870f7fb1c1e54b51d2f311a31554ea1c74fb0def523d	excluded	type .log not kept
wave1	w14-before.exit	8	bf03f07f4d7cc54b16f60f2867e4e759f806ec32efc8167e514fe0e45ee20ea6	excluded	type .exit not kept
wave1	w14-before.json	38737	08a29943d380120b6e7dcd6d3bb91ea2edeb3893942a6a1b36eb0a3e25bcd317	excluded	type .json not kept
wave1	w14-before.log	86810	69d02471531c5a0bff741cea08b5c3a4b691fcae3747f3160b0551fa86fc89e7	excluded	type .log not kept
wave1	w14-fallout1.exit	8	bf03f07f4d7cc54b16f60f2867e4e759f806ec32efc8167e514fe0e45ee20ea6	excluded	type .exit not kept
wave1	w14-fallout1.json	484096	35a1a727c72029aced07518144852e9a9a2bb6819bea9772ea902addc05b8012	excluded	type .json not kept
wave1	w14-fallout1.log	305216	f63d9c499991acc59ba1da6c6a32f3f280f7c8e2573bd9713c14fc83914765aa	excluded	type .log not kept
wave1	w14-fallout2.exit	8	bf03f07f4d7cc54b16f60f2867e4e759f806ec32efc8167e514fe0e45ee20ea6	excluded	type .exit not kept
wave1	w14-fallout2.json	63213	0416ea616098e53ee50e1449a95e296e7802a84c7dc530b839adaca2d644e4a0	excluded	type .json not kept
wave1	w14-fallout2.log	61698	a9c67d4e35d79fb30a3d7de0e69c5d220474205d1fad948a80d63405c6194447	excluded	type .log not kept
wave1	w14-fallout3.exit	8	cc258d839e50d5e0cf220528399d5c29a6bcc5c3a9ee2616a915627e0363d91d	excluded	type .exit not kept
wave1	w14-fallout3.json	172173	a0d6cd1208684a8b291a7bab6c53e862126f06d9bdf0833c06c0e974bfdb1ab0	excluded	type .json not kept
wave1	w14-fallout3.log	115740	362624ae32cd403cfb5dca772d63c940215d9936c463500078bba05e7772040a	excluded	type .log not kept
wave1	w15-after-cli.exit	8	bf03f07f4d7cc54b16f60f2867e4e759f806ec32efc8167e514fe0e45ee20ea6	excluded	type .exit not kept
wave1	w15-after-cli.json	12552	a23bca073a9758996fdadee2d3ef7c64ea2f24982fc6c76b70510cdc436e29ce	excluded	type .json not kept
wave1	w15-after-cli.log	53762	4e10893fce5274430a33313db59d674bcb3f0c8599631b010b15cb92a4c4287f	excluded	type .log not kept
wave1	w15-after-cli2.exit	8	cc258d839e50d5e0cf220528399d5c29a6bcc5c3a9ee2616a915627e0363d91d	excluded	type .exit not kept
wave1	w15-after-cli2.json	4674	473c956770c116e4e4e9ea1e0021902ee9ca1880ff7b9d515ce4b2bdf69a26f4	excluded	type .json not kept
wave1	w15-after-cli2.log	40460	e503ca101ed81dbce3fa31e03b8a63dc60989fab75769a635c551d795d8b1dc9	excluded	type .log not kept
wave1	w15-before-cli.exit	8	bf03f07f4d7cc54b16f60f2867e4e759f806ec32efc8167e514fe0e45ee20ea6	excluded	type .exit not kept
wave1	w15-before-cli.json	8368	12d0f6cef19b8573d0fd3b009169371197d4719295e70f32d14e02d8787f5874	excluded	type .json not kept
wave1	w15-before-cli.log	47088	f13866e19bd681643071bb7b8a15e43c928a72fad8fb6ae834bb10a90771c808	excluded	type .log not kept
wave1	w2a-after1.exit	8	bf03f07f4d7cc54b16f60f2867e4e759f806ec32efc8167e514fe0e45ee20ea6	excluded	type .exit not kept
wave1	w2a-after1.json	32061	f943472c9195e11167012c317ce2ce56ed029d56a6dafb87d116e97dee0ae8a4	excluded	type .json not kept
wave1	w2a-after1.log	64484	e1ec10b702b51066e5438a4b4b1b0f29bdfebb8364f5e3705ec24104fb006fab	excluded	type .log not kept
wave1	w2a-after2.exit	8	bf03f07f4d7cc54b16f60f2867e4e759f806ec32efc8167e514fe0e45ee20ea6	excluded	type .exit not kept
wave1	w2a-after2.json	22639	6c63b4c5fafc9594f036bcf41cbc9271bf2d37f6e9872cd6de9e237e33a4ffeb	excluded	type .json not kept
wave1	w2a-after2.log	51804	d28e7945492eccfa47975635dd7e91c9f42a43c737a1c0b674ad5af78a72f87d	excluded	type .log not kept
wave1	w2a-after3.exit	8	bf03f07f4d7cc54b16f60f2867e4e759f806ec32efc8167e514fe0e45ee20ea6	excluded	type .exit not kept
wave1	w2a-after3.json	14763	d7e85e5aac5823c44ddf4fc113b57bdbe43d3cd68546094b5ec7ff1aea6a8e04	excluded	type .json not kept
wave1	w2a-after3.log	50266	25d40e7beff8c1abdfe3ab16232ac9c8718795449cafcb3d59cefc0879e3d859	excluded	type .log not kept
wave1	w2a-after4.exit	8	cc258d839e50d5e0cf220528399d5c29a6bcc5c3a9ee2616a915627e0363d91d	excluded	type .exit not kept
wave1	w2a-after4.json	4326	c35ba1a18e0a912fab436f553b8277c9b732935940bfd7322f97b8cfbb29e276	excluded	type .json not kept
wave1	w2a-after4.log	44412	ccda56d8c2083a3ab4c6e03303c7bfa919aa29cb55c6709c716eca4c13b260f6	excluded	type .log not kept
wave1	w2a-fallout1.exit	8	cc258d839e50d5e0cf220528399d5c29a6bcc5c3a9ee2616a915627e0363d91d	excluded	type .exit not kept
wave1	w2a-fallout1.json	337327	b830b6dd7d7f333e77d1d72464cd8cd6083c50135756d54494e566128583a534	excluded	type .json not kept
wave1	w2a-fallout1.log	165514	a992caafedbf954ce1ce2646a1d3b37bf7df2bd02994a66507a437c34966f5ae	excluded	type .log not kept
wave1	w2a-fix1.exit	8	bf03f07f4d7cc54b16f60f2867e4e759f806ec32efc8167e514fe0e45ee20ea6	excluded	type .exit not kept
wave1	w2a-fix1.json	20793	ce71f9ce620aae37e874c6a1d4c4e1eaf84fe8e1d6083c88e940d2c5b5870762	excluded	type .json not kept
wave1	w2a-fix1.log	47514	3d8e34b9f34628ee5829a4213acbe29edb9754ec2a7814b46133cc468c94823e	excluded	type .log not kept
wave1	w2a-fix2.exit	8	cc258d839e50d5e0cf220528399d5c29a6bcc5c3a9ee2616a915627e0363d91d	excluded	type .exit not kept
wave1	w2a-fix2.json	274052	eca3b0f26e38379369b0e717621574b98f79c1488652737419bb0e66de68ea98	excluded	type .json not kept
wave1	w2a-fix2.log	159918	13ce23785fedd11f412c979112fb24cef436370cc616aaf3f79ef954530b7c74	excluded	type .log not kept
wave1	w2a-full1.exit	23	76ace4afcd904de10f7043b1340e76900a7335c609230ea8c9324c7ec3f39f0e	excluded	type .exit not kept
wave1	w2a-full1.json	673451	2665884d3e1737de78641555890c52b68dedb75a1fc95f3db9b61916d6a1e6dc	excluded	type .json not kept
wave1	w2a-full1.log	331228	70f056a949d9f3585b3c4511812fdaa54c507d3b0b61d122066f30dbc7c34701	excluded	type .log not kept
wave1	w2b-after1.exit	8	bf03f07f4d7cc54b16f60f2867e4e759f806ec32efc8167e514fe0e45ee20ea6	excluded	type .exit not kept
wave1	w2b-after1.json	14176	16354293fac21583812680ab163140c9a1d35e84c2148cd73bd74f70a48e8a90	excluded	type .json not kept
wave1	w2b-after1.log	48678	27bf330742881aedbf866cf7cdeb11d69a3c855b5e255dfd4ec69d5e97ed1db2	excluded	type .log not kept
wave1	w2b-after2.exit	8	bf03f07f4d7cc54b16f60f2867e4e759f806ec32efc8167e514fe0e45ee20ea6	excluded	type .exit not kept
wave1	w2b-after2.json	7229	9b2f9ef4a23da139ded9e882f9254982018f4d2c1b5746cc7c525d7571feb73a	excluded	type .json not kept
wave1	w2b-after2.log	43392	67dd70050d7368169f16d94bc0d24f7146206e647d5c462d952f0bea5d8b2de5	excluded	type .log not kept
wave1	w2b-after3.exit	8	bf03f07f4d7cc54b16f60f2867e4e759f806ec32efc8167e514fe0e45ee20ea6	excluded	type .exit not kept
wave1	w2b-after3.json	5242	3bea1ee09074ec3d0df6f0ec7db51961c4695bbce3ccc77bdde03d99f3a23f27	excluded	type .json not kept
wave1	w2b-after3.log	42864	13d21a1df637b131d6ba6533165c43365c9ecb4e0d1fbc7c7b5a9705a7336b3d	excluded	type .log not kept
wave1	w2b-after4.exit	8	cc258d839e50d5e0cf220528399d5c29a6bcc5c3a9ee2616a915627e0363d91d	excluded	type .exit not kept
wave1	w2b-after4.json	1338	4e91d196b7ac45191011d5e2d29b54610c13aad213db4d5b4472628c06cfaa31	excluded	type .json not kept
wave1	w2b-after4.log	3156	a9859452966cf1455a0a149b1ca6a71e92710ebd463fe482146f972d5d20f00c	excluded	type .log not kept
wave1	w2b-fallout1.exit	8	cc258d839e50d5e0cf220528399d5c29a6bcc5c3a9ee2616a915627e0363d91d	excluded	type .exit not kept
wave1	w2b-fallout1.json	201078	5ccdc81fc28ac268a4b0d90e63ba3f1a139651e97496f9a56a109f7fe477ccd5	excluded	type .json not kept
wave1	w2b-fallout1.log	261108	28f5d547ca914165fed2eef443277cec2dff953475bb126dd82fb0208ee29c1e	excluded	type .log not kept
wave1	w2b-full1.exit	23	ccdf518c986191f32f721e958fa759e1b5fc33be15a210ff50ad80fbd7164a67	excluded	type .exit not kept
wave1	w2b-full1.json	675942	c327a54c3dc7df0453b257083fc1af2187fbf7b5f4c5e24df7e9db87b9e7d412	excluded	type .json not kept
wave1	w2b-full1.log	336392	e52fa6424e11925d48a19e6801f1f621e8fdfb67e03233a63847447c84c2d78d	excluded	type .log not kept
wave1	w2c-after1.exit	8	cc258d839e50d5e0cf220528399d5c29a6bcc5c3a9ee2616a915627e0363d91d	excluded	type .exit not kept
wave1	w2c-after1.json	14270	cbd688524ca236b00e9dd987b756cb6e1684421ded93501bc62caa519859d02f	excluded	type .json not kept
wave1	w2c-after1.log	48838	030fc61c1ab1a7deaccf528caa8cc8387ecb68384027b0e56f17b6d99d5a562a	excluded	type .log not kept
wave1	w2c-fallout1.exit	8	cc258d839e50d5e0cf220528399d5c29a6bcc5c3a9ee2616a915627e0363d91d	excluded	type .exit not kept
wave1	w2c-fallout1.json	398960	9e78b186e7cd4694dce69f19bd93f02caef1df9ff9179c9f2c3d50ce448ea3b8	excluded	type .json not kept
wave1	w2c-fallout1.log	274082	bfdac53a158aa626a4c486e33e5f78608a8ec81d21a272d37790ec4feb9ba2c4	excluded	type .log not kept
wave1	w2c-full1.exit	23	7f697df138ba414af2391c31b04bd883abf6670e2117209e39220b3a24f1aca2	excluded	type .exit not kept
wave1	w2c-full1.json	679743	0227fe4e33f1cbf2500c6ea6a5fadb418556c5139d1e193f6f11fc7c6d722cc0	excluded	type .json not kept
wave1	w2c-full1.log	337610	45f8e64615f46e7988b30c370cb4145decda7f4e3d8fa256c9791fe3c2bb004f	excluded	type .log not kept
wave1	w2d-after1.exit	8	cc258d839e50d5e0cf220528399d5c29a6bcc5c3a9ee2616a915627e0363d91d	excluded	type .exit not kept
wave1	w2d-after1.json	274539	02077d3ff11786b0b20954cd9d0572fab2b80b0e276a458d10021a126c3cd723	excluded	type .json not kept
wave1	w2d-after1.log	161070	fcd573a95c383630d53c64e6c4e89ed9be74caafa392f02cfdbd061f47be59af	excluded	type .log not kept
wave1	w2d-fix1.exit	8	bf03f07f4d7cc54b16f60f2867e4e759f806ec32efc8167e514fe0e45ee20ea6	excluded	type .exit not kept
wave1	w2d-fix1.json	281579	4c8c829e9d7a7f8b2c43267cd34d94539fc210ce891059e66e2214f479dae7d0	excluded	type .json not kept
wave1	w2d-fix1.log	170048	6478aef06100f9c5c297919c5b41330d35ff98f4bb847ac0c0e13501c6999e0e	excluded	type .log not kept
wave1	w2d-fix2.exit	8	cc258d839e50d5e0cf220528399d5c29a6bcc5c3a9ee2616a915627e0363d91d	excluded	type .exit not kept
wave1	w2d-fix2.json	8361	058b95bc8f21861aead537b3ffe7d4706b36a374ae965b28d60a37a220048725	excluded	type .json not kept
wave1	w2d-fix2.log	37492	9c9fdd54663872ebc6bed630384e794404849a2b8f0bfde1fd346558f1c8e8fd	excluded	type .log not kept
wave1	w2d-fix3.exit	8	cc258d839e50d5e0cf220528399d5c29a6bcc5c3a9ee2616a915627e0363d91d	excluded	type .exit not kept
wave1	w2d-fix3.json	283839	90143681f7100e7fef08f6f832048e83bc8789a9e1e9891c504d1b2f7d7be66b	excluded	type .json not kept
wave1	w2d-fix3.log	163106	7e4107c299359474330b995275bc604f23d7a510b5920f901fc89871efac0b30	excluded	type .log not kept
wave1	w2d-full1.exit	23	e0289a065fdab91c8d66f6d4901aef4b11216e555593b751866af6a97cf2a68c	excluded	type .exit not kept
wave1	w2d-full1.json	683787	628b9571c7980dd5ed239833786fe41159d8ad8300d34466446f1836b63a1f26	excluded	type .json not kept
wave1	w2d-full1.log	341708	03201cd37fad11ae2f58c1f88c6acf6ca21157048134894a96e0e787f0ccc74a	excluded	type .log not kept
wave1	w2e-after.exit	8	bf03f07f4d7cc54b16f60f2867e4e759f806ec32efc8167e514fe0e45ee20ea6	excluded	type .exit not kept
wave1	w2e-after.json	4323	6f37e95aa4c0cb240723f598083db0df33820d788e6b42e05d6d9805c43fd382	excluded	type .json not kept
wave1	w2e-after.log	39954	1bb559d15c3322996c94aa19158735f734b89d97484b23ad43d79858cf8a5400	excluded	type .log not kept
wave1	w2e-after2.exit	8	cc258d839e50d5e0cf220528399d5c29a6bcc5c3a9ee2616a915627e0363d91d	excluded	type .exit not kept
wave1	w2e-after2.json	5249	28f40e2898dc0a489209efa288f69a647b6fded49a2ec0c7d4efb69cafbbdcb4	excluded	type .json not kept
wave1	w2e-after2.log	41762	7d5c0dc9a04ceed7984939f5e1dc0e0ae54c15218cc672abad27f6874fd0b235	excluded	type .log not kept
wave1	w2e-before.exit	8	bf03f07f4d7cc54b16f60f2867e4e759f806ec32efc8167e514fe0e45ee20ea6	excluded	type .exit not kept
wave1	w2e-before.json	9755	f45f629be87e21117c48a17d41d7d32341d5946baef37eed923075f89941decf	excluded	type .json not kept
wave1	w2e-before.log	45094	83b81c7ae7093d4ed21557b6f5de9bb86c0e8ae030b14333f9c013b5adc2a742	excluded	type .log not kept
wave1	w2e-cli.exit	8	cc258d839e50d5e0cf220528399d5c29a6bcc5c3a9ee2616a915627e0363d91d	excluded	type .exit not kept
wave1	w2e-cli.json	91887	3fcc58cfc4cd1de713106a4631723871d2cea13168bc42996741d571af15d226	excluded	type .json not kept
wave1	w2e-cli.log	105604	11ffe153a950541c10b8f6dd45645f17b2af0018dc6883bfaf1d4243df6e1a5f	excluded	type .log not kept
wave1	w2e-full1.exit	23	541fa968e6f6ca9ef5695d1c9925d0927565ab483d0c03a625fa06f0a8e7859a	excluded	type .exit not kept
wave1	w2e-full1.json	690558	0d059254d0386144458ba5dbc763048c1277899991769e81666bfd3e9f26326a	excluded	type .json not kept
wave1	w2e-full1.log	340790	80cd198c65ed9d0b0890ed8902f99c5c298feee5531e6545fdc8d7f9fc7330af	excluded	type .log not kept
wave1	WAVE1-3-LEDGER.md	36004	d0681da2fe947abbef5766fbc7187963eba9555270b7ee45ac7d371f8b00c940	copied	
wave1	WAVE1-4-5-LEDGER.md	19971	75aa59d7b7ab0f2f8cf9414ab224d25031c9834cd8e2cdcc1e5456db5183d743	copied	
wave1	WAVE_1_3_SECURITY_FIXES.md	19060	c5ea4a3393991b1f7be8909e78f41548fc79c298bc675b5395cc4028c857cb4f	copied	
wave1	WAVE_1_3_SECURITY_FIX_REVIEW.md	6874	15565f400b97c8dede08d212c3f7ef4e63ef5a86534b6f6eaae60dc2cd56e37d	copied	
wave1	WAVE_1_3_SECURITY_REVIEW.md	18479	d2a2b5ba4fbb3342698aff80d71548f6eaa129902c5cc4d99bcd5c033ddd9b78	copied	
wave2	WAVE2-A-LEDGER.md	10893	e3686040ae457b93b0901142724a5f3917b8360502b7493da639a83e02c608d7	copied	
wave2	WAVE2-A-SECURITY-FIX.md	7099	422520b70c88a0db589f5a523f4046312454e84eb25e4590731713877a148d9d	copied	
wave2	WAVE2-B-LEDGER.md	7516	65efe0f04aae831dcd055de6353d18b56733da99aac27aa759540ba77fca0e6d	copied	
wave2	WAVE2-C-LEDGER.md	8493	d187361e60ddbd7683e06e3a47c421563338fd643a10f3741d1737bbe70cf416	copied	
wave2	WAVE2-D-LEDGER.md	7248	96adaca42e2bd18216c8047048ca3db979bdf6edd59416066b7d9b0c371a3801	copied	
wave2	WAVE2-D-SECURITY-FIX.md	6120	94261ed3157d51f2b66ef75ca7fbda0961031da35b8a4d307f14eb792577f759	copied	
wave2	WAVE2-E-LEDGER.md	8864	fc18ae784a019852f157297079dd662d2a96c6cfcecd4dd3f4553c9d632d80d2	copied	
wave2	WAVE2-Q4-DECISION-PROPOSAL.md	14308	b4110d2754aa27aa8f3b425cc7148651046cbc31c4dbd5a2432bc6465b1b219d	copied	
first-contact	FIRST-CONTACT-LEDGER.md	10038	72490167bd32d49afae4b6e668c52ce88e5d1363920c9682720c75b5cd7301d5	copied	
demo	check-reports.cjs	1340	8fcdf46046b9632f2914a255b0ad6ebf4eca1d425ade552c23e4e1ff54f06653	excluded	type .cjs not kept
demo	e09-published/.gitignore	35	1963e84a7dfb9c3de46cf08fa8afedbf2746e18e1be8e12f595953e0e40ff324	excluded	type (none) not kept
demo	e09-published/.hardkas/artifacts/misc/snapshot-bcba6f174c6d2caac0df005dc9cfa94cd29928ede8ec9c8c63cc09e3be9c9bcc.json	2614	4afd0c1332e22c00c18460316ad63398568f1f9eb10994969366a1c4d0a736e1	excluded	type .json not kept
demo	e09-published/.hardkas/localnet.json	2349	28a680c60a9d6b435d760c51474d4583c560ce8c64280e3191deafd22dbfe398	excluded	type .json not kept
demo	e09-published/.hardkas/store.db	4096	f1c1d714b195aa1795c50ed2db1795613d868a07340cbf0b1a563384fdfebdcf	excluded	type .db not kept
demo	e09-published/hardkas.config.ts	893	06546bc174da99a19d5b4748078a0e11352d6c8d17a01d624eef107b4ca99ace	excluded	type .ts not kept
demo	e09-published/package.json	316	cf1817349261556cae1b233f8cb6bd12f3e39503452dae949b29089699dfb87a	excluded	type .json not kept
demo	e09-published/test/payment.test.ts	763	90927b16a4a25b7400b211497c08ae6826d9eb7eeee928e99ffd503443b1ee9e	excluded	type .ts not kept
demo	e09-published/vitest.config.ts	141	c630736d7cded05a28e07de389f1dffc3f9ba0569838e58be62deff6e1e28d52	excluded	type .ts not kept
demo	errores-hardkas-rc23.html	54770	a6bb8cc1c28b6c591ef91cd071246a276c6cd6c7b7b1e2ac354114cf684bc256	excluded	type .html not kept
demo	GUION-DEMO-HARDKAS-RC23.md	7349	4072ca1fa497d5c48ee8cc02d80d0c694e47e5241a2394ea77ad96baf4820322	copied	
demo	inspect.cjs	1333	edbcd9864a72d7272fd018999872bcb4f839366cdd7de7eedbd4c5e497b241cb	excluded	type .cjs not kept
demo	qs/.gitignore	35	1963e84a7dfb9c3de46cf08fa8afedbf2746e18e1be8e12f595953e0e40ff324	excluded	type (none) not kept
demo	qs/.hardkas/artifacts/2026-09-26T17-31-29-463Z-plan-0ecd394525036987.plan.json	1751	7378a4e492dd11ed170b344e651aadc0e8bec6422b294224f820dd9eaa5279aa	excluded	type .json not kept
demo	qs/.hardkas/artifacts/misc/snapshot-b007ab06dc877aec81c374ef8c6a5928cfe4f005d384778e8b54959e8c542639.json	3100	a666458c63d53e1221a57e4bcb363dde16f8912a3c74b1097b31545014449b34	excluded	type .json not kept
demo	qs/.hardkas/artifacts/misc/snapshot-b1d198bc86f1a969d222170a63ff9548e2ddb9de9de11f680eee2a778b73e444.json	3586	c7e77c64b5303b1cfd9507d7db66a0c86cd21bd1ea7bf7ee18647fe400b157dd	excluded	type .json not kept
demo	qs/.hardkas/artifacts/misc/snapshot-bcba6f174c6d2caac0df005dc9cfa94cd29928ede8ec9c8c63cc09e3be9c9bcc.json	2614	8633e48aa6980ee087f6fc411b67535c5ee88cc8a123ab75fe66fde479a16012	excluded	type .json not kept
demo	qs/.hardkas/artifacts/plans/txPlan-15c832932ca89ac5dd770458efba24a394b15f85f60af9d7557ff332879818ff.json	1743	122d96e663c365e1946595d6372c959ce8971938e79dce1180c3ec8eb2cc5581	excluded	type .json not kept
demo	qs/.hardkas/artifacts/receipts/txReceipt-4c0f1f9f7125157adafb4688610f07fdf23631b6ef9f80cc2cd352513e85afd3.json	2247	b3d974d176e3aa006685daa4d02b10c69ff78ac81d1220a79851724cdd7730f8	excluded	type .json not kept
demo	qs/.hardkas/artifacts/receipts/txReceipt-d77ac98009715c23996fe19ee617ab1ab9dcf7029c641f2d016010a7e458d40e.json	2257	77c56f5b0062aade2b86e7de4f16ac7b091745043cd8e0301da5a21c4bc8a13a	excluded	type .json not kept
demo	qs/.hardkas/artifacts/signed/signedTx-a3773f572c68260795db7240952ab357d2ad173d3c4868e9a2e67b7e5b355281.json	1572	7693475cf4a181a7365e4ff2925f80e47edb605f1753cfd9500320744d58f03b	excluded	type .json not kept
demo	qs/.hardkas/artifacts/signed/signedTx-b632bf68ae69b845236255baeb35c00cab021385214c6dc1d66d4faecee6a4f2.json	1572	d7fa32e7cf6531b9f3e6915c1de39891200683efac92a4e180b650bac9f7c0b8	excluded	type .json not kept
demo	qs/.hardkas/artifacts/signed/signedTx-d44e08ff5802b8285b9ef58b207f7cc832d86757cb88af2e3ff59ed7b14b74f0.json	1572	412dbbc7e3922cdd02eb0e3d58405e50801e81ff0f0881cf14375f9ee069f2ac	excluded	type .json not kept
demo	qs/.hardkas/artifacts/synthetic-0ecd394525036987b2a09e49a8485bedbfe0dce5035568f160f03433d3431855.trace.json	1607	27cd968a65f2c3c266662cab09be688b02c0f86eae9623fc108705cfc1e86f6f	excluded	type .json not kept
demo	qs/.hardkas/artifacts/synthetic-15c832932ca89ac5dd770458efba24a394b15f85f60af9d7557ff332879818ff.trace.json	1607	c16f585be156a46bd96e4cb403c45791345b61dcae0bdfba318054f339a45525	excluded	type .json not kept
demo	qs/.hardkas/localnet.json	3321	40908b9448d9dc344a72e281330bc2567558e20079eb31ac96bf476e969faa95	excluded	type .json not kept
demo	qs/events.jsonl	8137	d01bdd55431bfd04099a31ada639d74dcb6c0938998b37a9c0b01160a0666acf	excluded	type .jsonl not kept
demo	qs/hardkas.config.ts	893	06546bc174da99a19d5b4748078a0e11352d6c8d17a01d624eef107b4ca99ace	excluded	type .ts not kept
demo	qs/package.json	316	cf1817349261556cae1b233f8cb6bd12f3e39503452dae949b29089699dfb87a	excluded	type .json not kept
demo	qs/quickstart.ts	463	56d493a28a17c1d7d343555ed6ad57175119ebca783cf5a98b3b0ee8133c28a6	excluded	type .ts not kept
demo	qs/readme-example.ts	413	c872ad9a2cdc4ad79d5007eb22149105a13b31a380bcf88df6e294e0189022a7	excluded	type .ts not kept
demo	qs/test/payment.test.ts	763	90927b16a4a25b7400b211497c08ae6826d9eb7eeee928e99ffd503443b1ee9e	excluded	type .ts not kept
demo	qs/tx-plan.json	1751	7378a4e492dd11ed170b344e651aadc0e8bec6422b294224f820dd9eaa5279aa	excluded	type .json not kept
demo	qs/tx-signed.json	1571	a4a5e573fb5f1a513ab16b4e4551c240959df9994bc0857b898f587d2f042b42	excluded	type .json not kept
demo	qs/vitest.config.ts	141	c630736d7cded05a28e07de389f1dffc3f9ba0569838e58be62deff6e1e28d52	excluded	type .ts not kept
demo	qs2/.gitignore	35	1963e84a7dfb9c3de46cf08fa8afedbf2746e18e1be8e12f595953e0e40ff324	excluded	type (none) not kept
demo	qs2/.hardkas/artifacts/misc/snapshot-74421a4d423d16d40210cde8d07f19225381495f351fd798579b0939da354a70.json	3099	8408dbbbd59b2dd8a08740c5239b8444997dcaa82bf7d3de52069ff5c727ba43	excluded	type .json not kept
demo	qs2/.hardkas/artifacts/misc/snapshot-bcba6f174c6d2caac0df005dc9cfa94cd29928ede8ec9c8c63cc09e3be9c9bcc.json	2614	1d4495ae9c4c2c6c1a3ff7c2b880a3144340b3170fecdae38c9f3aad006446c6	excluded	type .json not kept
demo	qs2/.hardkas/artifacts/plans/txPlan-946af3e560b3cf668e665fdc9a17b99ed7f62e1e8d67ea87c956825d3e3224f2.json	1743	cf2774e23098dc48bd0d151c56c9213ee0f83e19b096dea09ba2023e4d837881	excluded	type .json not kept
demo	qs2/.hardkas/artifacts/receipts/txReceipt-08b040c91503db3d1a09b1adbecd47abe3b6e407c0b1b5e14ae332a5df9651aa.json	2249	1e7c4cf352e396190690be239e4b13a431fa7e3b426718710ef6bf562d363723	excluded	type .json not kept
demo	qs2/.hardkas/artifacts/signed/signedTx-7e46c08689367bd12372f2ff6f77a373e0f4396e6037ae2484bba2f46f011ed3.json	1571	ab80ab0a88d46fd866ca8db993463faf9ace2cf5fa803faa5946ffb0f4defc71	excluded	type .json not kept
demo	qs2/.hardkas/artifacts/signed/signedTx-96fb16cff1f6566cf29ab80e1e092a4720952cb10d4e4a5f81695a09d887bc5b.json	1572	bb40a80c62fbb98579c3399e14d4f4acdf065b9a6e58deba09e4e936fbdefd48	excluded	type .json not kept
demo	qs2/.hardkas/artifacts/synthetic-946af3e560b3cf668e665fdc9a17b99ed7f62e1e8d67ea87c956825d3e3224f2.trace.json	1608	e539e1f8f7fe7fbf322084d03a154c4e9ad569246f51e70556762264cc113e06	excluded	type .json not kept
demo	qs2/.hardkas/dev-accounts/alice.json	913	c03aca5f42cba2569a650c1495477867d2e36d4e876a5038cc7738301142fd86	excluded	type .json not kept
demo	qs2/.hardkas/dev-accounts/bob.json	911	8d72f6b1376ca8f0c6c575d8714fee9239d3376698d6fbb043c586308f2c9426	excluded	type .json not kept
demo	qs2/.hardkas/dev-accounts/carol.json	913	aab34e5d864606f2b74ad948f477b147fe4acd61d23a5eb9072a3200cbb7da64	excluded	type .json not kept
demo	qs2/.hardkas/dev-accounts/dave.json	912	debc5d35d98335fe5f48bb8aae4f903bcf8034c2ea5d47999c553d4dd53f31e1	excluded	type .json not kept
demo	qs2/.hardkas/dev-accounts/erin.json	912	9ab78eeecd309f26a5b253f473d905c294ecbce54dd99222b6d5d6d3960b83c2	excluded	type .json not kept
demo	qs2/.hardkas/dev-server-token	64	7b545572c320e822f84f2a58772838cdf6e64679b710cece6a46ccc76460c572	excluded	type (none) not kept
demo	qs2/.hardkas/localnet.json	2834	76aaef77174d8bd8645b982d3ad521a61c6800d7d4a3b42f13e6b52ed1367c14	excluded	type .json not kept
demo	qs2/.hardkas/store.db	4096	f1c1d714b195aa1795c50ed2db1795613d868a07340cbf0b1a563384fdfebdcf	excluded	type .db not kept
demo	qs2/.hardkas/store.db-shm	32768	dfab034351fd53ec11257caa4a415f0530ba7d79736a897fbad718b734e6ddef	excluded	type .db-shm not kept
demo	qs2/.hardkas/store.db-wal	523272	5610b430577da8add16f537f0eaac83aa5b46776e3fc10657987618a744231c2	excluded	type .db-wal not kept
demo	qs2/events.jsonl	8730	3cd7b4298609e2abb6ac5e627c82fdaf7496248a1e6b40ecbccaf24407a481d0	excluded	type .jsonl not kept
demo	qs2/hardkas.config.ts	893	06546bc174da99a19d5b4748078a0e11352d6c8d17a01d624eef107b4ca99ace	excluded	type .ts not kept
demo	qs2/hardkas.config.ts.orig	893	06546bc174da99a19d5b4748078a0e11352d6c8d17a01d624eef107b4ca99ace	excluded	type .orig not kept
demo	qs2/package-lock.json	101141	0a0ff6c031d0c63650af3a208cb4dcdc4043a69445f474f9776c46ae9e303f6f	excluded	type .json not kept
demo	qs2/package.json	564	8aa531f4a22dc94e4027639e121a84582a9b26507cbf436042bd453b50a5d172	excluded	type .json not kept
demo	qs2/quickstart.ts	463	56d493a28a17c1d7d343555ed6ad57175119ebca783cf5a98b3b0ee8133c28a6	excluded	type .ts not kept
demo	qs2/test/payment.test.ts	763	90927b16a4a25b7400b211497c08ae6826d9eb7eeee928e99ffd503443b1ee9e	excluded	type .ts not kept
demo	qs2/vitest.config.ts	141	c630736d7cded05a28e07de389f1dffc3f9ba0569838e58be62deff6e1e28d52	excluded	type .ts not kept
demo	retos-hardkas-rc23.html	39376	e99d4036fef8f4f2d3bf8dc278cf9a2c5c881f2148fa8e301b5e35df18e97211	excluded	type .html not kept
demo	run1/wallet-demo/.env.example	219	24c1bba60a1c42acaa5ee28d79e8bad558c4b760ba0b6245f65c1eb24f93ac55	excluded	type .example not kept
demo	run1/wallet-demo/.gitignore	35	1963e84a7dfb9c3de46cf08fa8afedbf2746e18e1be8e12f595953e0e40ff324	excluded	type (none) not kept
demo	run1/wallet-demo/.hardkas/accounts.real.json	1411	b65fe34bfe769249ab59eedc040abe1befefd988836e21de8639904f785b36fa	excluded	type .json not kept
demo	run1/wallet-demo/.hardkas/artifacts/2026-09-26T16-50-50-955Z-plan-b8a69cdbb93de578.plan.json	4789	fa241e3bf773366793c66e840909c9e1c7b18cfb37cbafb2bb365be30e6e4170	excluded	type .json not kept
demo	run1/wallet-demo/.hardkas/artifacts/2026-09-26T16-58-37-789Z-plan-6e676598733d6271.plan.json	11374	e3499a1485e80d2e8e8311ffa031bf1f47592dd450d2ed8139a50dd3e10cc36c	excluded	type .json not kept
demo	run1/wallet-demo/.hardkas/artifacts/2026-09-26T17-19-58.345Z-synthetic-0d82e37e1bb397e2cd6bc730ab23011c117a15e12ef16ac61081617eb052247c.replay.json	641	319a9716ec278b3163d115273f70a52f1db905123be2ad2c3bf1a0421ef2a6e3	excluded	type .json not kept
demo	run1/wallet-demo/.hardkas/artifacts/misc/snapshot-8e66c6b5e29e7dbeec73aa4c66797d78bc359d191da9377c83d5e410e493f965.json	3100	95707cff7e3256ab130aa99955e22421825861e036edeff3778ac1f8df7c4e14	excluded	type .json not kept
demo	run1/wallet-demo/.hardkas/artifacts/misc/snapshot-bcba6f174c6d2caac0df005dc9cfa94cd29928ede8ec9c8c63cc09e3be9c9bcc.json	2614	cb819d6c2039ffc607287d00720cf8daac54b082a11e8a1568d1f01d851dfb12	excluded	type .json not kept
demo	run1/wallet-demo/.hardkas/artifacts/payment_flow.scenario-result.json	614	df6b91c3fd49e20bc1b445f5227b86110f8b298f9c8116651413c8fac809b69a	excluded	type .json not kept
demo	run1/wallet-demo/.hardkas/artifacts/plans/txPlan-0d82e37e1bb397e2cd6bc730ab23011c117a15e12ef16ac61081617eb052247c.json	1743	10e0ff6fd2d34e9cb864b03fe894894c59c3d2261faadd5bb493f6cc1e871149	excluded	type .json not kept
demo	run1/wallet-demo/.hardkas/artifacts/plans/txPlan-1d69d16502e79cbe18d1d9fedfd434964432853d2ccb6e25666deab1e2d65c7b.json	2607	b4d810d2715de1fc4dc1dc40f38faf4580d2dba3c71b31ac9067891f8432d0bf	excluded	type .json not kept
demo	run1/wallet-demo/.hardkas/artifacts/receipts/txReceipt-2194a5b7c6eb86118419ff61be22529ae6687d725806de19d5aa2b40103aa33f.json	2262	dffefd9c91807eeaf42b45b683e39a73b570291be71868fcd78901b5965360e3	excluded	type .json not kept
demo	run1/wallet-demo/.hardkas/artifacts/receipts/txSubmission-7f1201d39b85949d62e4a72c9a9f1d48b9fd32b4e9948de87090d8799144120b.json	1548	ccc71a88c2f91466d0d5d3f252476b0d4fdd3fbadcc752d8b52f79dd5843abd4	excluded	type .json not kept
demo	run1/wallet-demo/.hardkas/artifacts/receipts/txSubmission-b7fb2e27161af5a44afc6d4aa73103e4e85125e9593ec90d71706f448f159caf.json	1548	2ead1e4b21e68975b2471c07bcad3d7b50a61c7c0778221714a443ba0f67804f	excluded	type .json not kept
demo	run1/wallet-demo/.hardkas/artifacts/receipts/txSubmission-df078db692fdaa6febba5c71a6a883bdbf1cc8958b24ac10c532d21919424600.json	1552	99fe16519d5ccaab9f7e669e893ed5aa11eff34b3919baf2a1a7178c0b6c788a	excluded	type .json not kept
demo	run1/wallet-demo/.hardkas/artifacts/receipts/txSubmission-e5f6a7f545a7920dbdcb799752771269acf1a21ea0c0f525f6d800374a8bc10e.json	1609	1d20a0fc304dfda0c3282ba862037ac8ca995e9da916ac9683bcd3d40db0b22f	excluded	type .json not kept
demo	run1/wallet-demo/.hardkas/artifacts/signed/signedTx-0dc04b8b5ac31a2bc9b01f1ebfe8c18faf2bd2fe2cb531a83730d8536ddff074.json	2155	0bfcc0a8a4dd15b19c24cb62500659d654a8b2e88617ac9d03f4f39619dfe621	excluded	type .json not kept
demo	run1/wallet-demo/.hardkas/artifacts/signed/signedTx-70ff093a7e482c6bc23e93de119804116b6ae516c86afcbd2a4dd19bac151549.json	1575	9c812f2104a69343e1525a2f9ff8389ce7f3b0d6340ac170a4b64b71b76a9930	excluded	type .json not kept
demo	run1/wallet-demo/.hardkas/artifacts/signed/signedTx-84880e60f7331d93d828841dde328919312f5dce367af0dbd9d438721b1d632d.json	8847	d00055d5ca41b2944955c24af20d6d865ff409bcaa05983d25b179a15f1a21a2	excluded	type .json not kept
demo	run1/wallet-demo/.hardkas/artifacts/signed/signedTx-b96a8d2c2f37dd9db87dadf5ea3ca8bbd3aac132f1c83fbe28cb897d699a2da1.json	3826	9f663ffe7a5274f5d2450c03249df12509f829f3e1d41a0449c0a844bbb7eda6	excluded	type .json not kept
demo	run1/wallet-demo/.hardkas/artifacts/signed/signedTx-f538aa5904102fe294a6a123e06167d333fea83ea1a88a9e6f03a2e32f5423e9.json	1572	8e6a56773b0a2cb5de1f811dc82493fc8dcb1626a7f838aff214fb90c50ac2e0	excluded	type .json not kept
demo	run1/wallet-demo/.hardkas/artifacts/silver/silverCompile-a198565413a8939e.json	3719	45d023245c637866f125258450dae92a1e8aaab4415c61efdf0f70d5fa0a3e0b	excluded	type .json not kept
demo	run1/wallet-demo/.hardkas/artifacts/synthetic-0d82e37e1bb397e2cd6bc730ab23011c117a15e12ef16ac61081617eb052247c.trace.json	1622	d5156dded6cb49c658947d78295016b4dacac57195e99076549e2785974b42d8	excluded	type .json not kept
demo	run1/wallet-demo/.hardkas/deployments/simnet/pago-demo.json	460	d0a32a8dd049a09512896fa5744b552005c44ce4a5d0b6660fda895009368f3f	excluded	type .json not kept
demo	run1/wallet-demo/.hardkas/dev-accounts/alice.json	913	8f5b52ebd54f82b1678cfd3129ddd8fc17964e843173ff6d67a2cda3d03fd078	excluded	type .json not kept
demo	run1/wallet-demo/.hardkas/dev-accounts/bob.json	911	c5081cfc46a4f8ec3509ccd575cac5f1d8cb8989c3fea20356c8e86739ed013a	excluded	type .json not kept
demo	run1/wallet-demo/.hardkas/dev-accounts/carol.json	913	d7ed2a76adf5c010c65df528a652352b00e4bb553c5066f38b319982c0c8cc4c	excluded	type .json not kept
demo	run1/wallet-demo/.hardkas/dev-accounts/dave.json	912	de5f45ae53bc994850fe1c09c50507f66a3c4556b8867737724708af8d0772f9	excluded	type .json not kept
demo	run1/wallet-demo/.hardkas/dev-accounts/erin.json	912	7eb9c0366e5104e0f44c6cc75541e87c4709b041051d1b894c64f74a22e6bc38	excluded	type .json not kept
demo	run1/wallet-demo/.hardkas/dev-server-token	64	399d16269c1967d5070852b3c08c7238a2627a5c33bef33cecf776f8e6acdb92	excluded	type (none) not kept
demo	run1/wallet-demo/.hardkas/kaspad/.rusty-kaspa/kaspa-simnet/datadir/consensus/consensus-001/000063.sst	8422219	616c5dca5cc13137980865efcbadfcd7bd9541da0aae52828f0f7f84901faad7	excluded	type .sst not kept
demo	run1/wallet-demo/.hardkas/kaspad/.rusty-kaspa/kaspa-simnet/datadir/consensus/consensus-001/000065.sst	8421035	82b9facf91af564d685b8d0353ec1671d3a2a903b207a237321c6bc3adf7e759	excluded	type .sst not kept
demo	run1/wallet-demo/.hardkas/kaspad/.rusty-kaspa/kaspa-simnet/datadir/consensus/consensus-001/000068.sst	8414051	6a3b593a48af4139249eae9935747a444402f53cb6e1f5d2389fd88a25b4f883	excluded	type .sst not kept
demo	run1/wallet-demo/.hardkas/kaspad/.rusty-kaspa/kaspa-simnet/datadir/consensus/consensus-001/000069.sst	8415166	d659e4530c8cc1ba77ce7e5d98568eff5794e93b4f5450de2ca1c859723f50b7	excluded	type .sst not kept
demo	run1/wallet-demo/.hardkas/kaspad/.rusty-kaspa/kaspa-simnet/datadir/consensus/consensus-001/000070.sst	8447535	c078b8b37a8748b7ab798f7fde60e846fe2ba3164d5f996b1c445724bdb56b8b	excluded	type .sst not kept
demo	run1/wallet-demo/.hardkas/kaspad/.rusty-kaspa/kaspa-simnet/datadir/consensus/consensus-001/000071.sst	8461298	8afb6517c40f0af248974a6faf10323d0920e415cd4fbc06be06057d01bda10b	excluded	type .sst not kept
demo	run1/wallet-demo/.hardkas/kaspad/.rusty-kaspa/kaspa-simnet/datadir/consensus/consensus-001/000073.sst	8468966	71f99fb93190f21b2aace051200cc6d6138ea4703a08b3ae3a6f495d16173692	excluded	type .sst not kept
demo	run1/wallet-demo/.hardkas/kaspad/.rusty-kaspa/kaspa-simnet/datadir/consensus/consensus-001/000076.sst	8445911	28a5434aac48cddab380b245cdb262d6fcd6d1b46ea9fc565bf189091aebeee0	excluded	type .sst not kept
demo	run1/wallet-demo/.hardkas/kaspad/.rusty-kaspa/kaspa-simnet/datadir/consensus/consensus-001/000077.sst	8477626	a894c844856901b68003ca49baa150d83f9d5377d96ccdcc202ba5f2a01d15e6	excluded	type .sst not kept
demo	run1/wallet-demo/.hardkas/kaspad/.rusty-kaspa/kaspa-simnet/datadir/consensus/consensus-001/000079.sst	7168789	86813045413481d0dc8d911bdc6224035b836e48e3c48e12a8d1867eb6dd7cc6	excluded	type .sst not kept
demo	run1/wallet-demo/.hardkas/kaspad/.rusty-kaspa/kaspa-simnet/datadir/consensus/consensus-001/000108.sst	6068989	1330516260be39bcbc82418a114bb7cccdb42fe2dd647dfa735f9d1a8a7c9468	excluded	type .sst not kept
demo	run1/wallet-demo/.hardkas/kaspad/.rusty-kaspa/kaspa-simnet/datadir/consensus/consensus-001/000109.sst	6196799	025c30052a0664ba5ff9f5f94b8b24b500730ec69bf04dadf63a46f103e7a4f4	excluded	type .sst not kept
demo	run1/wallet-demo/.hardkas/kaspad/.rusty-kaspa/kaspa-simnet/datadir/consensus/consensus-001/000110.sst	5809047	8e64ef756ad4d6e6646b6e94e13747b6a660f7656ab1876c2ddc00f8bbdab930	excluded	type .sst not kept
demo	run1/wallet-demo/.hardkas/kaspad/.rusty-kaspa/kaspa-simnet/datadir/consensus/consensus-001/000111.sst	6245513	236ac07fc44620138a431550cb96e0742e94c5246b0df524c689d4a387055660	excluded	type .sst not kept
demo	run1/wallet-demo/.hardkas/kaspad/.rusty-kaspa/kaspa-simnet/datadir/consensus/consensus-001/000112.sst	6092336	4ebcd8882d4e6c6ace0c37e45c8746b2a0657ed418b3fb78e4e6b25e93f2f4b6	excluded	type .sst not kept
demo	run1/wallet-demo/.hardkas/kaspad/.rusty-kaspa/kaspa-simnet/datadir/consensus/consensus-001/000113.sst	5940185	8bf9b09fcd6d9ea6b7a6d6f33a95a3c49dc722e30c18da130d93b2ccc16102e8	excluded	type .sst not kept
demo	run1/wallet-demo/.hardkas/kaspad/.rusty-kaspa/kaspa-simnet/datadir/consensus/consensus-001/000114.sst	6037714	e3cbed15e11c91a94a8e92af067120bd1db4a02c40614402a5d6fee92280e103	excluded	type .sst not kept
demo	run1/wallet-demo/.hardkas/kaspad/.rusty-kaspa/kaspa-simnet/datadir/consensus/consensus-001/000115.sst	6732090	e9553233b6fef5d4022a8751101a1c632b689bb7b8ec74014bf8e02cdda2ff0c	excluded	type .sst not kept
demo	run1/wallet-demo/.hardkas/kaspad/.rusty-kaspa/kaspa-simnet/datadir/consensus/consensus-001/000116.sst	6206595	199bcfab777997323ad4f89b55046361f4a248b28ad74fcdf13bb89227dfa535	excluded	type .sst not kept
demo	run1/wallet-demo/.hardkas/kaspad/.rusty-kaspa/kaspa-simnet/datadir/consensus/consensus-001/000117.sst	5495077	43f3a6c23dad3d91dc51a02f01408a3f8e5a944bc0613c51c1ca2b0896fc9d96	excluded	type .sst not kept
demo	run1/wallet-demo/.hardkas/kaspad/.rusty-kaspa/kaspa-simnet/datadir/consensus/consensus-001/000120.sst	549601	50528ff800d2bfd41b3b45b814fbfc36cacdb54a1fef1d75c76e632583e4c009	excluded	type .sst not kept
demo	run1/wallet-demo/.hardkas/kaspad/.rusty-kaspa/kaspa-simnet/datadir/consensus/consensus-001/000125.log	10893719	cd1439436c75f22e43c355dc48e7c9a4aedcffd90b7fecc59929b89408319387	excluded	type .log not kept
demo	run1/wallet-demo/.hardkas/kaspad/.rusty-kaspa/kaspa-simnet/datadir/consensus/consensus-001/CURRENT	16	068fc3b1cab6a9280568cf2278bfdffcd20e65ab68bd86330a24f9ea6b0597e0	excluded	type (none) not kept
demo	run1/wallet-demo/.hardkas/kaspad/.rusty-kaspa/kaspa-simnet/datadir/consensus/consensus-001/IDENTITY	36	092d0f4d4bd777404731afbb2975d520c289a97ad00daf9920cac2b1bd0d051f	excluded	type (none) not kept
demo	run1/wallet-demo/.hardkas/kaspad/.rusty-kaspa/kaspa-simnet/datadir/consensus/consensus-001/LOCK	0	e3b0c44298fc1c149afbf4c8996fb92427ae41e4649b934ca495991b7852b855	excluded	type (none) not kept
demo	run1/wallet-demo/.hardkas/kaspad/.rusty-kaspa/kaspa-simnet/datadir/consensus/consensus-001/LOG	37653	39f16e9e6e59d8d0b99a0b45a1594d1fecc88482fb0bf224a69fc91029d8733d	excluded	type (none) not kept
demo	run1/wallet-demo/.hardkas/kaspad/.rusty-kaspa/kaspa-simnet/datadir/consensus/consensus-001/LOG.old.1790441913279159	276489	6b42e8cd59fc52508003d3555c399507ce3274086f136cc65801311723a898ad	excluded	type .1790441913279159 not kept
demo	run1/wallet-demo/.hardkas/kaspad/.rusty-kaspa/kaspa-simnet/datadir/consensus/consensus-001/LOG.old.1790441913437799	35389	600ebca31cdf56602b3447bac27093c6972bbd211610f7ca8abcb6d7814f38f6	excluded	type .1790441913437799 not kept
demo	run1/wallet-demo/.hardkas/kaspad/.rusty-kaspa/kaspa-simnet/datadir/consensus/consensus-001/MANIFEST-000126	3475	97c9e29ed4c9d5d4a60ad939c6f0ae1cd81f7fbf060cb85ff0c0c8b16534bce7	excluded	type (none) not kept
demo	run1/wallet-demo/.hardkas/kaspad/.rusty-kaspa/kaspa-simnet/datadir/consensus/consensus-001/OPTIONS-000124	7864	966a9b8ff44a8b411603a8b9f9991b3aad47f323839de97f8cf55465929be222	excluded	type (none) not kept
demo	run1/wallet-demo/.hardkas/kaspad/.rusty-kaspa/kaspa-simnet/datadir/consensus/consensus-001/OPTIONS-000128	7868	cd4f923352b13a7a897f512c933a8b5587cb623f92fd6136d14f27a8e989fdb3	excluded	type (none) not kept
demo	run1/wallet-demo/.hardkas/kaspad/.rusty-kaspa/kaspa-simnet/datadir/meta/000008.sst	1211	9c5a9876bc554cff07f011e339fb46b2b2aca39cdc54daab231792a0b3758282	excluded	type .sst not kept
demo	run1/wallet-demo/.hardkas/kaspad/.rusty-kaspa/kaspa-simnet/datadir/meta/000009.log	0	e3b0c44298fc1c149afbf4c8996fb92427ae41e4649b934ca495991b7852b855	excluded	type .log not kept
demo	run1/wallet-demo/.hardkas/kaspad/.rusty-kaspa/kaspa-simnet/datadir/meta/CURRENT	16	e91d13722e31f9b06c5df3582cad1ea5b73547ce3dc08b12ed461f095aad48ee	excluded	type (none) not kept
demo	run1/wallet-demo/.hardkas/kaspad/.rusty-kaspa/kaspa-simnet/datadir/meta/IDENTITY	36	f233c12391a878ff578743c8e95989f1cc29ff12cd1e7db5ce5b2961de6724f0	excluded	type (none) not kept
demo	run1/wallet-demo/.hardkas/kaspad/.rusty-kaspa/kaspa-simnet/datadir/meta/LOCK	0	e3b0c44298fc1c149afbf4c8996fb92427ae41e4649b934ca495991b7852b855	excluded	type (none) not kept
demo	run1/wallet-demo/.hardkas/kaspad/.rusty-kaspa/kaspa-simnet/datadir/meta/LOG	38808	80de3c0a71e24b848714e7a811d633bbc16aad6dfe77921f253ce16d3c9b5b6b	excluded	type (none) not kept
demo	run1/wallet-demo/.hardkas/kaspad/.rusty-kaspa/kaspa-simnet/datadir/meta/LOG.old.1790441913193831	35860	9e53f7c10f7648205d7335815211eaf6ff8ca15acebf21f6716c1df599acaca1	excluded	type .1790441913193831 not kept
demo	run1/wallet-demo/.hardkas/kaspad/.rusty-kaspa/kaspa-simnet/datadir/meta/MANIFEST-000010	230	7766b5fb6eed13c94799f2871b2a54b81bba864569081e98f4997d344d4569e8	excluded	type (none) not kept
demo	run1/wallet-demo/.hardkas/kaspad/.rusty-kaspa/kaspa-simnet/datadir/meta/OPTIONS-000007	7864	966a9b8ff44a8b411603a8b9f9991b3aad47f323839de97f8cf55465929be222	excluded	type (none) not kept
demo	run1/wallet-demo/.hardkas/kaspad/.rusty-kaspa/kaspa-simnet/datadir/meta/OPTIONS-000012	7864	966a9b8ff44a8b411603a8b9f9991b3aad47f323839de97f8cf55465929be222	excluded	type (none) not kept
demo	run1/wallet-demo/.hardkas/kaspad/.rusty-kaspa/kaspa-simnet/datadir/utxoindex/000026.log	2611855	968d65db60d2532147d3bbce276b06b2a1d793fbf3e94ef23ec96f5ae60e99d0	excluded	type .log not kept
demo	run1/wallet-demo/.hardkas/kaspad/.rusty-kaspa/kaspa-simnet/datadir/utxoindex/000030.sst	384967	a5fe099466df7f1194086c971635399c3011ebb88248337cba0375c8ed2110b0	excluded	type .sst not kept
demo	run1/wallet-demo/.hardkas/kaspad/.rusty-kaspa/kaspa-simnet/datadir/utxoindex/CURRENT	16	306d61aa07213eb5ff589100ad05aedf9b844bccec89d638b94259494e54d751	excluded	type (none) not kept
demo	run1/wallet-demo/.hardkas/kaspad/.rusty-kaspa/kaspa-simnet/datadir/utxoindex/IDENTITY	36	db62735b92980841c45f73fb2e894fcf4e25a0f8a170e6df30c617c0e0f80f0b	excluded	type (none) not kept
demo	run1/wallet-demo/.hardkas/kaspad/.rusty-kaspa/kaspa-simnet/datadir/utxoindex/LOCK	0	e3b0c44298fc1c149afbf4c8996fb92427ae41e4649b934ca495991b7852b855	excluded	type (none) not kept
demo	run1/wallet-demo/.hardkas/kaspad/.rusty-kaspa/kaspa-simnet/datadir/utxoindex/LOG	46599	bab2aa754e1cdac9659b2c3263ea7ef87574c28cc69978dd94a0d5388214aaa0	excluded	type (none) not kept
demo	run1/wallet-demo/.hardkas/kaspad/.rusty-kaspa/kaspa-simnet/datadir/utxoindex/LOG.old.1790441913548110	66212	1685c820d338721efff3268c35fa9bead9f8c791a9dde3d36a7aa6e6d18f6302	excluded	type .1790441913548110 not kept
demo	run1/wallet-demo/.hardkas/kaspad/.rusty-kaspa/kaspa-simnet/datadir/utxoindex/MANIFEST-000027	801	b995fb4f2e202687a85551c1064bf395590820ae4f0477db4669c53b3cac3b60	excluded	type (none) not kept
demo	run1/wallet-demo/.hardkas/kaspad/.rusty-kaspa/kaspa-simnet/datadir/utxoindex/OPTIONS-000007	7868	723f8b0909430ea6d48759f5d4760ad6a0e174551b13860c44f978295de611ec	excluded	type (none) not kept
demo	run1/wallet-demo/.hardkas/kaspad/.rusty-kaspa/kaspa-simnet/datadir/utxoindex/OPTIONS-000029	7868	723f8b0909430ea6d48759f5d4760ad6a0e174551b13860c44f978295de611ec	excluded	type (none) not kept
demo	run1/wallet-demo/.hardkas/localnet.json	3678	b3a9bb79f90228c8b6e9715a903c148999c57181469dd647787a7c39cc824a03	excluded	type .json not kept
demo	run1/wallet-demo/.hardkas/reports/torture-42.json	18224	9333b75723964a97395a0b0a7a532f49c5b834479bd8dafae8cdb07c949a88f6	excluded	type .json not kept
demo	run1/wallet-demo/.hardkas/runs/run_1790443618603_sz91g/scenario-results/payment_flow.json	264	35070a47c5b8cb8bc603aad087b13b93ae322dfd0fcc443ec2b53a2fe079f677	excluded	type .json not kept
demo	run1/wallet-demo/.hardkas/runs/run_1790443618603_sz91g/test-results.json	418	979bc4700d8deaa424d5199367459eeca06601943c8b7404d89183f883fd2d2f	excluded	type .json not kept
demo	run1/wallet-demo/.hardkas/store.db	4096	f1c1d714b195aa1795c50ed2db1795613d868a07340cbf0b1a563384fdfebdcf	excluded	type .db not kept
demo	run1/wallet-demo/.hardkas/store.db-shm	32768	f493bb4810e36c8670366fe7015040872c42b06a2a195f530d1cef5412f15c6f	excluded	type .db-shm not kept
demo	run1/wallet-demo/.hardkas/store.db-wal	972352	72bb5d91e89a52780242f58c2db1af0ce89e751dd15404be1eb6d10798c8f6a3	excluded	type .db-wal not kept
demo	run1/wallet-demo/.hardkas/telemetry/telemetry.jsonl	22472	64f7639da04670c4ba5178a74b780fae7e17166ac9080d758a7b085ee94a5ac8	excluded	type .jsonl not kept
demo	run1/wallet-demo/.hardkas-chaos-workspace/.hardkas/locks/workspace.lock	39	5e8d6765e8685d86a4c5aa6426fba86f382425c12271959caf18c196f037dc68	excluded	type .lock not kept
demo	run1/wallet-demo/.hardkas-chaos-workspace/.hardkas/store.db	4096	f1c1d714b195aa1795c50ed2db1795613d868a07340cbf0b1a563384fdfebdcf	excluded	type .db not kept
demo	run1/wallet-demo/.hardkas-chaos-workspace/.hardkas/store.db-shm	32768	b7369a6c97a10a652d2132cb73a72a6417ad0f537033a8c77f353d982bde9c07	excluded	type .db-shm not kept
demo	run1/wallet-demo/.hardkas-chaos-workspace/.hardkas/store.db-wal	313152	03988774316705a20c7db10962f8d2a1ad26dc3a28940aeda6d88cc601e3ebe3	excluded	type .db-wal not kept
demo	run1/wallet-demo/.tmp/torture-sandbox-case-001-2027382/.hardkas/store.db	204800	e0959559a3b9a92b788ccef0eeac96c00e61cc0fed3de05834a60141dc057e3e	excluded	type .db not kept
demo	run1/wallet-demo/.tmp/torture-sandbox-case-004-1350734175/.hardkas/store.db	204800	f55a8854be673b23a626a81c09b289e3cd9a6850dc1f2fc62141360883c343e1	excluded	type .db not kept
demo	run1/wallet-demo/.tmp/torture-sandbox-case-005-90320905/.hardkas/store.db	204800	a4d7b637e94ec8936df125671e378cb084ef3c5c736510717b4dc6019010eed7	excluded	type .db not kept
demo	run1/wallet-demo/.tmp/torture-sandbox-case-006-1634248641/.hardkas/store.db	294912	ee1f24a67de962feb37496fe6a6f54837263ab08652c431666722e633e1bccb3	excluded	type .db not kept
demo	run1/wallet-demo/.tmp/torture-sandbox-case-007-974199846/.hardkas/store.db	204800	6ecd394bc7b42e322cb89d182da8d64af6be71b62286ca7c6f8193054bcab679	excluded	type .db not kept
demo	run1/wallet-demo/.tmp/torture-sandbox-case-008-1848100818/.hardkas/store.db	204800	5c5b51158150a008edd608b32700166756ff36f274a13e38e9c3bad968145d19	excluded	type .db not kept
demo	run1/wallet-demo/.tmp/torture-sandbox-case-014-1971267978/.hardkas/store.db	4096	f1c1d714b195aa1795c50ed2db1795613d868a07340cbf0b1a563384fdfebdcf	excluded	type .db not kept
demo	run1/wallet-demo/.tmp/torture-sandbox-case-014-1971267978/.hardkas/store.db-shm	32768	55a928945a0b3ba31b20da00cea9f5df5c2808da2c39e2ea2afb8d6175d66916	excluded	type .db-shm not kept
demo	run1/wallet-demo/.tmp/torture-sandbox-case-014-1971267978/.hardkas/store.db-wal	296672	4fd73d2817aeba066bd403efbbba809de427934e674a1279647df75387e306cd	excluded	type .db-wal not kept
demo	run1/wallet-demo/.tmp/torture-sandbox-case-015-187844164/.hardkas/store.db	4096	f1c1d714b195aa1795c50ed2db1795613d868a07340cbf0b1a563384fdfebdcf	excluded	type .db not kept
demo	run1/wallet-demo/.tmp/torture-sandbox-case-015-187844164/.hardkas/store.db-shm	32768	9b329acbe3e57a4cea326f88f332958467c1474c29278ddfe459c2fefe37aefa	excluded	type .db-shm not kept
demo	run1/wallet-demo/.tmp/torture-sandbox-case-015-187844164/.hardkas/store.db-wal	313152	a16079adc90e2744623b2dd66f59b6782c8e9c887a590d10a9ce1cc260c64dea	excluded	type .db-wal not kept
demo	run1/wallet-demo/.tmp/torture-sandbox-case-015-187844164/traversal-187844164.json	928	9d830eafaa7777b56e3bb04794d6d085432b710ddd4dbd4f869ff3b0bce6226c	excluded	type .json not kept
demo	run1/wallet-demo/.tmp/torture-sandbox-case-017-2051239290/.hardkas/store.db	4096	f1c1d714b195aa1795c50ed2db1795613d868a07340cbf0b1a563384fdfebdcf	excluded	type .db not kept
demo	run1/wallet-demo/.tmp/torture-sandbox-case-017-2051239290/.hardkas/store.db-shm	32768	7ea1285b35f4f03415e89eba4bfe90f5d62a138076a9f2e75cb9f92dcbb3668d	excluded	type .db-shm not kept
demo	run1/wallet-demo/.tmp/torture-sandbox-case-017-2051239290/.hardkas/store.db-wal	296672	a1ebe2975ec5a7f9c94a7fbf8f348ec7a68a0334df19b77c50c31affb405b71b	excluded	type .db-wal not kept
demo	run1/wallet-demo/.tmp/torture-sandbox-case-018-1305776960/.hardkas/store.db	4096	f1c1d714b195aa1795c50ed2db1795613d868a07340cbf0b1a563384fdfebdcf	excluded	type .db not kept
demo	run1/wallet-demo/.tmp/torture-sandbox-case-018-1305776960/.hardkas/store.db-shm	32768	2bfa761201fc539fcb9053b361452625281497c15e92369db676340210daed09	excluded	type .db-shm not kept
demo	run1/wallet-demo/.tmp/torture-sandbox-case-018-1305776960/.hardkas/store.db-wal	296672	5359a439fd146ad35487dc2aadf07051f8f1aa933873479e647e615f06c0a4d0	excluded	type .db-wal not kept
demo	run1/wallet-demo/docker-compose.yml	418	7349dd00d98b2553a53b241e56b77f2fbf7d1f779d7f0fcca35a88dddee238b5	excluded	type .yml not kept
demo	run1/wallet-demo/Dockerfile	340	dfbf37abd085b864d58b342db2aacb7a7bef1dd742c61c8ac9ee94d181ec5740	excluded	type (none) not kept
demo	run1/wallet-demo/events.jsonl	22645	a27ca6111e530b1421cd824a8c0e1f0f032c13444b8396ef26e69396dd3fe39b	excluded	type .jsonl not kept
demo	run1/wallet-demo/evidence-demo.json	3060	7548ac72e26f55171ecc30dab05130c2cb6273faa2b973ec287c7e45426e3976	excluded	type .json not kept
demo	run1/wallet-demo/hardkas.config.ts	893	06546bc174da99a19d5b4748078a0e11352d6c8d17a01d624eef107b4ca99ace	excluded	type .ts not kept
demo	run1/wallet-demo/hello.mjs	40	81cc1d7d1a43808140a9185e185808e76af93d94f53814e1a0a0f866f2d61985	excluded	type .mjs not kept
demo	run1/wallet-demo/package-lock.json	146694	1075849e6f5f9205354f01037136453d331e3504685da87ff83651804d68161b	excluded	type .json not kept
demo	run1/wallet-demo/package.json	364	71e08e9cd2ceeacc319b8a48588fad69c16ffa4681f71ae90b8800579bee5f04	excluded	type .json not kept
demo	run1/wallet-demo/pago.signed.json	3825	6caef469be4708085de244f982457ab5689798cf6509094a74907324c567f5fb	excluded	type .json not kept
demo	run1/wallet-demo/pago2.plan.json	11374	e3499a1485e80d2e8e8311ffa031bf1f47592dd450d2ed8139a50dd3e10cc36c	excluded	type .json not kept
demo	run1/wallet-demo/pago2.signed.json	8846	1fce3c3c4c0af0957413943c17c65d077a080dad5304a4775de60a1382a8a896	excluded	type .json not kept
demo	run1/wallet-demo/PRODUCTION_CHECKLIST.md	654	92e760329d2181fb9641d15948e2fb7ec6cfd25e6f4fd8d0c3ac0d58218ada88	copied	
demo	run1/wallet-demo/snapshots/demo-snap/artifacts/2026-09-26T16-50-50-955Z-plan-b8a69cdbb93de578.plan.json	4789	fa241e3bf773366793c66e840909c9e1c7b18cfb37cbafb2bb365be30e6e4170	excluded	type .json not kept
demo	run1/wallet-demo/snapshots/demo-snap/artifacts/2026-09-26T16-58-37-789Z-plan-6e676598733d6271.plan.json	11374	e3499a1485e80d2e8e8311ffa031bf1f47592dd450d2ed8139a50dd3e10cc36c	excluded	type .json not kept
demo	run1/wallet-demo/snapshots/demo-snap/artifacts/2026-09-26T17-19-58.345Z-synthetic-0d82e37e1bb397e2cd6bc730ab23011c117a15e12ef16ac61081617eb052247c.replay.json	641	319a9716ec278b3163d115273f70a52f1db905123be2ad2c3bf1a0421ef2a6e3	excluded	type .json not kept
demo	run1/wallet-demo/snapshots/demo-snap/artifacts/payment_flow.scenario-result.json	614	eda9afcd1f6b2b8e739ea08ded7d1b7faedf644f48261e5748f936f798304005	excluded	type .json not kept
demo	run1/wallet-demo/snapshots/demo-snap/artifacts/synthetic-0d82e37e1bb397e2cd6bc730ab23011c117a15e12ef16ac61081617eb052247c.trace.json	1622	d5156dded6cb49c658947d78295016b4dacac57195e99076549e2785974b42d8	excluded	type .json not kept
demo	run1/wallet-demo/snapshots/demo-snap/manifest.json	322	c41edb2f6799e36b396028529e5a7d2220bb7d2189605c373031095cbc45a81d	excluded	type .json not kept
demo	run1/wallet-demo/snapshots/demo-snap/projections/store.db	4096	f1c1d714b195aa1795c50ed2db1795613d868a07340cbf0b1a563384fdfebdcf	excluded	type .db not kept
demo	run1/wallet-demo/test/payment.test.ts	763	90927b16a4a25b7400b211497c08ae6826d9eb7eeee928e99ffd503443b1ee9e	excluded	type .ts not kept
demo	run1/wallet-demo/trucado.signed.json	3827	a94380d3ad2c157865636dd6fda70ad7f74bd064ff652acbbf86f4c2f2176613	excluded	type .json not kept
demo	run1/wallet-demo/vitest.config.ts	141	c630736d7cded05a28e07de389f1dffc3f9ba0569838e58be62deff6e1e28d52	excluded	type .ts not kept
demo	run2/w2/.gitignore	35	1963e84a7dfb9c3de46cf08fa8afedbf2746e18e1be8e12f595953e0e40ff324	excluded	type (none) not kept
demo	run2/w2/.hardkas/artifacts/misc/snapshot-bcba6f174c6d2caac0df005dc9cfa94cd29928ede8ec9c8c63cc09e3be9c9bcc.json	2614	8c49dca5fb54a4aae8b18475f101608ff0e6c34d3a87d23da8bc9263bd49ce37	excluded	type .json not kept
demo	run2/w2/.hardkas/localnet.json	2349	c157cdea35a0f585c2ce2afda3164fbb3b999813e44ced20b7d8b7bbe03e2379	excluded	type .json not kept
demo	run2/w2/events.jsonl	452	c2b1c1b485b59122cec0315723de48e879c4305330bdfc1105e758b3f2e22ccb	excluded	type .jsonl not kept
demo	run2/w2/hardkas.config.ts	893	06546bc174da99a19d5b4748078a0e11352d6c8d17a01d624eef107b4ca99ace	excluded	type .ts not kept
demo	run2/w2/package-lock.json	146676	a4b66749e30aed8c47cad6dcd6e040b97300551613e69e840747c17e0b1c1088	excluded	type .json not kept
demo	run2/w2/package.json	355	c2c9e39126fde618b5ea20669dbe068a7a04fa5988f2ad83d663ae1e5bc18abf	excluded	type .json not kept
demo	run2/w2/test/payment.test.ts	763	90927b16a4a25b7400b211497c08ae6826d9eb7eeee928e99ffd503443b1ee9e	excluded	type .ts not kept
demo	run2/w2/vitest.config.ts	141	c630736d7cded05a28e07de389f1dffc3f9ba0569838e58be62deff6e1e28d52	excluded	type .ts not kept
demo	sweep-list.txt	1566	f1c7a75bd49de6902dbfc533a6854375da4c2dc8395d27c2e07c2b0b488d02db	excluded	type .txt not kept
demo	sweep-out/chaos.err.txt	0	e3b0c44298fc1c149afbf4c8996fb92427ae41e4649b934ca495991b7852b855	excluded	type .txt not kept
demo	sweep-out/chaos.out.txt	302	17125ee9106252cc7ab123a1a5cca0e28b01ff2074bdf79c375b80976aa32376	excluded	type .txt not kept
demo	sweep-out/ci-verify.err.txt	152	ce4d5c89fc9352037ecea9a4c8ab688011057e766834cef6c2dd78294f836dea	excluded	type .txt not kept
demo	sweep-out/ci-verify.out.txt	259	20c7e9808a4009138421aaa1a67b73a2bbb9d750382be02e6e4d1916cd455dd0	excluded	type .txt not kept
demo	sweep-out/console.err.txt	0	e3b0c44298fc1c149afbf4c8996fb92427ae41e4649b934ca495991b7852b855	excluded	type .txt not kept
demo	sweep-out/console.out.txt	566	db9faff589a4306ac5488a8a0c4389212ab3c28554e8236617567de274684269	excluded	type .txt not kept
demo	sweep-out/dag-reorg.err.txt	0	e3b0c44298fc1c149afbf4c8996fb92427ae41e4649b934ca495991b7852b855	excluded	type .txt not kept
demo	sweep-out/dag-reorg.out.txt	216	018ccd16f93794bbd96ac8192dc83008b5b4d3bad376ee0940055326d591b226	excluded	type .txt not kept
demo	sweep-out/deploy-init.err.txt	0	e3b0c44298fc1c149afbf4c8996fb92427ae41e4649b934ca495991b7852b855	excluded	type .txt not kept
demo	sweep-out/deploy-init.out.txt	252	15b271dfd4c2cdcc19981a3d97a449faad3282038f8622fa46240831d812064c	excluded	type .txt not kept
demo	sweep-out/deploy-list.err.txt	0	e3b0c44298fc1c149afbf4c8996fb92427ae41e4649b934ca495991b7852b855	excluded	type .txt not kept
demo	sweep-out/deploy-list.out.txt	153	956d9fc9a144f041a468fe8c1f89684d180366f7a620c4d071e9da1b6107f012	excluded	type .txt not kept
demo	sweep-out/deploy-track.err.txt	0	e3b0c44298fc1c149afbf4c8996fb92427ae41e4649b934ca495991b7852b855	excluded	type .txt not kept
demo	sweep-out/deploy-track.out.txt	45	d2b1cfe7a0ba49d8c3cda6a95ac2df19bda3385fa84e063b8a5a7a599a03867a	excluded	type .txt not kept
demo	sweep-out/dev-doctor.err.txt	0	e3b0c44298fc1c149afbf4c8996fb92427ae41e4649b934ca495991b7852b855	excluded	type .txt not kept
demo	sweep-out/dev-doctor.out.txt	0	e3b0c44298fc1c149afbf4c8996fb92427ae41e4649b934ca495991b7852b855	excluded	type .txt not kept
demo	sweep-out/dev-last.err.txt	0	e3b0c44298fc1c149afbf4c8996fb92427ae41e4649b934ca495991b7852b855	excluded	type .txt not kept
demo	sweep-out/dev-last.out.txt	11581	a86848108da57c753670e3336af589912fe1793a643173b1e06aa366f5649bc1	excluded	type .txt not kept
demo	sweep-out/dev-tx-generate.err.txt	10701	9c217400d7c39704637ad7da9c8448f7197efbcc3c305b1f449b23f724d6c9f1	excluded	type .txt not kept
demo	sweep-out/dev-tx-generate.out.txt	167	53e0e4f9321d0832bf758eddd0cc43363ac735f490e1b7459638a6321a15180c	excluded	type .txt not kept
demo	sweep-out/dev-ui.err.txt	482	1506788d7cadbb3a86445ebf7fa6f365101c763754d5f280f7daea97fbef1e10	excluded	type .txt not kept
demo	sweep-out/dev-ui.out.txt	622	bf44515b35dcf0c4d59ac082cd62b3e998a5fa3491e75b816e48023d7f26fda4	excluded	type .txt not kept
demo	sweep-out/dev-ui2.err.txt	209	d6a8fbd7ddc64dd85b5f5aff12fe3ce35d7db0f87716c5d63bf23fbe9f3d8310	excluded	type .txt not kept
demo	sweep-out/dev-ui2.out.txt	5262	14a4f458845171f77c4a2a07f2a271017b302334445df7046fa6158cf3e0ed22	excluded	type .txt not kept
demo	sweep-out/env-check.err.txt	197	aad7578456b57cc7f0429ef6ee8feb763ecac60b2f7789d12de4d7f9e5775189	excluded	type .txt not kept
demo	sweep-out/env-check.out.txt	98	7bf9201844a7fc20463e1bf76ac9beacdaf23e36c174d27c5f45a3ff4fdbac68	excluded	type .txt not kept
demo	sweep-out/evidence-pack.err.txt	0	e3b0c44298fc1c149afbf4c8996fb92427ae41e4649b934ca495991b7852b855	excluded	type .txt not kept
demo	sweep-out/evidence-pack.out.txt	57	310fa9658ce35f7c098a52c70193b3bdfb5dc38cb1554aa72b15fb0a45931abd	excluded	type .txt not kept
demo	sweep-out/evidence-verify.err.txt	0	e3b0c44298fc1c149afbf4c8996fb92427ae41e4649b934ca495991b7852b855	excluded	type .txt not kept
demo	sweep-out/evidence-verify.out.txt	64	e8dfc836b05e2b9e4d221ed665f848a3943d910638ec32d1c570f8c2c75b1e4d	excluded	type .txt not kept
demo	sweep-out/hardkas-test.err.txt	2801	8e90ee6a047ca3063cd9c2773586845d96a04b8ab1b49368b21ed44443379590	excluded	type .txt not kept
demo	sweep-out/hardkas-test.out.txt	1267	8d2ba5cd428c72f03dc3a9aae14002250249627d77274e5523f21ef21f441719	excluded	type .txt not kept
demo	sweep-out/inspect.err.txt	0	e3b0c44298fc1c149afbf4c8996fb92427ae41e4649b934ca495991b7852b855	excluded	type .txt not kept
demo	sweep-out/inspect.out.txt	584	4144a367f6895cf3443e648104e98b52d2861468c4c5adb92cf1fa9bff7794e0	excluded	type .txt not kept
demo	sweep-out/lock-list.err.txt	0	e3b0c44298fc1c149afbf4c8996fb92427ae41e4649b934ca495991b7852b855	excluded	type .txt not kept
demo	sweep-out/lock-list.out.txt	72	2e248ca0e5562749f4c3e703c3a27557f0b1fbff6d02439cddb9fe46ce0dbad1	excluded	type .txt not kept
demo	sweep-out/query-events.err.txt	0	e3b0c44298fc1c149afbf4c8996fb92427ae41e4649b934ca495991b7852b855	excluded	type .txt not kept
demo	sweep-out/query-events.out.txt	93	18e925619bf44e8dd48664a5be22bbb7fba92417f6388176a28d5a2d12298f1b	excluded	type .txt not kept
demo	sweep-out/query-lineage.err.txt	0	e3b0c44298fc1c149afbf4c8996fb92427ae41e4649b934ca495991b7852b855	excluded	type .txt not kept
demo	sweep-out/query-lineage.out.txt	349	77971c2e3b7c439c7c3cfa617237b3e0bc54423754589cf4066fd09a67201b45	excluded	type .txt not kept
demo	sweep-out/query-rebuild.err.txt	0	e3b0c44298fc1c149afbf4c8996fb92427ae41e4649b934ca495991b7852b855	excluded	type .txt not kept
demo	sweep-out/query-rebuild.out.txt	2119	979d8ad353060d11b823512bc63935f14a33cd06397106d9a724bf87eb4c1550	excluded	type .txt not kept
demo	sweep-out/rotate.err.txt	0	e3b0c44298fc1c149afbf4c8996fb92427ae41e4649b934ca495991b7852b855	excluded	type .txt not kept
demo	sweep-out/rotate.out.txt	604	7ae409eff132f62efcbb76185548053e8a30d111e7e32acd5becf2c43eed1250	excluded	type .txt not kept
demo	sweep-out/run-script.err.txt	85	e18d50083905fe58a4eb4dfb52c440aaec0c3d3f727fa7a547b5ac69da673143	excluded	type .txt not kept
demo	sweep-out/run-script.out.txt	170	2de35e3831856dead9f5738c0dd35aa393dff1f00fd77c46273bc7b0c8ec0509	excluded	type .txt not kept
demo	sweep-out/security-audit.err.txt	0	e3b0c44298fc1c149afbf4c8996fb92427ae41e4649b934ca495991b7852b855	excluded	type .txt not kept
demo	sweep-out/security-audit.out.txt	120	3b0b9286620f248ec82882d666fc693acc9c704371e3c4c68fafbed994b21726	excluded	type .txt not kept
demo	sweep-out/session-list.err.txt	122	2829598dc911ab68dcd4d2ada96461a4c25cc351faa95697581cb220dec49eaf	excluded	type .txt not kept
demo	sweep-out/session-list.out.txt	85	caaf40b6fd6314324240cd07588a3c347ce101b5eaed9e67bcdceb16ad6120f9	excluded	type .txt not kept
demo	sweep-out/snapshot-create.err.txt	0	e3b0c44298fc1c149afbf4c8996fb92427ae41e4649b934ca495991b7852b855	excluded	type .txt not kept
demo	sweep-out/snapshot-create.out.txt	547	4640e5f76fb4ed8eba6c3f57c51962419bed6a7662b286f81b0d6d4851592df5	excluded	type .txt not kept
demo	sweep-out/snapshot-verify.err.txt	58	c41fe9eb14f9a0303d91d89d2bf1128e5afb66147c9c6992447ad8c752a2488c	excluded	type .txt not kept
demo	sweep-out/snapshot-verify.out.txt	0	e3b0c44298fc1c149afbf4c8996fb92427ae41e4649b934ca495991b7852b855	excluded	type .txt not kept
demo	sweep-out/task-list.err.txt	215	3c93e3d3ff690366a362eda80851f33e467584433a21cc35f26d1f0abbc419cd	excluded	type .txt not kept
demo	sweep-out/task-list.out.txt	0	e3b0c44298fc1c149afbf4c8996fb92427ae41e4649b934ca495991b7852b855	excluded	type .txt not kept
demo	sweep-out/telemetry.err.txt	0	e3b0c44298fc1c149afbf4c8996fb92427ae41e4649b934ca495991b7852b855	excluded	type .txt not kept
demo	sweep-out/telemetry.out.txt	3854	e65f460220be07a72e56d1afe7900b12fe94e7632b656b41346c610881a5c522	excluded	type .txt not kept
demo	sweep-out/torture.err.txt	0	e3b0c44298fc1c149afbf4c8996fb92427ae41e4649b934ca495991b7852b855	excluded	type .txt not kept
demo	sweep-out/torture.out.txt	12461	87ec828c4d9b150e7680fd4bc8a742e5299009c2eb0ea75c0b7b39bfd32f3289	excluded	type .txt not kept
demo	sweep-out/tx-profile.err.txt	0	e3b0c44298fc1c149afbf4c8996fb92427ae41e4649b934ca495991b7852b855	excluded	type .txt not kept
demo	sweep-out/tx-profile.out.txt	1171	74834759f4e9ff7fdae5bd8e2a762b5966725239ac909f8a5e5be57c731ab82d	excluded	type .txt not kept
demo	sweep-out/tx-trace.err.txt	91	43d66a7922ba154d9ab0c60e8b6baf29b9b90303a01c6b2f6132c21e4b803b7d	excluded	type .txt not kept
demo	sweep-out/tx-trace.out.txt	0	e3b0c44298fc1c149afbf4c8996fb92427ae41e4649b934ca495991b7852b855	excluded	type .txt not kept
demo	sweep-out/verify-semantics.err.txt	106	44fb088575078c2f7545ed49aaf1018c78af2ee60468262526babe59598ffab4	excluded	type .txt not kept
demo	sweep-out/verify-semantics.out.txt	0	e3b0c44298fc1c149afbf4c8996fb92427ae41e4649b934ca495991b7852b855	excluded	type .txt not kept
demo	sweep-out/workflow-create.err.txt	97	31d687ae179d7d6b7ce90d85ada6686e62de17081dd1dea1b713406670bc73d6	excluded	type .txt not kept
demo	sweep-out/workflow-create.out.txt	0	e3b0c44298fc1c149afbf4c8996fb92427ae41e4649b934ca495991b7852b855	excluded	type .txt not kept
demo	sweep-out/workflow-run.err.txt	63	27ba989db3e8a8dde862cda373830c54e4ad83fe35941c16e831ab6d6fb803c0	excluded	type .txt not kept
demo	sweep-out/workflow-run.out.txt	0	e3b0c44298fc1c149afbf4c8996fb92427ae41e4649b934ca495991b7852b855	excluded	type .txt not kept
demo	sweep-out/_stdin.txt	15	b9e06d7068e0bba59e47b1d80aa9151053800686e9935d8dfd52b69d1801056f	excluded	type .txt not kept
demo	sweep-out/_SUMMARY.txt	5535	053df28bd914921adbd4d878090cfe1e05f75c94edf4f8a1a5b98b6bbfa5ca53	excluded	type .txt not kept
demo	sweep.ps1	1854	5dd9c3171ed8b595c30d80db1bf0b9e8a7aaad370beed263724a50ba48fec506	excluded	type .ps1 not kept
demo	tpl/batch-payments/expected/README.md	86	c3bfc3b8332138b79297cb9005d5ab61dc9e1fbf847fb11c1cc1697b0292102f	copied	
demo	tpl/batch-payments/hardkas.config.ts	618	7870315d6a3e8dd9fbf46e06bc149d47fc8838fc3fb4fd011f719250e620457f	excluded	type .ts not kept
demo	tpl/batch-payments/package.json	369	91acc9b39296ef39ec1e3abab9461bab6c7c35bb68b41c9ed69a2e4211516700	excluded	type .json not kept
demo	tpl/batch-payments/README.md	166	c9ddd2aacb4709b96001860f3ec358c96c5e4847b19166425081bd5deb6ef93d	copied	
demo	tpl/batch-payments/scenarios/batch.scenario.ts	1333	eddcc59125db8d8645ce0cd30772c213fbdfb3aa1bcdb1e99d3e15d71699ce40	excluded	type .ts not kept
demo	tpl/batch-payments/src/batch.ts	964	4c4a5df41a4c21973339961f5e4143d72995aa7588ca2fa7831160938752065e	excluded	type .ts not kept
demo	tpl/full-stack-demo/package.json	506	f63f4eb92cf1a6dbd35eb6d29eba8068971d9d96748554a6de08a67f31a803d2	excluded	type .json not kept
demo	tpl/full-stack-demo/src/api/server.ts	3590	6f788b9d04685f980aa414bbf36310b4a30d096b8aec9a965a4f73c04574652e	excluded	type .ts not kept
demo	tpl/full-stack-demo/src/index.ts	351	dce273a4b4e003fb04bada489eb75ce4b61f736e7acfd44e39c7cf582d1dce96	excluded	type .ts not kept
demo	tpl/full-stack-demo/test/server.test.ts	353	bd5208cfbbfa2b4767071681b755c12cf471ab3d1099689b072f5f0c6c4f0cf0	excluded	type .ts not kept
demo	tpl/full-stack-demo/tsconfig.json	217	5a2edc9710ce95171555f8b5aca99818a3cf8b2b8fb215d1c75e03ea6f9f8b9d	excluded	type .json not kept
demo	tpl/full-stack-demo/vitest.config.ts	164	3bb8da4012f4a1ed5c9af73078f916e2e221824b2c956884b37fb5225a563dba	excluded	type .ts not kept
demo	tpl/local-indexer/expected/README.md	86	c3bfc3b8332138b79297cb9005d5ab61dc9e1fbf847fb11c1cc1697b0292102f	copied	
demo	tpl/local-indexer/hardkas.config.ts	462	49b16eb5eb9c65b543f2213d612a618986e65af337ac4e61eccddc95565ff5e8	excluded	type .ts not kept
demo	tpl/local-indexer/package.json	370	91b19f5d34542ee87d8d12635db15461962e43dd874a7b28041ad5020d65b4f7	excluded	type .json not kept
demo	tpl/local-indexer/README.md	177	d309beb2e8765604cfc52e30ae759e835d17807a68ca72ff696a0deb90a89893	copied	
demo	tpl/local-indexer/scenarios/indexer.scenario.ts	780	5cd075ecb716f33807a1e58013739315b75215b66518a0e42914e6b97075206b	excluded	type .ts not kept
demo	tpl/local-indexer/src/indexer.ts	873	7213b4cc50377d8ac99d0927061a8eff19cb12cb3711472007d14f24765bae58	excluded	type .ts not kept
demo	tpl/merchant-checkout/package.json	699	16bebb88a06e6e75ef5a8e674315fa61fa686d86af131213ec5094f3dd4959c8	excluded	type .json not kept
demo	tpl/merchant-checkout/src/domain/CheckoutService.ts	10308	82410113f9d488eb6cbbf283e22fa54fdc61e4f47569e30fd4ec44d56af86153	excluded	type .ts not kept
demo	tpl/merchant-checkout/tsconfig.json	322	e27f9ea2b6d3d0f16c979c92c2323631244cd1fcc1b1c95cd2f73a0a505bc880	excluded	type .json not kept
demo	tpl/merchant-checkout/vitest.config.ts	138	cd523425351736d711d60658c9be4b81a888f0faa62e8bf7a5e98eb24bd3ced2	excluded	type .ts not kept
demo	tpl/payment-app/.hardkas/artifacts/misc/snapshot-bcba6f174c6d2caac0df005dc9cfa94cd29928ede8ec9c8c63cc09e3be9c9bcc.json	2614	7b47f49ada619e646da5b7c34f8a681822922a5fbce849a1d074723c5d0cbe6c	excluded	type .json not kept
demo	tpl/payment-app/.hardkas/artifacts/signed/signedTx-d7308fce0111a4d8e1a89b934ad38aca37394aefab1f94159a0da0daa27467d8.json	1575	f7fee5af3b5ccd2b99712ebb5c51a9c5723a2ebb3935272c91056c3af2978440	excluded	type .json not kept
demo	tpl/payment-app/.hardkas/localnet.json	2349	00a6761bb1324eb43c8de77a801fbb5731cedc2afbe0ef744584297dcff5b4a2	excluded	type .json not kept
demo	tpl/payment-app/events.jsonl	3629	17429fd5f527c85a8dfe7c2166c68e5aaad6409e5445c2aa990ccb5d3e3c7aa7	excluded	type .jsonl not kept
demo	tpl/payment-app/expected/README.md	86	c3bfc3b8332138b79297cb9005d5ab61dc9e1fbf847fb11c1cc1697b0292102f	copied	
demo	tpl/payment-app/hardkas.config.ts	1021	6aec712e9eb2f597d9ce4fce9617285a59c585400b84f37753d7900699489a0c	excluded	type .ts not kept
demo	tpl/payment-app/myfund.hke.json	18578	676756242c2ea5c41d8fc18a75246d8725c40cc56833bdd5c2e8b3e674b67b08	excluded	type .json not kept
demo	tpl/payment-app/package-lock.json	118337	42a8e3c08333c115d4677954d3304580e72325801e3d13c693bdb211ec6e0b21	excluded	type .json not kept
demo	tpl/payment-app/package.json	409	c480840accb24cc3fa1dc9a4642673b8c5e1c66f66d819a0662af4b2414a3a5d	excluded	type .json not kept
demo	tpl/payment-app/README.md	219	08eb6b331a24aeb91cbdd7036f97216cb96a310b5082198f3b6f583690461228	copied	
demo	tpl/payment-app/scenarios/payment.scenario.ts	715	4c56ec5c6b7271187d9f7fcd7eb5f99a5e0fba312a3406463faf9ac1b42d9a47	excluded	type .ts not kept
demo	tpl/payment-app/src/transfer.ts	700	31e7f21a9cd7c128c393e93f87723379c092cb41b641ca4bbf076df77d8e36da	excluded	type .ts not kept
demo	tpl/payment-service/package.json	695	bd1f0839d65019eeb0b78f8273ae93c03afd0d5ca33920cd56f6dc9d9b81623e	excluded	type .json not kept
demo	tpl/payment-service/src/domain/PaymentService.ts	8131	4d4f61178d7cdc8927318585df2f9c84f76a51ae57c39fab3305291956aace4c	excluded	type .ts not kept
demo	tpl/payment-service/src/domain/WebhookTransport.ts	1342	9809095a004b433c713df0e48750abc200cde16db6269dda34fd89c61bbd38f2	excluded	type .ts not kept
demo	tpl/payment-service/src/server.ts	3546	d651ff62e6f5f6990b900c022baf1e9a1cefcbc258de80e12831783eb7b54c56	excluded	type .ts not kept
demo	tpl/payment-service/tests/payment-service.test.ts	6137	4801e9b495357b7180195671a791e126f3b6008060ca87937275477eef5293e7	excluded	type .ts not kept
demo	tpl/payment-service/tsconfig.json	326	f8ae5a1bd5da5df2a746357588a966b83c65cbc8cecdb6c5daf9a07a84d08174	excluded	type .json not kept
demo	tpl/payment-service/vitest.config.ts	171	9eeb92fa349f286a7527bfc466e89e5acc5e01f4da0befd40721dc4a67e30c3b	excluded	type .ts not kept
demo	tpl/wallet-backend/package.json	693	3978c0d5e752a1b2eccd54b74149c5e583e56d0693142b35dd0f184142886294	excluded	type .json not kept
demo	tpl/wallet-backend/src/domain/WalletService.test.ts	1147	232a033cad31fa803f4e310a668de07a88bc2489bfaabf192289b76cedb151a8	excluded	type .ts not kept
demo	tpl/wallet-backend/src/domain/WalletService.ts	8926	d720250d3deddb064b639417056dcdfa6fea1c8bff7f3b8c3074347ad9ead076	excluded	type .ts not kept
demo	tpl/wallet-backend/src/server.ts	2286	e4696dd48497134a780435d4485073f6592711555901f17fdbb76746f929227a	excluded	type .ts not kept
demo	tpl/wallet-backend/tsconfig.json	322	e27f9ea2b6d3d0f16c979c92c2323631244cd1fcc1b1c95cd2f73a0a505bc880	excluded	type .json not kept
demo	tpl/wallet-backend/vitest.config.ts	138	cd523425351736d711d60658c9be4b81a888f0faa62e8bf7a5e98eb24bd3ced2	excluded	type .ts not kept
demo-cut	aud21-human.cjs	1439	7557c65bd95b5e89f7ca64369ba4ede304c94e86f2121d3119104a60a3f4d9f6	excluded	type .cjs not kept
demo-cut	DEMO-CUT-STEP2-LEDGER.md	15312	bdf663fc7752513d0dc6b1030149779757b1bf0cbf0927f5ad4add62e3506cd6	copied	
demo-cut	l3-exit-gate.ps1	5330	eb2be46c61fee5aa2527564b252ff5a584b5ae8d0b4283a8af6fbb715580f1af	excluded	type .ps1 not kept
demo-cut	l3a.log	92	5d80acdec151b60e87366dc078951d43a3b6da5f72793ef4bc088017ba65ea5f	excluded	type .log not kept
demo-cut	l3b.log	31413	49290f17460bd7ce94a43708798bcdf9f3097a1d8a6dd0b52dee72ae1c9f177b	excluded	type .log not kept
demo-cut	ws-l3b/.gitignore	35	1963e84a7dfb9c3de46cf08fa8afedbf2746e18e1be8e12f595953e0e40ff324	excluded	type (none) not kept
demo-cut	ws-l3b/.hardkas/accounts.real.json	1412	35a57dae1aa3a5805c70642a0eb44fad3c8cea45dc0b0a3be54d15a0ff23062a	excluded	type .json not kept
demo-cut	ws-l3b/.hardkas/artifacts/2026-09-28T08-01-02-176Z-plan-f1ee216d1365932a.plan.json	1751	e31fc0562d22c20519802ff3208f090ea5efe2d4a9fd2353aeff7099105d7633	excluded	type .json not kept
demo-cut	ws-l3b/.hardkas/artifacts/2026-09-28T08-02-08-548Z-plan-1faa3c23c6c80391.plan.json	3484	bcfada145ba339926aa84ac48d12983e22f2a6139aad78457e47870eb2ec2538	excluded	type .json not kept
demo-cut	ws-l3b/.hardkas/artifacts/misc/snapshot-bcba6f174c6d2caac0df005dc9cfa94cd29928ede8ec9c8c63cc09e3be9c9bcc.json	2614	0718256313833a69cffbdc63c5217e53ec26fb3d54b1b7ca0d73e1cf5a427bc2	excluded	type .json not kept
demo-cut	ws-l3b/.hardkas/artifacts/misc/snapshot-d45d3e18f4b65e9488c87454928a0c912116e1f214457feaae60ef4cd27b4c21.json	3810	6ead418e396f50d45916cf845fd8f2d22d43fb07dad34bd34a75630a5ab488b6	excluded	type .json not kept
demo-cut	ws-l3b/.hardkas/artifacts/misc/snapshot-e1717cd0b524fd15103af23b2b661e45948d5581cf48ffe1bd36b9796be07880.json	3212	9eb1d5fdf5fef98e4e2f0ebc46241e6f93a93c5cb14754aa5d13449dde5e12aa	excluded	type .json not kept
demo-cut	ws-l3b/.hardkas/artifacts/observations/txObservation-553424a8c78fe11a4069638663210eb7b1436817bbb28c399423458a2bc4be4b.json	2971	e7a384052842cba8e5fb6e7044acf6e621e06b161fdda3f32bb0293e6c394d65	excluded	type .json not kept
demo-cut	ws-l3b/.hardkas/artifacts/observations/txObservation-620d7dc99da6fadd1c8f53e82a048029a9fb4c26c44cd8f38c80635194d66f33.json	2638	cc1fe239808936a412bb47acd42c2830813a07eee9e4d6f2bc3d9cf3f84a6f57	excluded	type .json not kept
demo-cut	ws-l3b/.hardkas/artifacts/observations/txObservation-a4e98d76a441eeb557539c1affe7022305993e29764be9791e445f737f948d51.json	2205	94f6a2ffa93bf178caa8143c5d10bf6717169e3c9ea8a9ae33743a16549ff7eb	excluded	type .json not kept
demo-cut	ws-l3b/.hardkas/artifacts/plans/txPlan-0d82e37e1bb397e2cd6bc730ab23011c117a15e12ef16ac61081617eb052247c.json	1743	c56bae676928547138e3a93cf45820a272e8d05a7c0a5ff752fc266264dcd71f	excluded	type .json not kept
demo-cut	ws-l3b/.hardkas/artifacts/receipts/txReceipt-9d2b57491a418aae4ef07fff6f038cab9450b7a4aad6452566ff6a806ca5e035.json	2265	918c80397d1b97419a5b2da9a51295be80bca676e2bac0ab42e4031725aaae86	excluded	type .json not kept
demo-cut	ws-l3b/.hardkas/artifacts/receipts/txReceipt-efe7acc048b4e8fe6e9ebfbeaf4a96ae5a3699d103eaa8525b6bc53c304759e3.json	2255	a1bea7f5f9d47036c336e2a7f7c88612b9b3868d646f1632f6230e5eb4ad7865	excluded	type .json not kept
demo-cut	ws-l3b/.hardkas/artifacts/receipts/txSubmission-560ce41515df585fccb2c7fb1591d30c57701ef901cbc226f5b83b0d659c394b.json	1548	71d326d4e5e7ea6ad171bc4f516461527b445b1b570de6e1078af384fa6ee67b	excluded	type .json not kept
demo-cut	ws-l3b/.hardkas/artifacts/signed/signedTx-242878c718d919b51f3b7123bf09577e64ccd8177e9b136054819c394334255d.json	2825	1336abd084b75988d399d346c849ba2f81fdf46cfde7a6dd375fdefc437194ec	excluded	type .json not kept
demo-cut	ws-l3b/.hardkas/artifacts/signed/signedTx-5f4947b1f5d6b285e1504aa1aa5c72dcc0237756074f0d66c9c18ab5e7732b0b.json	1572	23c1e18791c0d18a9e7da1f6e97ab9d90e90b6969d992e46c719c94ba1a10580	excluded	type .json not kept
demo-cut	ws-l3b/.hardkas/artifacts/signed/signedTx-f538aa5904102fe294a6a123e06167d333fea83ea1a88a9e6f03a2e32f5423e9.json	1572	6b0a9bbd92a8fc9690f5ade8f3b3a293e148b83aab39bcd5061b7c0127212d36	excluded	type .json not kept
demo-cut	ws-l3b/.hardkas/artifacts/synthetic-0d82e37e1bb397e2cd6bc730ab23011c117a15e12ef16ac61081617eb052247c.trace.json	1615	1774585c46f5d432ff2da90a4fb1e2a078484817ba8ed4f9a7e132aa9fd643d5	excluded	type .json not kept
demo-cut	ws-l3b/.hardkas/artifacts/synthetic-f1ee216d1365932a8f6d7de4e3a0ea4ced30a23b92ea44506799766aa20f0aa7.trace.json	1615	3ada014d22d2991656b9124d3c91124d0f8d3e207e08477a5454a6beb2582589	excluded	type .json not kept
demo-cut	ws-l3b/.hardkas/dev-accounts/alice.json	913	83262e4f33dd132093dd74ff8d7cfca444673ec6d7fcd6ff3342bbcb5716d567	excluded	type .json not kept
demo-cut	ws-l3b/.hardkas/dev-accounts/bob.json	911	fb558da07117ccad00f9fd896214b1dafc6816d7d003ed0ed26625006e6f592b	excluded	type .json not kept
demo-cut	ws-l3b/.hardkas/dev-accounts/carol.json	913	b2f51a306ef00a783672698e02ae4c8f38cbd5a39c3ecf1fdf2b1f91ccf029a2	excluded	type .json not kept
demo-cut	ws-l3b/.hardkas/dev-accounts/dave.json	912	550f96baf3a2d5a7d55bdf041002e01d412a41205a03e9a5f8879f41ea881b50	excluded	type .json not kept
demo-cut	ws-l3b/.hardkas/dev-accounts/erin.json	912	2ad385084cbd51817a83fbef7758b7cf73379fc30023c8182fefdc725538ba1a	excluded	type .json not kept
demo-cut	ws-l3b/.hardkas/kaspad/.rusty-kaspa/kaspa-simnet/datadir/consensus/consensus-001/000012.log	1343202	a320e4270e8011691a968d1cc9116ccc5505285ca1729b40d4196bbc02bc3cd2	excluded	type .log not kept
demo-cut	ws-l3b/.hardkas/kaspad/.rusty-kaspa/kaspa-simnet/datadir/consensus/consensus-001/000014.sst	8422869	6058e388ec070ab40773514e8d3bd720cd2cb9a8c957ddb75e9ff6b30bc519ea	excluded	type .sst not kept
demo-cut	ws-l3b/.hardkas/kaspad/.rusty-kaspa/kaspa-simnet/datadir/consensus/consensus-001/000015.sst	8444091	43c2b7ca6b59d98fdb2f64d60eb92f6e7f3de080c5d30d1b452cd14f325a220a	excluded	type .sst not kept
demo-cut	ws-l3b/.hardkas/kaspad/.rusty-kaspa/kaspa-simnet/datadir/consensus/consensus-001/000016.sst	8463928	76ef5cc556db7b0175e8098630ea74ca227bd1c658bfe0e6660a845b81618998	excluded	type .sst not kept
demo-cut	ws-l3b/.hardkas/kaspad/.rusty-kaspa/kaspa-simnet/datadir/consensus/consensus-001/000017.sst	1422554	79b0c5cd530bfa6bb6106fe9f926ad1a56d96b9a1f972e1ae4149613619a4509	excluded	type .sst not kept
demo-cut	ws-l3b/.hardkas/kaspad/.rusty-kaspa/kaspa-simnet/datadir/consensus/consensus-001/CURRENT	16	9c283f6e81028b9eb0760d918ee4bc0aa256ed3b926393c1734c760c4bd724fd	excluded	type (none) not kept
demo-cut	ws-l3b/.hardkas/kaspad/.rusty-kaspa/kaspa-simnet/datadir/consensus/consensus-001/IDENTITY	36	238ef90851dd34f3f87424bd22a5856f8e082a842fa676526e19a2daf0a1afed	excluded	type (none) not kept
demo-cut	ws-l3b/.hardkas/kaspad/.rusty-kaspa/kaspa-simnet/datadir/consensus/consensus-001/LOCK	0	e3b0c44298fc1c149afbf4c8996fb92427ae41e4649b934ca495991b7852b855	excluded	type (none) not kept
demo-cut	ws-l3b/.hardkas/kaspad/.rusty-kaspa/kaspa-simnet/datadir/consensus/consensus-001/LOG	56425	31b11a091b17fb90213c8a12d53959b80843b1662a1b4a7142b4c20d444051b5	excluded	type (none) not kept
demo-cut	ws-l3b/.hardkas/kaspad/.rusty-kaspa/kaspa-simnet/datadir/consensus/consensus-001/MANIFEST-000005	1017	d880757600644ec7c4c9b9d8603c58fd9a7dbafb63fe14e60aaee6ac0af4c0b1	excluded	type (none) not kept
demo-cut	ws-l3b/.hardkas/kaspad/.rusty-kaspa/kaspa-simnet/datadir/consensus/consensus-001/OPTIONS-000007	7868	cd4f923352b13a7a897f512c933a8b5587cb623f92fd6136d14f27a8e989fdb3	excluded	type (none) not kept
demo-cut	ws-l3b/.hardkas/kaspad/.rusty-kaspa/kaspa-simnet/datadir/meta/000004.log	195	5b1839b1c4334ef3f062e2a3e9cbfc9cd9bd7b35c6eccf77ef2d4613765538e7	excluded	type .log not kept
demo-cut	ws-l3b/.hardkas/kaspad/.rusty-kaspa/kaspa-simnet/datadir/meta/CURRENT	16	9c283f6e81028b9eb0760d918ee4bc0aa256ed3b926393c1734c760c4bd724fd	excluded	type (none) not kept
demo-cut	ws-l3b/.hardkas/kaspad/.rusty-kaspa/kaspa-simnet/datadir/meta/IDENTITY	36	1fcd567b54e9447b5bab5cedd1ee0d3e385f953351cf8a55c756d01510a6cfb7	excluded	type (none) not kept
demo-cut	ws-l3b/.hardkas/kaspad/.rusty-kaspa/kaspa-simnet/datadir/meta/LOCK	0	e3b0c44298fc1c149afbf4c8996fb92427ae41e4649b934ca495991b7852b855	excluded	type (none) not kept
demo-cut	ws-l3b/.hardkas/kaspad/.rusty-kaspa/kaspa-simnet/datadir/meta/LOG	35860	2d10a8ac8d90da4007dcd14b00e74f773525f69393d75cbb018dff4541d7f754	excluded	type (none) not kept
demo-cut	ws-l3b/.hardkas/kaspad/.rusty-kaspa/kaspa-simnet/datadir/meta/MANIFEST-000005	116	38c6aff0f696083a4167ea3be988280953d1c9a53f878aa24a21432f157b4c20	excluded	type (none) not kept
demo-cut	ws-l3b/.hardkas/kaspad/.rusty-kaspa/kaspa-simnet/datadir/meta/OPTIONS-000007	7864	966a9b8ff44a8b411603a8b9f9991b3aad47f323839de97f8cf55465929be222	excluded	type (none) not kept
demo-cut	ws-l3b/.hardkas/kaspad/.rusty-kaspa/kaspa-simnet/datadir/utxoindex/000004.log	15253817	05c29981ae7f31264462d2580efe923b878dedeca397cc9c8c66cbf204513bb0	excluded	type .log not kept
demo-cut	ws-l3b/.hardkas/kaspad/.rusty-kaspa/kaspa-simnet/datadir/utxoindex/000008.log	455547	dec230a17eac82eb8a3da8716bc2ea2a8701f047b9b3a9a88db23f042cfd01f8	excluded	type .log not kept
demo-cut	ws-l3b/.hardkas/kaspad/.rusty-kaspa/kaspa-simnet/datadir/utxoindex/CURRENT	16	9c283f6e81028b9eb0760d918ee4bc0aa256ed3b926393c1734c760c4bd724fd	excluded	type (none) not kept
demo-cut	ws-l3b/.hardkas/kaspad/.rusty-kaspa/kaspa-simnet/datadir/utxoindex/IDENTITY	36	19403d0b927437d928718c4bd948b04ec18403f77f6ae813f7aa6a6ab1a05ea5	excluded	type (none) not kept
demo-cut	ws-l3b/.hardkas/kaspad/.rusty-kaspa/kaspa-simnet/datadir/utxoindex/LOCK	0	e3b0c44298fc1c149afbf4c8996fb92427ae41e4649b934ca495991b7852b855	excluded	type (none) not kept
demo-cut	ws-l3b/.hardkas/kaspad/.rusty-kaspa/kaspa-simnet/datadir/utxoindex/LOG	36036	2ca541487a3ccef9600b52e0df5d05b74e16fa08e71580f04690a950bd406acf	excluded	type (none) not kept
demo-cut	ws-l3b/.hardkas/kaspad/.rusty-kaspa/kaspa-simnet/datadir/utxoindex/MANIFEST-000005	116	517e8d4babb758be280788f2501ab72a49ce20282e55c2339972a7de38c9cb2c	excluded	type (none) not kept
demo-cut	ws-l3b/.hardkas/kaspad/.rusty-kaspa/kaspa-simnet/datadir/utxoindex/OPTIONS-000007	7868	723f8b0909430ea6d48759f5d4760ad6a0e174551b13860c44f978295de611ec	excluded	type (none) not kept
demo-cut	ws-l3b/.hardkas/localnet.json	3545	c1f858b586977fa40ce07f015f15a4461300a7187b5721a89e26eb98048a55a8	excluded	type .json not kept
demo-cut	ws-l3b/events.jsonl	12525	64b964070dbf42e73ea3a6d2617dc048a970f5b3e575f1c569e274a941875bcb	excluded	type .jsonl not kept
demo-cut	ws-l3b/hardkas.config.ts	893	06546bc174da99a19d5b4748078a0e11352d6c8d17a01d624eef107b4ca99ace	excluded	type .ts not kept
demo-cut	ws-l3b/p1.json	1751	e31fc0562d22c20519802ff3208f090ea5efe2d4a9fd2353aeff7099105d7633	excluded	type .json not kept
demo-cut	ws-l3b/p2.json	3484	bcfada145ba339926aa84ac48d12983e22f2a6139aad78457e47870eb2ec2538	excluded	type .json not kept
demo-cut	ws-l3b/package.json	316	cf1817349261556cae1b233f8cb6bd12f3e39503452dae949b29089699dfb87a	excluded	type .json not kept
demo-cut	ws-l3b/s1.json	1571	84f51fd9ae60d9ebf6bd1b1299d6e115634753458909962d6b83adb0760f971d	excluded	type .json not kept
demo-cut	ws-l3b/s2.json	2824	5e162cdb0b7e05996827fb76ee39ccc87354a400b68cb474d76bb3fcb79399cf	excluded	type .json not kept
demo-cut	ws-l3b/test/payment.test.ts	763	90927b16a4a25b7400b211497c08ae6826d9eb7eeee928e99ffd503443b1ee9e	excluded	type .ts not kept
demo-cut	ws-l3b/vitest.config.ts	141	c630736d7cded05a28e07de389f1dffc3f9ba0569838e58be62deff6e1e28d52	excluded	type .ts not kept
rc24	api-check.log	711	5c285f7b2339f9305a40dc73c8acdb47a143760c5c0fe7355ff4a641bcee6dd9	excluded	type .log not kept
rc24	balance-after.log	3279	eea9c5eb3bbc6bd9298ae437cd7ee508217763cd70121f35932b9bb89a8a6ae0	excluded	type .log not kept
rc24	balance-after.ps1	925	25078cf2ac6b5b1392a41c39b60946d7ecf10848b96c36526c43ffaf8c8daab9	excluded	type .ps1 not kept
rc24	baseline-head.txt	110	5e06fd1a0df8ccb3b4154c088097d5147bc9a6d16dd94ab1cdd7164072550a37	excluded	type .txt not kept
rc24	baseline-status.txt	1899	fe1a4fb441c4bfeb258cfbc4bf15537f81e3253924d6079d3811a99ba16ba654	excluded	type .txt not kept
rc24	baseline-tracked.patch	55889	e0175032b8850624c5d5eef93a58d1ee419540519a74c6935572e32629911933	excluded	type .patch not kept
rc24	baseline-tree.json	413634	1126a157ce93ac3ddd16d8235b69602cbb4cb5207ada94e5f4e7ee8315af6933	excluded	type .json not kept
rc24	bump-diff.cjs	880	10262298194827f9e0694dab5dbe0cd6d8cad7ddb322eb4131cbd36445c980e4	excluded	type .cjs not kept
rc24	check-docs.log	1839	3a5b8e4c5179388811c5e427b92ad8d69539ff76756c1593fa068d9a70ffbd45	excluded	type .log not kept
rc24	churn-t100.log	1124	01760c69d2a803fa67d34c6647ccc65268d082f759cb7f2cd8eedb8a4fba1e3c	excluded	type .log not kept
rc24	churn-t5.log	1163	bcab0e028be1f93d6ed39475e6c71376339125480123837fbcfb0b6d857e085d	excluded	type .log not kept
rc24	churn1.log	3292	98e3f7ae196939c520b28cd738fedafff067dcabef622220ae93e7b581f88b70	excluded	type .log not kept
rc24	churn2.log	2421	44d0108db16af0de2dd3624b0af818f53daf99e8bdd7f276b5b4df5671438e99	excluded	type .log not kept
rc24	d2-check.cjs	1023	d00c2b84349f816193caf54c7cb9f26891a2e8d328a0a2c5a327480d9763cefa	excluded	type .cjs not kept
rc24	docs-check-claims.log	788	b46cdadb19901ae78a12348186960e74fbf4b8871f09735bac6c5edc407f80b2	excluded	type .log not kept
rc24	docs-check-cli.log	400	9f5aef4919654e5291447d473c1ba4131c3da87709c899a1f09f4020fbe50bf8	excluded	type .log not kept
rc24	docs-check.log	636	8edea6639659efe4b70edc7fbe91ad0f386aa5de49c5e6b79647fee9d277de44	excluded	type .log not kept
rc24	dr-lint.log	132145	51265fec82a1de61d11f7914fab1f2f134386ba75273dabdc4dfa3c7a5ee4895	excluded	type .log not kept
rc24	e02-after.log	12896	c3b0752085edc6789bab6be644c995164f206c9f09a2de8919a693d0ee9a65f4	excluded	type .log not kept
rc24	e02-after2.log	13567	82d2704891286f8144bf598bd66f30baac76f0a599fc1310d5892e6b66a534b5	excluded	type .log not kept
rc24	e02-before.log	4539	6b424fcf9dc47b0f06a7e8417c5f5dea741e0380e19f119307ea6a07ae9693a5	excluded	type .log not kept
rc24	e02-live.ps1	3830	34a0813b3d8a307a14a11390f40e72737b7e84eb0b56c957477d2e44682ec106	excluded	type .ps1 not kept
rc24	e02-t50.log	13448	92b572521af8e38c0dcd28be2a11963bc534715857bc715d1a651f216caee889	excluded	type .log not kept
rc24	e20-overwrite-check.cjs	1804	8fab56d4bc92cecbe68337f7da2eac1c2a35f87d2f8e2bb88425cb5b660aa8cb	excluded	type .cjs not kept
rc24	find-msg.cjs	894	de5b8eb6cec29f80c2e5f845e0b67a1594cc8e89f7eca47dc78245699e34b747	excluded	type .cjs not kept
rc24	inspect-plans.cjs	1064	4c63245a7724a26a294f1ea95c272b7dad9e3cec6b475a2df882fa367f68836f	excluded	type .cjs not kept
rc24	inspect-tarballs.cjs	3057	9e7b050bb330d2836ba77c6470fb2ca0780720c9f858439e8f67b9c90105539a	excluded	type .cjs not kept
rc24	lint.log	79406	b5d592b58ea9f60743b3a5b8a03694161c5af703b8e32aef6bae188a7c95aea4	excluded	type .log not kept
rc24	lint2.log	132195	316d5de66078834642e23aec9e14674704be26d6b37f003805d7b17dad7a3b50	excluded	type .log not kept
rc24	pack-closure.cjs	1804	6464a280fc005c27a82d5884e55c729034e884affffa8d5708ea559ec4ed5742	excluded	type .cjs not kept
rc24	pack-closure.json	4914	d38e97f317205d7e50df4e3354f811879e8439d2bc0d317b82e615b5705360ef	excluded	type .json not kept
rc24	pack-gate.ps1	3059	753676832484548da9a49c8bc0866a892c65608ffe032bbd98e2779fba322909	excluded	type .ps1 not kept
rc24	pack1/build.log	60181	43eef79d9c58c6a38db8ed7c5942d8cddd9356c4c16de9f1257ea42c1bdc7f04	excluded	type .log not kept
rc24	pack1/npm-publish-dry-pskt-native.log	1092	73a89ee449dc7aab518d5e95e76f4cdf7355986e0656a481ac2fd7feebbfe94a	excluded	type .log not kept
rc24	pack1/pack-gate.log	11073	b90a6ab5ed50d3a2a5c4cae7d93ea5b66029dc7e426fb5589e6155355c555189	excluded	type .log not kept
rc24	pack1/pnpm-publish-dry-cli-tag-rc.log	7703	231cabcf0186b7af0c7999cfd17b93462dff22bcfeda96da2f4504d45d261422	excluded	type .log not kept
rc24	pack1/pnpm-publish-dry-cli.log	877	c2c4d284b45b0502d01a516f58640f1ad73701363e200ab0bc08c5ad06604a2e	excluded	type .log not kept
rc24	pack1/pnpm-publish-dry-pskt-native.log	1443	11c5c1a26b6d6f8ea8fd42283dd9d2b499ecc8d26f559f3b4815ffe66b0eb648	excluded	type .log not kept
rc24	pack1/tarball-sha256.txt	1331	cead12c97bbc9a1d5a1a7579795b4fadc777536f4b5d4883cc0e8205f28ba5d3	excluded	type .txt not kept
rc24	pack1/tarballs/hardkas-accounts-0.12.0-rc.23.tgz	35237	1fae143d1f07dfbaa11d1fd028ebd83222116c03e596e8223159aef0857a0817	excluded	type .tgz not kept
rc24	pack1/tarballs/hardkas-artifacts-0.12.0-rc.23.tgz	96895	e79d26560fbec0a227d18d1929865942bed47ffa262718c4e39cfd35d2df3cb5	excluded	type .tgz not kept
rc24	pack1/tarballs/hardkas-bridge-local-0.12.0-rc.23.tgz	4569	520b52a3466eaadf21b74761a7f46717204a1eea1d0365163794a2bd90f99617	excluded	type .tgz not kept
rc24	pack1/tarballs/hardkas-cli-0.12.0-rc.23.tgz	293725	65ba07f96cb55dc7d9f07ca5b96266d3ef32924263ff13eb7b1eef8c46da53bd	excluded	type .tgz not kept
rc24	pack1/tarballs/hardkas-config-0.12.0-rc.23.tgz	5027	eb629b87901e1846f2ad5c094010892eb504885531087446c01c188b85cc3c5a	excluded	type .tgz not kept
rc24	pack1/tarballs/hardkas-core-0.12.0-rc.23.tgz	61463	abe926a536ee470f8370b6a44d3161b535a4203693da65dca6c234a020a41f18	excluded	type .tgz not kept
rc24	pack1/tarballs/hardkas-dev-server-0.12.0-rc.23.tgz	128196	917f0d0c41bdb43a32685803f2d610291f05549673066b9aaeb2434c1005a967	excluded	type .tgz not kept
rc24	pack1/tarballs/hardkas-escrow-0.12.0-rc.23.tgz	4792	412deadd4191dfcbe758176ad2d6b5e471813528d95684c27c3f7421ea18601c	excluded	type .tgz not kept
rc24	pack1/tarballs/hardkas-jobs-0.12.0-rc.23.tgz	8215	977abaf30d8063cac1ce1a4207c0f62edb1cc087600e4a7340fc784aef23de8c	excluded	type .tgz not kept
rc24	pack1/tarballs/hardkas-kaspa-rpc-0.12.0-rc.23.tgz	26769	ec317d26fc87d13caa53a8ce8695e101b4c5a26d1f71d06742e8a6740d7d80ac	excluded	type .tgz not kept
rc24	pack1/tarballs/hardkas-l2-0.12.0-rc.23.tgz	8563	b155802e3c1544ea82cfd0bd272fee6ce47728991f0ddb8d7ad80a76f961cccb	excluded	type .tgz not kept
rc24	pack1/tarballs/hardkas-localnet-0.12.0-rc.23.tgz	19523	a45415ca4a7dba9fbf2dea309c769ef7b0461fd4765b1ba52eb91f09f43827b7	excluded	type .tgz not kept
rc24	pack1/tarballs/hardkas-node-orchestrator-0.12.0-rc.23.tgz	4114	7e70416d434b3dda0465ed71cc7f467bbecf3ba707864ff65235c92cd778e660	excluded	type .tgz not kept
rc24	pack1/tarballs/hardkas-node-runner-0.12.0-rc.23.tgz	5967	f45b9ecb0dfb8af3850c2386f95b562c5b558fd51d430a1886c7955059806db6	excluded	type .tgz not kept
rc24	pack1/tarballs/hardkas-observability-0.12.0-rc.23.tgz	3693	c6b903eadd0555661321687603d96aae42033032c81c4fbfc0763f8b737c1ef6	excluded	type .tgz not kept
rc24	pack1/tarballs/hardkas-pskt-native-0.12.0-rc.23.tgz	2120165	70389e8ba06151979b66d0e101a7beaf08d0e8f8c216f25c05705ba85ef5d248	excluded	type .tgz not kept
rc24	pack1/tarballs/hardkas-query-0.12.0-rc.23.tgz	24603	5246b02378bc4bccb101ab8eb05e1e026667c948f95aee3bc7fee6cd819aa9e7	excluded	type .tgz not kept
rc24	pack1/tarballs/hardkas-query-store-0.12.0-rc.23.tgz	30830	e549faad8cf05a3a7a40b940c89add2486088e337978004f62ac2ff9e7d63171	excluded	type .tgz not kept
rc24	pack1/tarballs/hardkas-rpc-events-0.12.0-rc.23.tgz	14628	f6aff0825f2a7bccf18300c9b2ed75cac8dedba81349ad54308e40a17f1ae6b9	excluded	type .tgz not kept
rc24	pack1/tarballs/hardkas-sdk-0.12.0-rc.23.tgz	77202	f92dd3bd0411a966534591c1a6304f9e0445585a736d3f097ea40cbab14a7558	excluded	type .tgz not kept
rc24	pack1/tarballs/hardkas-sessions-0.12.0-rc.23.tgz	2660	3d19c1a310e8c00a60d1a91fa75041bee88b0cdfed4d6159ac71200569a75d94	excluded	type .tgz not kept
rc24	pack1/tarballs/hardkas-simulator-0.12.0-rc.23.tgz	15400	d9b96ce8b4a76ab849fecf7bfa7cad60b69c4a0fd6c297059e4971c59e643ad5	excluded	type .tgz not kept
rc24	pack1/tarballs/hardkas-testing-0.12.0-rc.23.tgz	37855	68370caa8f5cef02b7eb2d88f664333a0f41f35acb56117431a729ee904dad1c	excluded	type .tgz not kept
rc24	pack1/tarballs/hardkas-toolkit-0.12.0-rc.23.tgz	45190	e33d34f34d565c11a78116ef2a05c1e02930a9a09ce200201cf36f4f3426913a	excluded	type .tgz not kept
rc24	pack1/tarballs/hardkas-tx-builder-0.12.0-rc.23.tgz	26557	5ec19bb9156ae123e6256b7071e41b8a45244bbdd8530bb60102d28b79ea6e93	excluded	type .tgz not kept
rc24	pack1/tree-after-cli-dry.json	414523	7415fac9b84963da0b6dc45e21696a88ce63a5c17d2192137c0d4c2d90703a33	excluded	type .json not kept
rc24	pack1/tree-after.json	414523	7415fac9b84963da0b6dc45e21696a88ce63a5c17d2192137c0d4c2d90703a33	excluded	type .json not kept
rc24	pack1/tree-before-cli-dry.json	414523	7415fac9b84963da0b6dc45e21696a88ce63a5c17d2192137c0d4c2d90703a33	excluded	type .json not kept
rc24	pack1/tree-before.json	414523	7415fac9b84963da0b6dc45e21696a88ce63a5c17d2192137c0d4c2d90703a33	excluded	type .json not kept
rc24	pack2/build.log	60237	03fc00e7f589116e1e4d43cb73cb9603d95addb753af098f5cce0f662a8afe61	excluded	type .log not kept
rc24	pack2/npm-publish-dry-pskt-native.log	1092	73a89ee449dc7aab518d5e95e76f4cdf7355986e0656a481ac2fd7feebbfe94a	excluded	type .log not kept
rc24	pack2/pack-gate.log	11015	9dfdea99504ebf6baba9d0a3315127ccf9df1edec04d9e69cc8eeae31ab40775	excluded	type .log not kept
rc24	pack2/pnpm-publish-dry-cli.log	7703	4c112b5f51a75254e569330fc51dc4986a3e3a88d1e4c42f45a471622970ec3b	excluded	type .log not kept
rc24	pack2/pnpm-publish-dry-pskt-native.log	1443	11c5c1a26b6d6f8ea8fd42283dd9d2b499ecc8d26f559f3b4815ffe66b0eb648	excluded	type .log not kept
rc24	pack2/tarball-sha256.txt	1331	c03c28b2d03255d83da79da653457e0f4e476d756eaa6982f042ef7656c103c9	excluded	type .txt not kept
rc24	pack2/tarballs/hardkas-accounts-0.12.0-rc.23.tgz	35237	97caf810239251a271fa010f3781518938b16186364268201371649242d3c8df	excluded	type .tgz not kept
rc24	pack2/tarballs/hardkas-artifacts-0.12.0-rc.23.tgz	96895	e79d26560fbec0a227d18d1929865942bed47ffa262718c4e39cfd35d2df3cb5	excluded	type .tgz not kept
rc24	pack2/tarballs/hardkas-bridge-local-0.12.0-rc.23.tgz	4568	1664b5b70b3d32e6274545b1fa5f11f4550f337bef444bc4e39428937fe75ccd	excluded	type .tgz not kept
rc24	pack2/tarballs/hardkas-cli-0.12.0-rc.23.tgz	295043	366519e4e7e605b515310f4fa58322ab318d675157c882ef64fc61b6ac8d4610	excluded	type .tgz not kept
rc24	pack2/tarballs/hardkas-config-0.12.0-rc.23.tgz	5027	eb629b87901e1846f2ad5c094010892eb504885531087446c01c188b85cc3c5a	excluded	type .tgz not kept
rc24	pack2/tarballs/hardkas-core-0.12.0-rc.23.tgz	61463	abe926a536ee470f8370b6a44d3161b535a4203693da65dca6c234a020a41f18	excluded	type .tgz not kept
rc24	pack2/tarballs/hardkas-dev-server-0.12.0-rc.23.tgz	128195	ab8250425680dd19aa23b600df0bb9cb9bfce8b8a939f38af090448bef71d432	excluded	type .tgz not kept
rc24	pack2/tarballs/hardkas-escrow-0.12.0-rc.23.tgz	4792	412deadd4191dfcbe758176ad2d6b5e471813528d95684c27c3f7421ea18601c	excluded	type .tgz not kept
rc24	pack2/tarballs/hardkas-jobs-0.12.0-rc.23.tgz	8215	977abaf30d8063cac1ce1a4207c0f62edb1cc087600e4a7340fc784aef23de8c	excluded	type .tgz not kept
rc24	pack2/tarballs/hardkas-kaspa-rpc-0.12.0-rc.23.tgz	26768	32f6aa05e8ddf138f6d370834eb53e1b613c75d76d62e1f631d158f63c46cd01	excluded	type .tgz not kept
rc24	pack2/tarballs/hardkas-l2-0.12.0-rc.23.tgz	8563	b155802e3c1544ea82cfd0bd272fee6ce47728991f0ddb8d7ad80a76f961cccb	excluded	type .tgz not kept
rc24	pack2/tarballs/hardkas-localnet-0.12.0-rc.23.tgz	19524	d6ce0281670d077d6604f12b38f6cb3f87af3309b7ab66fd359b9a164f7bb165	excluded	type .tgz not kept
rc24	pack2/tarballs/hardkas-node-orchestrator-0.12.0-rc.23.tgz	4114	7e70416d434b3dda0465ed71cc7f467bbecf3ba707864ff65235c92cd778e660	excluded	type .tgz not kept
rc24	pack2/tarballs/hardkas-node-runner-0.12.0-rc.23.tgz	5967	f45b9ecb0dfb8af3850c2386f95b562c5b558fd51d430a1886c7955059806db6	excluded	type .tgz not kept
rc24	pack2/tarballs/hardkas-observability-0.12.0-rc.23.tgz	3693	c6b903eadd0555661321687603d96aae42033032c81c4fbfc0763f8b737c1ef6	excluded	type .tgz not kept
rc24	pack2/tarballs/hardkas-pskt-native-0.12.0-rc.23.tgz	2120165	70389e8ba06151979b66d0e101a7beaf08d0e8f8c216f25c05705ba85ef5d248	excluded	type .tgz not kept
rc24	pack2/tarballs/hardkas-query-0.12.0-rc.23.tgz	24602	4828b660844d95b78343a279813dee88104eb394b3f0f53f34459857f3ee8cd9	excluded	type .tgz not kept
rc24	pack2/tarballs/hardkas-query-store-0.12.0-rc.23.tgz	30830	e549faad8cf05a3a7a40b940c89add2486088e337978004f62ac2ff9e7d63171	excluded	type .tgz not kept
rc24	pack2/tarballs/hardkas-rpc-events-0.12.0-rc.23.tgz	14628	f6aff0825f2a7bccf18300c9b2ed75cac8dedba81349ad54308e40a17f1ae6b9	excluded	type .tgz not kept
rc24	pack2/tarballs/hardkas-sdk-0.12.0-rc.23.tgz	77201	8aaa23d610b8f4696a1964c77ff21a62c1738465fdf652e8588898b472215d38	excluded	type .tgz not kept
rc24	pack2/tarballs/hardkas-sessions-0.12.0-rc.23.tgz	2660	3d19c1a310e8c00a60d1a91fa75041bee88b0cdfed4d6159ac71200569a75d94	excluded	type .tgz not kept
rc24	pack2/tarballs/hardkas-simulator-0.12.0-rc.23.tgz	15400	d9b96ce8b4a76ab849fecf7bfa7cad60b69c4a0fd6c297059e4971c59e643ad5	excluded	type .tgz not kept
rc24	pack2/tarballs/hardkas-testing-0.12.0-rc.23.tgz	37854	b663daafb15b0904c740abe1e6b9b9a154eed7fd9b25aa74c75bfa9a0a5645c4	excluded	type .tgz not kept
rc24	pack2/tarballs/hardkas-toolkit-0.12.0-rc.23.tgz	45187	3b5683031eb54dfb0a97b3b576fe51579b4bbc84fac9f5fd3c8d8f91647107d1	excluded	type .tgz not kept
rc24	pack2/tarballs/hardkas-tx-builder-0.12.0-rc.23.tgz	26557	5ec19bb9156ae123e6256b7071e41b8a45244bbdd8530bb60102d28b79ea6e93	excluded	type .tgz not kept
rc24	pack2/tree-after.json	414523	d023b8d2473e8b7b6ddd2d48f3b87d6b739bdc1d967f3ba5e213ef970e07d62f	excluded	type .json not kept
rc24	pack2/tree-before.json	414523	d023b8d2473e8b7b6ddd2d48f3b87d6b739bdc1d967f3ba5e213ef970e07d62f	excluded	type .json not kept
rc24	published-deep.cjs	3206	d0eb0e494aaf3e76bfd2cd11ef2096f012974e3b5c8eba5e38d59ba69cd33806	excluded	type .cjs not kept
rc24	published-deep.log	594	bb11a806ce9dbd96b68bf78c57802bdfa1573d9dde5486bb81b6b6fe25839880	excluded	type .log not kept
rc24	published-vs-qualified.cjs	2385	4fd020e3d917cd7d4f387a325d486cd3128389ad6200b8f29b87894ebb2c805f	excluded	type .cjs not kept
rc24	published-vs-qualified.log	3582	5cd8cadefc85f9836b5bd99f9bd094338dd5893a1c60cba4ef26f72b33382935	excluded	type .log not kept
rc24	qual-npm.cjs	21989	83c5c76fbb0f5a288eba5793de335bdb53aead1538715c38db3dca7c6384c8c2	excluded	type .cjs not kept
rc24	qual-pnpm-exact.cjs	5737	1a2a4e670cd6420dc298b10012a367bb355e4ced2e84c74c16762e1e11d61880	excluded	type .cjs not kept
rc24	qual.cjs	22565	9bb4e92e6267c1b81e177a40c7cc15ca1fb4c368cd0f31151a63daf07cc30e49	excluded	type .cjs not kept
rc24	raw1.log	2105	29d3aded3dbec19ffea4039a673b223aecfd3811dbe93adf4b16d9b99d61ab51	excluded	type .log not kept
rc24	RC24-LEDGER.md	47779	47b3a85fadfc068ec0f92fe9a03d1ffcce9fd40ef9da16a275a7b36efa63c320	copied	
rc24	registry-check.cjs	1692	24a0fefe1140345aeacf95b2810c0e7ba4ca378c5a78507cdcf83b4c1f5fb9ad	excluded	type .cjs not kept
rc24	relabel.cjs	2537	83959e67aa97496792f84b24d894f8faa720b01f15dfa436a9d52e5cbd3656ef	excluded	type .cjs not kept
rc24	shape.cjs	1104	43ac0548617425797f8ef01a877f2a29558425087686673fe494575b20dff050	excluded	type .cjs not kept
rc24	show-log.cjs	553	a2e99c9e64b2a6b94502c85c13ce026e5fd728c6f008cb8ea66111335bc0e247	excluded	type .cjs not kept
rc24	tgz-diff.cjs	1225	cdc385e3f84469051254c696b905394526543602f3e859e756c7169dc47793c1	excluded	type .cjs not kept
rc24	tree-final.json	414523	7415fac9b84963da0b6dc45e21696a88ce63a5c17d2192137c0d4c2d90703a33	excluded	type .json not kept
rc24	tree-final2.json	414523	d023b8d2473e8b7b6ddd2d48f3b87d6b739bdc1d967f3ba5e213ef970e07d62f	excluded	type .json not kept
rc24	tree-now.json	414481	2ad6436547a59b2fd4d200f84d1cd72b885810410e87a7f8ad57a3184b6f6d6d	excluded	type .json not kept
rc24	tree-snapshot.cjs	1867	a342eea68a8f7630bc5643bddc72cfbaa0eb62450c3507188d2abceab717e4f4	excluded	type .cjs not kept
rc24	utxo-churn-throttle.ps1	1854	8d5206bfc7aaef2d98b8e4f7a1c61fe5406cbb2be17dd6cb8a88565e1d52393e	excluded	type .ps1 not kept
rc24	utxo-churn.mjs	2115	cbeee85402d78d8617f7b66b792d6b99b56a3679b2dbd6066060ba560713709d	excluded	type .mjs not kept
rc24	utxo-churn.ps1	1466	6ed9f401fc41f47e9824b36b6bbef938b4e2ca07aa1a759cad539122a219e232	excluded	type .ps1 not kept
rc24	utxo-raw.mjs	2234	24722ac65b09f8dbd0da837df9a3d3fd8f8c3cb61b2cdd5e9efd534bef917808	excluded	type .mjs not kept
rc24	utxo-raw.ps1	976	7aec5cb646d6dfe011d7a61e7bcd72026027fce52d42bdc6643d246707b09ef0	excluded	type .ps1 not kept
rc24	version-check.log	3611	0cadaae57f67d64b8cfb004f5624ce9898cacce4c15e3e2ce9832a9d6d847d8a	excluded	type .log not kept
rc24	view-live1.log	13997	c3726e46720d07310536b139087ee88103815e6fad78d0e55f502067c19a62d5	excluded	type .log not kept
rc24	ws-churn-t100/.gitignore	35	1963e84a7dfb9c3de46cf08fa8afedbf2746e18e1be8e12f595953e0e40ff324	excluded	type (none) not kept
rc24	ws-churn-t100/.hardkas/accounts.real.json	713	d70d3ceb2ce7dd35896a0f9ee79a9832f638d8fc7765e0d8efaf4453fe2836a3	excluded	type .json not kept
rc24	ws-churn-t100/.hardkas/artifacts/misc/snapshot-bcba6f174c6d2caac0df005dc9cfa94cd29928ede8ec9c8c63cc09e3be9c9bcc.json	2614	2ca15f96cb655e1370502d05814ff70562a919b9eedeff809a84e43fd332b6a8	excluded	type .json not kept
rc24	ws-churn-t100/.hardkas/dev-accounts/alice.json	913	0e68efbc9af4812ec423a4f5a9d14d23c7af946414533f9e502902d8e199be72	excluded	type .json not kept
rc24	ws-churn-t100/.hardkas/dev-accounts/bob.json	911	028386953d70cfb42cb28def190fb6714f482c2758ba9d041e39403981ab16b5	excluded	type .json not kept
rc24	ws-churn-t100/.hardkas/dev-accounts/carol.json	913	ceebfbd0a1847326294a95be2d97114e96542928fe2117415e5df5865852423f	excluded	type .json not kept
rc24	ws-churn-t100/.hardkas/dev-accounts/dave.json	912	998e921b74d83bf9e81c12ca039c9a61c9b532b9ec6383778b7d230d9e96d193	excluded	type .json not kept
rc24	ws-churn-t100/.hardkas/dev-accounts/erin.json	912	fdc9e2eaa64811993199e62e34298c726693ea929fccfbb5508254f47b0ed628	excluded	type .json not kept
rc24	ws-churn-t100/.hardkas/kaspad/.rusty-kaspa/kaspa-simnet/datadir/consensus/consensus-001/000004.log	8771624	7824f25e705495547f59256a848b483db65e8821bf3ebab4ae38c8b62fe946d3	excluded	type .log not kept
rc24	ws-churn-t100/.hardkas/kaspad/.rusty-kaspa/kaspa-simnet/datadir/consensus/consensus-001/CURRENT	16	9c283f6e81028b9eb0760d918ee4bc0aa256ed3b926393c1734c760c4bd724fd	excluded	type (none) not kept
rc24	ws-churn-t100/.hardkas/kaspad/.rusty-kaspa/kaspa-simnet/datadir/consensus/consensus-001/IDENTITY	36	47442996b9b672edc9e396a99879c5c5de1c9ac368433dc314386634380fbf22	excluded	type (none) not kept
rc24	ws-churn-t100/.hardkas/kaspad/.rusty-kaspa/kaspa-simnet/datadir/consensus/consensus-001/LOCK	0	e3b0c44298fc1c149afbf4c8996fb92427ae41e4649b934ca495991b7852b855	excluded	type (none) not kept
rc24	ws-churn-t100/.hardkas/kaspad/.rusty-kaspa/kaspa-simnet/datadir/consensus/consensus-001/LOG	35948	b338a08072f3524373ba581ebb357ba5f3868aaad9154332e66a4b86a2ebaa19	excluded	type (none) not kept
rc24	ws-churn-t100/.hardkas/kaspad/.rusty-kaspa/kaspa-simnet/datadir/consensus/consensus-001/MANIFEST-000005	116	bb6354a376b2f2825a2923e6c5062a8c0022abbace9f786e11cb3df0bb23e662	excluded	type (none) not kept
rc24	ws-churn-t100/.hardkas/kaspad/.rusty-kaspa/kaspa-simnet/datadir/consensus/consensus-001/OPTIONS-000007	7868	cd4f923352b13a7a897f512c933a8b5587cb623f92fd6136d14f27a8e989fdb3	excluded	type (none) not kept
rc24	ws-churn-t100/.hardkas/kaspad/.rusty-kaspa/kaspa-simnet/datadir/meta/000004.log	195	0d9019e0d71ee67e8007aecaa93a37268606d002ac8f77f3499ce2cc2b8e7965	excluded	type .log not kept
rc24	ws-churn-t100/.hardkas/kaspad/.rusty-kaspa/kaspa-simnet/datadir/meta/CURRENT	16	9c283f6e81028b9eb0760d918ee4bc0aa256ed3b926393c1734c760c4bd724fd	excluded	type (none) not kept
rc24	ws-churn-t100/.hardkas/kaspad/.rusty-kaspa/kaspa-simnet/datadir/meta/IDENTITY	36	898b95055da61d413eba3bdd0727dcb7f18b911f0b81fba4c3bf984e871a539a	excluded	type (none) not kept
rc24	ws-churn-t100/.hardkas/kaspad/.rusty-kaspa/kaspa-simnet/datadir/meta/LOCK	0	e3b0c44298fc1c149afbf4c8996fb92427ae41e4649b934ca495991b7852b855	excluded	type (none) not kept
rc24	ws-churn-t100/.hardkas/kaspad/.rusty-kaspa/kaspa-simnet/datadir/meta/LOG	35858	abe22f556ae96e72898b56295d36733ce28fe123449c248f60a0c6c345078c07	excluded	type (none) not kept
rc24	ws-churn-t100/.hardkas/kaspad/.rusty-kaspa/kaspa-simnet/datadir/meta/MANIFEST-000005	116	9f95b8aa8b153cec0fd8c46716fb2f9e1cf939dc20c256bd2dfa0037715327c7	excluded	type (none) not kept
rc24	ws-churn-t100/.hardkas/kaspad/.rusty-kaspa/kaspa-simnet/datadir/meta/OPTIONS-000007	7864	966a9b8ff44a8b411603a8b9f9991b3aad47f323839de97f8cf55465929be222	excluded	type (none) not kept
rc24	ws-churn-t100/.hardkas/kaspad/.rusty-kaspa/kaspa-simnet/datadir/utxoindex/000004.log	1989257	38630865f9f04f0a8e35fbff838396f918edbef4c8e0bc9b932292ad5ef4ff38	excluded	type .log not kept
rc24	ws-churn-t100/.hardkas/kaspad/.rusty-kaspa/kaspa-simnet/datadir/utxoindex/CURRENT	16	9c283f6e81028b9eb0760d918ee4bc0aa256ed3b926393c1734c760c4bd724fd	excluded	type (none) not kept
rc24	ws-churn-t100/.hardkas/kaspad/.rusty-kaspa/kaspa-simnet/datadir/utxoindex/IDENTITY	36	024a653ebc03a39da6ef1b789b098d71db4befc03213ab1d4b3ae2f8d29968cb	excluded	type (none) not kept
rc24	ws-churn-t100/.hardkas/kaspad/.rusty-kaspa/kaspa-simnet/datadir/utxoindex/LOCK	0	e3b0c44298fc1c149afbf4c8996fb92427ae41e4649b934ca495991b7852b855	excluded	type (none) not kept
rc24	ws-churn-t100/.hardkas/kaspad/.rusty-kaspa/kaspa-simnet/datadir/utxoindex/LOG	35893	0f9d9f09a9fff76405c8ab7e8cedc52345b7a98652ca7effbf929074dbdd211c	excluded	type (none) not kept
rc24	ws-churn-t100/.hardkas/kaspad/.rusty-kaspa/kaspa-simnet/datadir/utxoindex/MANIFEST-000005	116	306604455f60a7c8c3d0deaff78e038d606b8dd2e98011003ceb71dadd7149b8	excluded	type (none) not kept
rc24	ws-churn-t100/.hardkas/kaspad/.rusty-kaspa/kaspa-simnet/datadir/utxoindex/OPTIONS-000007	7868	723f8b0909430ea6d48759f5d4760ad6a0e174551b13860c44f978295de611ec	excluded	type (none) not kept
rc24	ws-churn-t100/.hardkas/localnet.json	2349	e1d0a10403ea1cab6bbb06e4fa77eec8ca97e2fcfafb5955912cb12b15c40ed5	excluded	type .json not kept
rc24	ws-churn-t100/hardkas.config.ts	893	06546bc174da99a19d5b4748078a0e11352d6c8d17a01d624eef107b4ca99ace	excluded	type .ts not kept
rc24	ws-churn-t100/package.json	316	cf1817349261556cae1b233f8cb6bd12f3e39503452dae949b29089699dfb87a	excluded	type .json not kept
rc24	ws-churn-t100/test/payment.test.ts	763	90927b16a4a25b7400b211497c08ae6826d9eb7eeee928e99ffd503443b1ee9e	excluded	type .ts not kept
rc24	ws-churn-t100/vitest.config.ts	141	c630736d7cded05a28e07de389f1dffc3f9ba0569838e58be62deff6e1e28d52	excluded	type .ts not kept
rc24	ws-churn-t5/.gitignore	35	1963e84a7dfb9c3de46cf08fa8afedbf2746e18e1be8e12f595953e0e40ff324	excluded	type (none) not kept
rc24	ws-churn-t5/.hardkas/accounts.real.json	713	e4e2c6a37e01fdb0dc1cbf59177fc9d4a6c517207c23965415346de79b23e840	excluded	type .json not kept
rc24	ws-churn-t5/.hardkas/artifacts/misc/snapshot-bcba6f174c6d2caac0df005dc9cfa94cd29928ede8ec9c8c63cc09e3be9c9bcc.json	2614	7311bee0fbde3af6ff8816a7105d5269a3d1bc60cf58add0eecaf5a990e68153	excluded	type .json not kept
rc24	ws-churn-t5/.hardkas/dev-accounts/alice.json	913	81b0ab42aeaf0989a2182b097aa72df591acc03118515dd12e5b4acdbce12075	excluded	type .json not kept
rc24	ws-churn-t5/.hardkas/dev-accounts/bob.json	911	870c2c857ec12ee4341d4fa00bc3afe40122ea29d6377b4286f83cc65ae0e8f4	excluded	type .json not kept
rc24	ws-churn-t5/.hardkas/dev-accounts/carol.json	913	3d6ca69936a9754e7c42799498f364913830ab48c3a9eab2cc58f9dcb3a988e5	excluded	type .json not kept
rc24	ws-churn-t5/.hardkas/dev-accounts/dave.json	912	165921df04381b1a164397374576706ea2020d68155b0126fd5f8c6a6f5c8131	excluded	type .json not kept
rc24	ws-churn-t5/.hardkas/dev-accounts/erin.json	912	c2d5afdff6deaaa06651d2acc08512670b74be4515cc31cf2fecc113cd5548ac	excluded	type .json not kept
rc24	ws-churn-t5/.hardkas/kaspad/.rusty-kaspa/kaspa-simnet/datadir/consensus/consensus-001/000024.sst	8419841	4c064196c7ebf2bdee3ba149d96d003ed0a52d7385e6aabe7aa9bbfb2f24161f	excluded	type .sst not kept
rc24	ws-churn-t5/.hardkas/kaspad/.rusty-kaspa/kaspa-simnet/datadir/consensus/consensus-001/000025.sst	8418737	ee6e422084db03d7fac8ab4fe268f4f2e4ac53b914a142fd73924ae86c837dd2	excluded	type .sst not kept
rc24	ws-churn-t5/.hardkas/kaspad/.rusty-kaspa/kaspa-simnet/datadir/consensus/consensus-001/000026.sst	8423765	04f5972e73e7a1dada863f41c52cedec5cec8cdf520a5af85397d919b31274b5	excluded	type .sst not kept
rc24	ws-churn-t5/.hardkas/kaspad/.rusty-kaspa/kaspa-simnet/datadir/consensus/consensus-001/000027.sst	8477657	be6f7f4a7aa9ea4ca29ce27aea97f98cf4ddd09bff76b1084b53062ab6b387c2	excluded	type .sst not kept
rc24	ws-churn-t5/.hardkas/kaspad/.rusty-kaspa/kaspa-simnet/datadir/consensus/consensus-001/000028.sst	8461706	333750927b8fd75405f6e71ec3f66e3c347b8e15f09d037efb2b45067547f83c	excluded	type .sst not kept
rc24	ws-churn-t5/.hardkas/kaspad/.rusty-kaspa/kaspa-simnet/datadir/consensus/consensus-001/000030.sst	8478336	59afedc1c157613faaa3cc62c7f25d961243857bdc57805c85e8efb84f795089	excluded	type .sst not kept
rc24	ws-churn-t5/.hardkas/kaspad/.rusty-kaspa/kaspa-simnet/datadir/consensus/consensus-001/000031.sst	7495677	41d3401d0638782b3de25aa61f2145f96cd35abdde51329b7c0e7e14344eb939	excluded	type .sst not kept
rc24	ws-churn-t5/.hardkas/kaspad/.rusty-kaspa/kaspa-simnet/datadir/consensus/consensus-001/000032.log	13273611	db5536846024f4c4d6695428b63fed4ed0c0db2c4311cf1e4b15b24f2f654bef	excluded	type .log not kept
rc24	ws-churn-t5/.hardkas/kaspad/.rusty-kaspa/kaspa-simnet/datadir/consensus/consensus-001/000033.sst	14393371	4e22e76c97fe7a8a27d7aeeac233366be99094fca75e887d291505321f5bca21	excluded	type .sst not kept
rc24	ws-churn-t5/.hardkas/kaspad/.rusty-kaspa/kaspa-simnet/datadir/consensus/consensus-001/000034.log	11139212	e1103780068cf947ac6c6e9d2cc7b89bbb4bd2ce522b8d3818db49c139f8300d	excluded	type .log not kept
rc24	ws-churn-t5/.hardkas/kaspad/.rusty-kaspa/kaspa-simnet/datadir/consensus/consensus-001/CURRENT	16	9c283f6e81028b9eb0760d918ee4bc0aa256ed3b926393c1734c760c4bd724fd	excluded	type (none) not kept
rc24	ws-churn-t5/.hardkas/kaspad/.rusty-kaspa/kaspa-simnet/datadir/consensus/consensus-001/IDENTITY	36	69aa7294033844fbdafde87705131e273c94b3f8cc206dcb59bdbfea2259a774	excluded	type (none) not kept
rc24	ws-churn-t5/.hardkas/kaspad/.rusty-kaspa/kaspa-simnet/datadir/consensus/consensus-001/LOCK	0	e3b0c44298fc1c149afbf4c8996fb92427ae41e4649b934ca495991b7852b855	excluded	type (none) not kept
rc24	ws-churn-t5/.hardkas/kaspad/.rusty-kaspa/kaspa-simnet/datadir/consensus/consensus-001/LOG	89584	b72b0c4f4b707d7df59ed9b6c5260e71ffb7aeec08ea28f4ed1f028b4fb54f81	excluded	type (none) not kept
rc24	ws-churn-t5/.hardkas/kaspad/.rusty-kaspa/kaspa-simnet/datadir/consensus/consensus-001/MANIFEST-000005	2712	f0b564f24fb3231c76c4bea2a9baf4879e0f37053c2436ae6ddb4f4fa8a4f6d3	excluded	type (none) not kept
rc24	ws-churn-t5/.hardkas/kaspad/.rusty-kaspa/kaspa-simnet/datadir/consensus/consensus-001/OPTIONS-000007	7868	cd4f923352b13a7a897f512c933a8b5587cb623f92fd6136d14f27a8e989fdb3	excluded	type (none) not kept
rc24	ws-churn-t5/.hardkas/kaspad/.rusty-kaspa/kaspa-simnet/datadir/meta/000004.log	195	ef2f6f7a75e1820b4feeef6f0229bf9def6242ad027af34e0d81aa809cbf1adc	excluded	type .log not kept
rc24	ws-churn-t5/.hardkas/kaspad/.rusty-kaspa/kaspa-simnet/datadir/meta/CURRENT	16	9c283f6e81028b9eb0760d918ee4bc0aa256ed3b926393c1734c760c4bd724fd	excluded	type (none) not kept
rc24	ws-churn-t5/.hardkas/kaspad/.rusty-kaspa/kaspa-simnet/datadir/meta/IDENTITY	36	4fd664ed97bb401ac270b0589269e31fce6d4513f72c6d2c4973b5c76456c47c	excluded	type (none) not kept
rc24	ws-churn-t5/.hardkas/kaspad/.rusty-kaspa/kaspa-simnet/datadir/meta/LOCK	0	e3b0c44298fc1c149afbf4c8996fb92427ae41e4649b934ca495991b7852b855	excluded	type (none) not kept
rc24	ws-churn-t5/.hardkas/kaspad/.rusty-kaspa/kaspa-simnet/datadir/meta/LOG	35660	81217cb81b848adbb30e92b1c6ad1521cc2c9db466b7cab689d8832656de3977	excluded	type (none) not kept
rc24	ws-churn-t5/.hardkas/kaspad/.rusty-kaspa/kaspa-simnet/datadir/meta/MANIFEST-000005	116	abd05e61202732567d935c29f89f9dad6bcfe7875c63e64e268fd6deb8f5d190	excluded	type (none) not kept
rc24	ws-churn-t5/.hardkas/kaspad/.rusty-kaspa/kaspa-simnet/datadir/meta/OPTIONS-000007	7864	966a9b8ff44a8b411603a8b9f9991b3aad47f323839de97f8cf55465929be222	excluded	type (none) not kept
rc24	ws-churn-t5/.hardkas/kaspad/.rusty-kaspa/kaspa-simnet/datadir/utxoindex/000004.log	15392766	3feb04bc5fca644d78f9de3335d091d377f092d3e5b055dac6982f1a52ac0fe9	excluded	type .log not kept
rc24	ws-churn-t5/.hardkas/kaspad/.rusty-kaspa/kaspa-simnet/datadir/utxoindex/000008.log	1235457	041e209be9e913b82a57d7d32c28e29476020b1cd8d748e15bc854b8cc2f34ff	excluded	type .log not kept
rc24	ws-churn-t5/.hardkas/kaspad/.rusty-kaspa/kaspa-simnet/datadir/utxoindex/CURRENT	16	9c283f6e81028b9eb0760d918ee4bc0aa256ed3b926393c1734c760c4bd724fd	excluded	type (none) not kept
rc24	ws-churn-t5/.hardkas/kaspad/.rusty-kaspa/kaspa-simnet/datadir/utxoindex/IDENTITY	36	d1c260753082d31f65bfeee602e955db6004d245710cd8b64fccfc8043c44080	excluded	type (none) not kept
rc24	ws-churn-t5/.hardkas/kaspad/.rusty-kaspa/kaspa-simnet/datadir/utxoindex/LOCK	0	e3b0c44298fc1c149afbf4c8996fb92427ae41e4649b934ca495991b7852b855	excluded	type (none) not kept
rc24	ws-churn-t5/.hardkas/kaspad/.rusty-kaspa/kaspa-simnet/datadir/utxoindex/LOG	35714	9820d92d559b40fb6ed9ac6c7ce6071122cb57e4f51e34021e8eb45a67285cb6	excluded	type (none) not kept
rc24	ws-churn-t5/.hardkas/kaspad/.rusty-kaspa/kaspa-simnet/datadir/utxoindex/MANIFEST-000005	116	a978caa9cfe48b559a73ac29f1f37525765d1e83ed3d958af16c1f73da44e19d	excluded	type (none) not kept
rc24	ws-churn-t5/.hardkas/kaspad/.rusty-kaspa/kaspa-simnet/datadir/utxoindex/OPTIONS-000007	7868	723f8b0909430ea6d48759f5d4760ad6a0e174551b13860c44f978295de611ec	excluded	type (none) not kept
rc24	ws-churn-t5/.hardkas/localnet.json	2349	460c11e008359d78e57c91981f28ea91d41f94d29e7044a747e22bcd5470ec85	excluded	type .json not kept
rc24	ws-churn-t5/hardkas.config.ts	893	06546bc174da99a19d5b4748078a0e11352d6c8d17a01d624eef107b4ca99ace	excluded	type .ts not kept
rc24	ws-churn-t5/package.json	316	cf1817349261556cae1b233f8cb6bd12f3e39503452dae949b29089699dfb87a	excluded	type .json not kept
rc24	ws-churn-t5/test/payment.test.ts	763	90927b16a4a25b7400b211497c08ae6826d9eb7eeee928e99ffd503443b1ee9e	excluded	type .ts not kept
rc24	ws-churn-t5/vitest.config.ts	141	c630736d7cded05a28e07de389f1dffc3f9ba0569838e58be62deff6e1e28d52	excluded	type .ts not kept
rc24	ws-churn1/.gitignore	35	1963e84a7dfb9c3de46cf08fa8afedbf2746e18e1be8e12f595953e0e40ff324	excluded	type (none) not kept
rc24	ws-churn1/.hardkas/accounts.real.json	713	60c05174d2c2ef100c3cb3cf0dec24a23262ac239a8ffdf566a25f9cb576152c	excluded	type .json not kept
rc24	ws-churn1/.hardkas/artifacts/misc/snapshot-bcba6f174c6d2caac0df005dc9cfa94cd29928ede8ec9c8c63cc09e3be9c9bcc.json	2614	ce3787f33d68f89211a5269f6b33aaab6afa4dead84700c64adc77293d578dd6	excluded	type .json not kept
rc24	ws-churn1/.hardkas/dev-accounts/alice.json	913	983927d58c007ab73a93dc0a320fe061571f2822ae70c973425e12ae63f5cdf4	excluded	type .json not kept
rc24	ws-churn1/.hardkas/dev-accounts/bob.json	911	52d74ed80fab0da19110cd804f6a28d8f9ed4fa0a1ab12ab5c2b48b919e4a55c	excluded	type .json not kept
rc24	ws-churn1/.hardkas/dev-accounts/carol.json	913	b7c93460028dbd890a823bfbc0726161fde10fd3f0aeb97f5b80081441560798	excluded	type .json not kept
rc24	ws-churn1/.hardkas/dev-accounts/dave.json	912	db7d0a706cb91eb899890b45f9fc4d47480f6664a569403c4beb74d59975faa3	excluded	type .json not kept
rc24	ws-churn1/.hardkas/dev-accounts/erin.json	912	74aff62c6b4031b168f8908fd8f9236bb77bf62da1565250509ca9c86773d620	excluded	type .json not kept
rc24	ws-churn1/.hardkas/kaspad/.rusty-kaspa/kaspa-simnet/datadir/consensus/consensus-001/000034.sst	8420290	c6c423cdca0ee59c39924ad08af1831ec54742c5ffbb2074e393ba2de1e06f75	excluded	type .sst not kept
rc24	ws-churn1/.hardkas/kaspad/.rusty-kaspa/kaspa-simnet/datadir/consensus/consensus-001/000035.sst	8413419	e1ef11e09fb04e0975fb3cf0754d9ac44ab66aab471db85adca644b3b9c39cd9	excluded	type .sst not kept
rc24	ws-churn1/.hardkas/kaspad/.rusty-kaspa/kaspa-simnet/datadir/consensus/consensus-001/000036.sst	8421134	a41fdefb2fb5354ff86aea18faf88a40f165f6ed6f67125d3afb685c8cd832fa	excluded	type .sst not kept
rc24	ws-churn1/.hardkas/kaspad/.rusty-kaspa/kaspa-simnet/datadir/consensus/consensus-001/000037.sst	8463129	419fd67ec493312cc6e9f9213ae7fde83417aa494ed6d090172d216a7f14bb74	excluded	type .sst not kept
rc24	ws-churn1/.hardkas/kaspad/.rusty-kaspa/kaspa-simnet/datadir/consensus/consensus-001/000038.sst	8462560	0c95944b0ec147e6ee153565b7c3d84749572130d883971b058bc3a4d2bebf5c	excluded	type .sst not kept
rc24	ws-churn1/.hardkas/kaspad/.rusty-kaspa/kaspa-simnet/datadir/consensus/consensus-001/000039.sst	8465316	829c714a5babe48ad900cd24bb79673012d1753db1c44a39b73d4a4a2e826e03	excluded	type .sst not kept
rc24	ws-churn1/.hardkas/kaspad/.rusty-kaspa/kaspa-simnet/datadir/consensus/consensus-001/000040.sst	3673912	715174e75a42b6eb3c6b9d27dc44098501ade1986beac279121b5cc61236d228	excluded	type .sst not kept
rc24	ws-churn1/.hardkas/kaspad/.rusty-kaspa/kaspa-simnet/datadir/consensus/consensus-001/000043.sst	645076	5a6576c5912acf1fba512b1ee106262ee7d7ed30abf094e0e4ee1b129eff9a71	excluded	type .sst not kept
rc24	ws-churn1/.hardkas/kaspad/.rusty-kaspa/kaspa-simnet/datadir/consensus/consensus-001/000048.log	41	dc60b9a78f6a2012afc9df06399b9a662dd30c4d774d759488511982ead93a36	excluded	type .log not kept
rc24	ws-churn1/.hardkas/kaspad/.rusty-kaspa/kaspa-simnet/datadir/consensus/consensus-001/CURRENT	16	d670e26d51e6a00c6cb9e013c00e32bbf8c4b7aa6a612be53f92eb9013459710	excluded	type (none) not kept
rc24	ws-churn1/.hardkas/kaspad/.rusty-kaspa/kaspa-simnet/datadir/consensus/consensus-001/IDENTITY	36	6ecc71303f89ac08bd8df2cefbef0c8a5b203e331f7139df214626d58542c607	excluded	type (none) not kept
rc24	ws-churn1/.hardkas/kaspad/.rusty-kaspa/kaspa-simnet/datadir/consensus/consensus-001/LOCK	0	e3b0c44298fc1c149afbf4c8996fb92427ae41e4649b934ca495991b7852b855	excluded	type (none) not kept
rc24	ws-churn1/.hardkas/kaspad/.rusty-kaspa/kaspa-simnet/datadir/consensus/consensus-001/LOG	37429	09fcbf304bc9e4a7a99f207440dfb385c977621c38e0c38d757e50cb4d6aec9d	excluded	type (none) not kept
rc24	ws-churn1/.hardkas/kaspad/.rusty-kaspa/kaspa-simnet/datadir/consensus/consensus-001/LOG.old.1790586660700050	106689	b3922f3db1bd22dae1dacd7e4bdfc5b245236f8195add3fdc38c78cd5f86fccf	excluded	type .1790586660700050 not kept
rc24	ws-churn1/.hardkas/kaspad/.rusty-kaspa/kaspa-simnet/datadir/consensus/consensus-001/LOG.old.1790586660846432	35355	e23566fd1920109238b40cee4988097cc8e54cf93a6406c8ed4c1a36ee91443e	excluded	type .1790586660846432 not kept
rc24	ws-churn1/.hardkas/kaspad/.rusty-kaspa/kaspa-simnet/datadir/consensus/consensus-001/MANIFEST-000049	1262	c6b53af25f66845359a5a5b1829b2601b0a92c02d10076e4ec174fe9d5f48411	excluded	type (none) not kept
rc24	ws-churn1/.hardkas/kaspad/.rusty-kaspa/kaspa-simnet/datadir/consensus/consensus-001/OPTIONS-000047	7864	966a9b8ff44a8b411603a8b9f9991b3aad47f323839de97f8cf55465929be222	excluded	type (none) not kept
rc24	ws-churn1/.hardkas/kaspad/.rusty-kaspa/kaspa-simnet/datadir/consensus/consensus-001/OPTIONS-000051	7868	cd4f923352b13a7a897f512c933a8b5587cb623f92fd6136d14f27a8e989fdb3	excluded	type (none) not kept
rc24	ws-churn1/.hardkas/kaspad/.rusty-kaspa/kaspa-simnet/datadir/meta/000008.sst	1211	e7bbf39a52ff8fffb28b413d1aa97ad0d22757bae5f5e7f1932cd00e6f0d51f7	excluded	type .sst not kept
rc24	ws-churn1/.hardkas/kaspad/.rusty-kaspa/kaspa-simnet/datadir/meta/000009.log	0	e3b0c44298fc1c149afbf4c8996fb92427ae41e4649b934ca495991b7852b855	excluded	type .log not kept
rc24	ws-churn1/.hardkas/kaspad/.rusty-kaspa/kaspa-simnet/datadir/meta/CURRENT	16	e91d13722e31f9b06c5df3582cad1ea5b73547ce3dc08b12ed461f095aad48ee	excluded	type (none) not kept
rc24	ws-churn1/.hardkas/kaspad/.rusty-kaspa/kaspa-simnet/datadir/meta/IDENTITY	36	4aedf72814c85a37860672aa87b4810eac458c02b42e6abee808ff56e8defffb	excluded	type (none) not kept
rc24	ws-churn1/.hardkas/kaspad/.rusty-kaspa/kaspa-simnet/datadir/meta/LOCK	0	e3b0c44298fc1c149afbf4c8996fb92427ae41e4649b934ca495991b7852b855	excluded	type (none) not kept
rc24	ws-churn1/.hardkas/kaspad/.rusty-kaspa/kaspa-simnet/datadir/meta/LOG	38807	ad90a152f854f9f8423afe24264e3588a7056597759e36d0afe799173d136edb	excluded	type (none) not kept
rc24	ws-churn1/.hardkas/kaspad/.rusty-kaspa/kaspa-simnet/datadir/meta/LOG.old.1790586660582727	35660	b927f5b8e88ec8c54eb5637146cf642f8faade798a3748a81986202a205db6e8	excluded	type .1790586660582727 not kept
rc24	ws-churn1/.hardkas/kaspad/.rusty-kaspa/kaspa-simnet/datadir/meta/MANIFEST-000010	230	6c13fead7af876b3d5300bcb12d989cf41d71e16e361195647257dc9aefe4bbd	excluded	type (none) not kept
rc24	ws-churn1/.hardkas/kaspad/.rusty-kaspa/kaspa-simnet/datadir/meta/OPTIONS-000007	7864	966a9b8ff44a8b411603a8b9f9991b3aad47f323839de97f8cf55465929be222	excluded	type (none) not kept
rc24	ws-churn1/.hardkas/kaspad/.rusty-kaspa/kaspa-simnet/datadir/meta/OPTIONS-000012	7864	966a9b8ff44a8b411603a8b9f9991b3aad47f323839de97f8cf55465929be222	excluded	type (none) not kept
rc24	ws-churn1/.hardkas/kaspad/.rusty-kaspa/kaspa-simnet/datadir/utxoindex/000008.sst	161696	0423337268b9a0d6330d2b43440d45a361f8bef0529c1ea34a5c8265287bd547	excluded	type .sst not kept
rc24	ws-churn1/.hardkas/kaspad/.rusty-kaspa/kaspa-simnet/datadir/utxoindex/000009.log	441195	e25faf9b63b05f30c07cc03fefe3c4d1524b7a879d777aebadb2c43b4b8ec0b4	excluded	type .log not kept
rc24	ws-churn1/.hardkas/kaspad/.rusty-kaspa/kaspa-simnet/datadir/utxoindex/CURRENT	16	e91d13722e31f9b06c5df3582cad1ea5b73547ce3dc08b12ed461f095aad48ee	excluded	type (none) not kept
rc24	ws-churn1/.hardkas/kaspad/.rusty-kaspa/kaspa-simnet/datadir/utxoindex/IDENTITY	36	a4d8c8de56ba8ed90d7c3792f479327f44ec2c6db70a5876648414d882d7aaf5	excluded	type (none) not kept
rc24	ws-churn1/.hardkas/kaspad/.rusty-kaspa/kaspa-simnet/datadir/utxoindex/LOCK	0	e3b0c44298fc1c149afbf4c8996fb92427ae41e4649b934ca495991b7852b855	excluded	type (none) not kept
rc24	ws-churn1/.hardkas/kaspad/.rusty-kaspa/kaspa-simnet/datadir/utxoindex/LOG	38947	07f3c958855282ac66185ac04fb12421b3228da8fa6c426d3ed82d3969abed39	excluded	type (none) not kept
rc24	ws-churn1/.hardkas/kaspad/.rusty-kaspa/kaspa-simnet/datadir/utxoindex/LOG.old.1790586660931375	35705	a9f8a345d03c21d4ad68422b6cc09e4e288bbb15b6a7417d17701ba6d0272ca2	excluded	type .1790586660931375 not kept
rc24	ws-churn1/.hardkas/kaspad/.rusty-kaspa/kaspa-simnet/datadir/utxoindex/MANIFEST-000010	229	a8af561f4ec86007667a03b56510dce910fc5d6de671b3d202c9d03635b05d76	excluded	type (none) not kept
rc24	ws-churn1/.hardkas/kaspad/.rusty-kaspa/kaspa-simnet/datadir/utxoindex/OPTIONS-000007	7868	723f8b0909430ea6d48759f5d4760ad6a0e174551b13860c44f978295de611ec	excluded	type (none) not kept
rc24	ws-churn1/.hardkas/kaspad/.rusty-kaspa/kaspa-simnet/datadir/utxoindex/OPTIONS-000012	7868	723f8b0909430ea6d48759f5d4760ad6a0e174551b13860c44f978295de611ec	excluded	type (none) not kept
rc24	ws-churn1/.hardkas/localnet.json	2349	65623f6dd9974cffdd5a208246778ac1641871d9273566c15a8bf474ae1b00cf	excluded	type .json not kept
rc24	ws-churn1/hardkas.config.ts	893	06546bc174da99a19d5b4748078a0e11352d6c8d17a01d624eef107b4ca99ace	excluded	type .ts not kept
rc24	ws-churn1/package.json	316	cf1817349261556cae1b233f8cb6bd12f3e39503452dae949b29089699dfb87a	excluded	type .json not kept
rc24	ws-churn1/test/payment.test.ts	763	90927b16a4a25b7400b211497c08ae6826d9eb7eeee928e99ffd503443b1ee9e	excluded	type .ts not kept
rc24	ws-churn1/vitest.config.ts	141	c630736d7cded05a28e07de389f1dffc3f9ba0569838e58be62deff6e1e28d52	excluded	type .ts not kept
rc24	ws-churn2/.gitignore	35	1963e84a7dfb9c3de46cf08fa8afedbf2746e18e1be8e12f595953e0e40ff324	excluded	type (none) not kept
rc24	ws-churn2/.hardkas/accounts.real.json	713	e1639db8831d053c52861aef9f03167c6e9777e8993f2a12fa841120d73c5c0b	excluded	type .json not kept
rc24	ws-churn2/.hardkas/artifacts/misc/snapshot-bcba6f174c6d2caac0df005dc9cfa94cd29928ede8ec9c8c63cc09e3be9c9bcc.json	2614	6118004af1e83338a113b8874a9e5cef6c28c2e27a4785377c95514a6c125749	excluded	type .json not kept
rc24	ws-churn2/.hardkas/dev-accounts/alice.json	913	d0565e37240fd2f37283abdffa0b737729e715b06b4f87a2c4867a2ef37ca97e	excluded	type .json not kept
rc24	ws-churn2/.hardkas/dev-accounts/bob.json	911	ec619aacd63fdddd1240100b836f13af6a67667af96bf8ffe9906fe57cf6cc3c	excluded	type .json not kept
rc24	ws-churn2/.hardkas/dev-accounts/carol.json	913	b446621e16619976e4aaedb2c921048917cc306fac1d46dd916f1e4a373bb3aa	excluded	type .json not kept
rc24	ws-churn2/.hardkas/dev-accounts/dave.json	912	9c479ddfd9c09d055a81e9a78a1e606de136f242696d350c2a4c91a70e25b0d0	excluded	type .json not kept
rc24	ws-churn2/.hardkas/dev-accounts/erin.json	912	1cf6dcc2a4fb5ac5e0b6ec6265c968ce695070d9e0534d13638e030d77c0dc80	excluded	type .json not kept
rc24	ws-churn2/.hardkas/kaspad/.rusty-kaspa/kaspa-simnet/datadir/consensus/consensus-001/000024.sst	8418451	49d205a5cb8ab6c18582bf1c7496e59bafd51c0dd202e2da88c2a198922db984	excluded	type .sst not kept
rc24	ws-churn2/.hardkas/kaspad/.rusty-kaspa/kaspa-simnet/datadir/consensus/consensus-001/000025.sst	8423889	9079dc8885315a0afe663d1e03b73e6a0a48fda541d3986467428d9dfef548dc	excluded	type .sst not kept
rc24	ws-churn2/.hardkas/kaspad/.rusty-kaspa/kaspa-simnet/datadir/consensus/consensus-001/000027.sst	8420755	459e3c245096763a3430a3d6980ed141bd8ed35a727f5c924eba07d6984c2b33	excluded	type .sst not kept
rc24	ws-churn2/.hardkas/kaspad/.rusty-kaspa/kaspa-simnet/datadir/consensus/consensus-001/000028.sst	8478968	0d2baf44b19bc78386ce1bb463df884d3beddc64b0ed3e5646151f704ba76518	excluded	type .sst not kept
rc24	ws-churn2/.hardkas/kaspad/.rusty-kaspa/kaspa-simnet/datadir/consensus/consensus-001/000029.log	794455	d7efce576098fa2a95f3a265db728811b64477ca03ef025183f6b40beccf4af7	excluded	type .log not kept
rc24	ws-churn2/.hardkas/kaspad/.rusty-kaspa/kaspa-simnet/datadir/consensus/consensus-001/000030.sst	16633151	30c5abad5c94bcc9823ef69dff5f1a8182c4d369257649c5202d6bd1f6f1f086	excluded	type .sst not kept
rc24	ws-churn2/.hardkas/kaspad/.rusty-kaspa/kaspa-simnet/datadir/consensus/consensus-001/000031.sst	8456923	4e0c9233914f2f394df26c1da56a4917cb113467604b722ef128ccc60d4cd337	excluded	type .sst not kept
rc24	ws-churn2/.hardkas/kaspad/.rusty-kaspa/kaspa-simnet/datadir/consensus/consensus-001/000032.sst	8479351	181e49f978f0676668a98d5ca768c9d47acca30ff3ac3181fd516c3204622361	excluded	type .sst not kept
rc24	ws-churn2/.hardkas/kaspad/.rusty-kaspa/kaspa-simnet/datadir/consensus/consensus-001/000033.sst	7870513	512dbebb41deccb6fc7545e685c6fc57a5e01dc164b9adc65dc9f4506af46034	excluded	type .sst not kept
rc24	ws-churn2/.hardkas/kaspad/.rusty-kaspa/kaspa-simnet/datadir/consensus/consensus-001/CURRENT	16	9c283f6e81028b9eb0760d918ee4bc0aa256ed3b926393c1734c760c4bd724fd	excluded	type (none) not kept
rc24	ws-churn2/.hardkas/kaspad/.rusty-kaspa/kaspa-simnet/datadir/consensus/consensus-001/IDENTITY	36	88917ec26c9ab76ccac44721196dde8bbebdbbf6ad621a43aeacea6a9de476ff	excluded	type (none) not kept
rc24	ws-churn2/.hardkas/kaspad/.rusty-kaspa/kaspa-simnet/datadir/consensus/consensus-001/LOCK	0	e3b0c44298fc1c149afbf4c8996fb92427ae41e4649b934ca495991b7852b855	excluded	type (none) not kept
rc24	ws-churn2/.hardkas/kaspad/.rusty-kaspa/kaspa-simnet/datadir/consensus/consensus-001/LOG	89640	86ab5db1f1dc080ea93b207e25ed3d65e556986fae1625dd8e98be4188bed947	excluded	type (none) not kept
rc24	ws-churn2/.hardkas/kaspad/.rusty-kaspa/kaspa-simnet/datadir/consensus/consensus-001/MANIFEST-000005	2645	bb32bdc1693305ac3d960764d93f28aa01c6916f75a0e68a52f6c33696d80faf	excluded	type (none) not kept
rc24	ws-churn2/.hardkas/kaspad/.rusty-kaspa/kaspa-simnet/datadir/consensus/consensus-001/OPTIONS-000007	7868	cd4f923352b13a7a897f512c933a8b5587cb623f92fd6136d14f27a8e989fdb3	excluded	type (none) not kept
rc24	ws-churn2/.hardkas/kaspad/.rusty-kaspa/kaspa-simnet/datadir/meta/000004.log	195	8cb55418814c6464cf0ea59d00e0439a9e1af8e0647d6ad7ca75e446478e940b	excluded	type .log not kept
rc24	ws-churn2/.hardkas/kaspad/.rusty-kaspa/kaspa-simnet/datadir/meta/CURRENT	16	9c283f6e81028b9eb0760d918ee4bc0aa256ed3b926393c1734c760c4bd724fd	excluded	type (none) not kept
rc24	ws-churn2/.hardkas/kaspad/.rusty-kaspa/kaspa-simnet/datadir/meta/IDENTITY	36	6fa8d3c3923bc10b16d3218eb6c3d3afe7ea01351766f160f356e7f250acd748	excluded	type (none) not kept
rc24	ws-churn2/.hardkas/kaspad/.rusty-kaspa/kaspa-simnet/datadir/meta/LOCK	0	e3b0c44298fc1c149afbf4c8996fb92427ae41e4649b934ca495991b7852b855	excluded	type (none) not kept
rc24	ws-churn2/.hardkas/kaspad/.rusty-kaspa/kaspa-simnet/datadir/meta/LOG	35860	be03c72c013e6c777c070c620589f6ae7f3954e744d6a01da7e0377a6e72ede6	excluded	type (none) not kept
rc24	ws-churn2/.hardkas/kaspad/.rusty-kaspa/kaspa-simnet/datadir/meta/MANIFEST-000005	116	d28207b844f0b79ee67fcc03242d42382c4aba9f5a9f706bcbddb22db4e6111c	excluded	type (none) not kept
rc24	ws-churn2/.hardkas/kaspad/.rusty-kaspa/kaspa-simnet/datadir/meta/OPTIONS-000007	7864	966a9b8ff44a8b411603a8b9f9991b3aad47f323839de97f8cf55465929be222	excluded	type (none) not kept
rc24	ws-churn2/.hardkas/kaspad/.rusty-kaspa/kaspa-simnet/datadir/utxoindex/000004.log	14786508	adcf6d2826916eeaabe7b718791942ef376e1bca0ff1dfaa026ed608e5a2bc55	excluded	type .log not kept
rc24	ws-churn2/.hardkas/kaspad/.rusty-kaspa/kaspa-simnet/datadir/utxoindex/CURRENT	16	9c283f6e81028b9eb0760d918ee4bc0aa256ed3b926393c1734c760c4bd724fd	excluded	type (none) not kept
rc24	ws-churn2/.hardkas/kaspad/.rusty-kaspa/kaspa-simnet/datadir/utxoindex/IDENTITY	36	70b33dda5a431e6c1916326f9683242a00c4d87ba1ddb74c577c36d066e2a1f1	excluded	type (none) not kept
rc24	ws-churn2/.hardkas/kaspad/.rusty-kaspa/kaspa-simnet/datadir/utxoindex/LOCK	0	e3b0c44298fc1c149afbf4c8996fb92427ae41e4649b934ca495991b7852b855	excluded	type (none) not kept
rc24	ws-churn2/.hardkas/kaspad/.rusty-kaspa/kaspa-simnet/datadir/utxoindex/LOG	35914	ae59ff2da14a0218d518a1e5c34a8addf9b6b4caa7b0d4e4b3b0ab608a8f31e1	excluded	type (none) not kept
rc24	ws-churn2/.hardkas/kaspad/.rusty-kaspa/kaspa-simnet/datadir/utxoindex/MANIFEST-000005	116	f2f7b36c4bc23235bb5862c9f9c837c51e067f52f48ceaa432f52b9e902b1326	excluded	type (none) not kept
rc24	ws-churn2/.hardkas/kaspad/.rusty-kaspa/kaspa-simnet/datadir/utxoindex/OPTIONS-000007	7868	723f8b0909430ea6d48759f5d4760ad6a0e174551b13860c44f978295de611ec	excluded	type (none) not kept
rc24	ws-churn2/.hardkas/localnet.json	2349	a93e81d364378acbc3517b306722980d43ecc3be5f7df25ad673fa7aca3e7fd0	excluded	type .json not kept
rc24	ws-churn2/hardkas.config.ts	893	06546bc174da99a19d5b4748078a0e11352d6c8d17a01d624eef107b4ca99ace	excluded	type .ts not kept
rc24	ws-churn2/package.json	316	cf1817349261556cae1b233f8cb6bd12f3e39503452dae949b29089699dfb87a	excluded	type .json not kept
rc24	ws-churn2/test/payment.test.ts	763	90927b16a4a25b7400b211497c08ae6826d9eb7eeee928e99ffd503443b1ee9e	excluded	type .ts not kept
rc24	ws-churn2/vitest.config.ts	141	c630736d7cded05a28e07de389f1dffc3f9ba0569838e58be62deff6e1e28d52	excluded	type .ts not kept
rc24	ws-e02-after/.gitignore	35	1963e84a7dfb9c3de46cf08fa8afedbf2746e18e1be8e12f595953e0e40ff324	excluded	type (none) not kept
rc24	ws-e02-after/.hardkas/accounts.real.json	1062	433c866605e91afadd0261f6d3d549c217ddf14950454845a18ed5fda83cbec0	excluded	type .json not kept
rc24	ws-e02-after/.hardkas/artifacts/2026-09-28T09-01-51-717Z-plan-b25161ef79a0f0ed.plan.json	3184	851e058d8052f89743119f74ca2c2b265d0334fd2cee62b391deeedcc2b47827	excluded	type .json not kept
rc24	ws-e02-after/.hardkas/artifacts/2026-09-28T09-02-07-242Z-plan-ea42a5e9c13f2ef4.plan.json	3184	a82bc2159d49ea2894051fb772eb14af6b154257cb530a129d1eac4db57304be	excluded	type .json not kept
rc24	ws-e02-after/.hardkas/artifacts/2026-09-28T09-02-13-850Z-plan-7b066e598b1cb29c.plan.json	3185	6290bbe422841f39f0a48e2f4cc77336418cae85c49188b9d4ec61de36c4b7be	excluded	type .json not kept
rc24	ws-e02-after/.hardkas/artifacts/misc/snapshot-bcba6f174c6d2caac0df005dc9cfa94cd29928ede8ec9c8c63cc09e3be9c9bcc.json	2614	4701d87fad66317af9cec8806d89ade31ae0c2c283daa52caa32f076b4792f1c	excluded	type .json not kept
rc24	ws-e02-after/.hardkas/artifacts/observations/txObservation-0488f148a1e831075623a395b2a25358d7e7ff69fb6d6aa867a096e8bbc91f7b.json	1774	2d1414ae7885dd9d46c3fc370d20ffdf3302eafc8bb9f0c2af61f8e67270b80f	excluded	type .json not kept
rc24	ws-e02-after/.hardkas/artifacts/observations/txObservation-0801b6afd6f22f38133a0d9786fc3c59ad67abd1fbf46bec6cc312c57001340d.json	1774	50f3c03a6f9c652dc3297e3c1246e1875b10a85be03e5012ca8a5fa3e9f52ef3	excluded	type .json not kept
rc24	ws-e02-after/.hardkas/artifacts/observations/txObservation-0bf0936b6211acc7b6962caff2f5d73966b757aa0be3af090be51ba9570360a9.json	1774	02d24608ef0f02c0da979d8b6236139a22d1e887457075e85bc0a89ba81c9dc7	excluded	type .json not kept
rc24	ws-e02-after/.hardkas/artifacts/observations/txObservation-107c01c957ca4f8468cd15568833ac0895d8bfe6302bd578ceba7f5ee346ebce.json	1774	c3ea7e689644a9a8de40cae31fc8698efe8c4bc576a48e94d7049c429ae217a3	excluded	type .json not kept
rc24	ws-e02-after/.hardkas/artifacts/observations/txObservation-12fbf9cda62b057c2246be1834a060c84230c7a1969bddb2640fc5c5ccf9a686.json	1774	646a04a91b528b74edf3a3b1b788e297aa0b3acda7e28414f2c37ff575091eb3	excluded	type .json not kept
rc24	ws-e02-after/.hardkas/artifacts/observations/txObservation-13e761591c7fcbd702113988e21678326132b84a1577873d29016ddc85863ada.json	1774	d08a480ad0e827b05d8f7fe1539ac1eb9d3409d25e2c8e8bb3ccca8701731801	excluded	type .json not kept
rc24	ws-e02-after/.hardkas/artifacts/observations/txObservation-14a4afb7d94a7c033a0a4fdff5764f1fdb63943f862eee4e39e551da1e017bdb.json	1774	305ca96072d6703142381fa93ff8243748fe7c38803f36ceffcf5a5a1a29c3b4	excluded	type .json not kept
rc24	ws-e02-after/.hardkas/artifacts/observations/txObservation-185d3afda8cc7ed3c44850cab08aa15b9060e6af5c1cc2384fd6ab63b906199d.json	1774	eed3e7b154de821ec578bc82d25f71493526c048834d0e8f3169c452c2b8ac76	excluded	type .json not kept
rc24	ws-e02-after/.hardkas/artifacts/observations/txObservation-18ee0fb16e0065a3d600c37a76155ea538304e1c7fc5d0379a7c9c5dcf0315e1.json	1774	f8f7e9e988a35454175cb8e1fb893c163a6a43e882a7221d145b98a95567164a	excluded	type .json not kept
rc24	ws-e02-after/.hardkas/artifacts/observations/txObservation-1e3a4c236e12d98faa632d54e9785a6dccff1a4f12d02600f65d701fcd13e8fc.json	1774	f8c8631c8b64d87821e03172ebd7e4e1fc12b9144dba8cd314e58b6c0cc542e7	excluded	type .json not kept
rc24	ws-e02-after/.hardkas/artifacts/observations/txObservation-210b5728b2571f9b06d3d10e82628cf18f0459b74e6d1b1c4a143159f9cf0cd5.json	1774	de2e1dbd7b649f39a18186dd770608aea8ae2a1d893b24d7ffa885a948f456c6	excluded	type .json not kept
rc24	ws-e02-after/.hardkas/artifacts/observations/txObservation-260dd35a1dc27f383c110e2e1ce5a8ff06fe42dc32e23c3f1e8dbe7d61778a65.json	1774	704cf88ef2464933965cf8e7a34d83790e3bb773666a809ad9159f944c799731	excluded	type .json not kept
rc24	ws-e02-after/.hardkas/artifacts/observations/txObservation-2868dec84d9e199f7d17d6b6f2152d833bc1fe73f845db26c829ac21bb570647.json	1774	9c1d2d814209b9fe3ebe6ecbe7c91416a30f4976ad86744477351ed12889b4d9	excluded	type .json not kept
rc24	ws-e02-after/.hardkas/artifacts/observations/txObservation-2957b2e71eaea6687eeae7e3b8455dacc1dcbbbf327a65259a805a537885cd9c.json	1774	bc2349fd4c71122c8470a56437916ce0faf2b68e37ac89177d95ad6cf4a62339	excluded	type .json not kept
rc24	ws-e02-after/.hardkas/artifacts/observations/txObservation-2b56714a04be1dc0d0ea28f539a21a5edea893d4340cf7cb57272bb938e6f219.json	1774	e8cebb91fed77972d797f83cefcbceea018f9e4e9478ad06e8c97c268ad56e8f	excluded	type .json not kept
rc24	ws-e02-after/.hardkas/artifacts/observations/txObservation-2e58285297e5d6e514188f31b0d864bde32929bec0ebd84f1a6a4728839ee3a8.json	1774	44c6ba21c87af9f65427e5419b94c5d0df762ef8b90a6f6ea3b4235d6811284d	excluded	type .json not kept
rc24	ws-e02-after/.hardkas/artifacts/observations/txObservation-32dda3bb673baf551cac80dcea1782726e0bd30bc81efb9d138deb99f20648ba.json	1774	00e02c6b7b892b3b34948c8f42677ffd2b01bf3f24b5ced50f4ed3f8bd5f8744	excluded	type .json not kept
rc24	ws-e02-after/.hardkas/artifacts/observations/txObservation-38399fdef8c7971c568de2a13d36fb6caa1393ee4d438607b7f7fec62971a4c6.json	1774	d0d823b91d49faa73bf0d7003cbdd1e4e14ab7120cd687993ce7ac2eda28c3de	excluded	type .json not kept
rc24	ws-e02-after/.hardkas/artifacts/observations/txObservation-3a4fa785eeb6e4349ff952f3dfd850c67e1988b5086e4ee5137bca70622e9283.json	1774	0883880094037e82cff694ea3c83236503e5d18893e798ebf0496d4b7fa6912d	excluded	type .json not kept
rc24	ws-e02-after/.hardkas/artifacts/observations/txObservation-3b9845a6f7845beb70cb0716d485f4a4d23aa0a2174792b3d8538e0369c16da6.json	1774	dc3b7436728181a0dfcaff98ab27fd4382a445ae716369b67c7a6abe43d6c7b0	excluded	type .json not kept
rc24	ws-e02-after/.hardkas/artifacts/observations/txObservation-437993272f8c54b99ccfaf44cd20fc3bca36b5f7d3ec4e0a0d3b15f1dd998211.json	1774	a3f4931de2d2163f55ab72b7324f068c223a9421c9d0fba9eb27f22ee861a023	excluded	type .json not kept
rc24	ws-e02-after/.hardkas/artifacts/observations/txObservation-448b744ead5b455982df798b6e899270b5a4378d3762c9f34728b9941bedfb3d.json	1774	49cc7779dd0fdaabdb8fcdf30ce88b0c4e982475d14e98627bf433f69b084f18	excluded	type .json not kept
rc24	ws-e02-after/.hardkas/artifacts/observations/txObservation-4558ff8a7dbbbeb09f546a53d04a7215ca81068600e5ae51a5b043d182b10012.json	1774	23781e125b87dcb66f771c724f75dddd9084807ca60fb0a66dd33c1a725386df	excluded	type .json not kept
rc24	ws-e02-after/.hardkas/artifacts/observations/txObservation-46ae2c52195c693f16cb16d1bf7bd89ba3cc6541e4784e5021127e3a692181ce.json	1774	5c4fa113a1b073ca9ab07d213594a7b13927a569b386aad5f815470d7157f874	excluded	type .json not kept
rc24	ws-e02-after/.hardkas/artifacts/observations/txObservation-489538b7449e908c7c6d4d9aea087d99a4073157e03fa2ee31d4c34eb8ca5c39.json	1774	039531672f867e15c0f53e1e5fe6de189b52b51b196282f12f162cf6dff19d56	excluded	type .json not kept
rc24	ws-e02-after/.hardkas/artifacts/observations/txObservation-4ac80034021ecd31c488baf1831002455717c719be47109d9dddedec72f8e698.json	1774	b06604023033f2160c97689f17ad8a3406f016f8d2b5d5f260aa0186066e51b3	excluded	type .json not kept
rc24	ws-e02-after/.hardkas/artifacts/observations/txObservation-5ad6bca3f52e9fb17bc77830762019279a8ef07e7fb1377ab055290641728a4c.json	1774	4e0a092758059417e2a823b75845906bf96b22d602863ca3a3e0eed8195410e2	excluded	type .json not kept
rc24	ws-e02-after/.hardkas/artifacts/observations/txObservation-5c1416fb0b4dec21fed354afdd9d73876e5d9dd496244cd4af2c7eda455babf4.json	1774	f6f64377884020fb11d4773d4d7efb8fb582c88541d3f1cab6f6d14c8612d584	excluded	type .json not kept
rc24	ws-e02-after/.hardkas/artifacts/observations/txObservation-5eb874782d6868109bc37387ec1a3acc5bee8ebe0d9b726763e0ccf2072cd769.json	1774	b0921c22341f255b310d62baf777517d51af2281cf91fc012083478e38b85de2	excluded	type .json not kept
rc24	ws-e02-after/.hardkas/artifacts/observations/txObservation-61417a055033ae60c3654a7deafa5ddc2bb87cfc8b480509afa5d58bdca4c91f.json	1774	cb1217b10a81a953d2ce450746ca76c0db77d6c557397dfe19e71ca7eb244f5a	excluded	type .json not kept
rc24	ws-e02-after/.hardkas/artifacts/observations/txObservation-6249193b29ec5079e5e445caf7c9155f4149c5766f4d302c737e711163bd5358.json	1774	23a3366bc4e5e2ea9e1c6f121726df1c37b81cfaadd3c2db505e5ed24e827865	excluded	type .json not kept
rc24	ws-e02-after/.hardkas/artifacts/observations/txObservation-627bf674c685d0f59ca497bd3fce7e835923af446f36ee83e034a3d92e6f2437.json	1774	81ee19bfb406629e5d79c025df4bfca0be903de12136cc7707de12466a7ce8b2	excluded	type .json not kept
rc24	ws-e02-after/.hardkas/artifacts/observations/txObservation-6b0462b2eb3f50549234a1814fa5c69db7f07060c73e5ca63762a93f1b2a1751.json	1774	259791c96d22add68859359c2aab68b5ab00435afa2316543292c466648e54bf	excluded	type .json not kept
rc24	ws-e02-after/.hardkas/artifacts/observations/txObservation-6ea529e09d33e468d34db1c4c1e04c49950c6f1aaa74b8559adabe6b56b3a3cf.json	1774	0716ed2c235f31d2e6f6540abde0201767f53618a1f76cc327485b3aa2062576	excluded	type .json not kept
rc24	ws-e02-after/.hardkas/artifacts/observations/txObservation-720e2d334551c10d4f50bf5a9cebabfe0a0bc7c5c2955c4153d9043f7db76dfe.json	1774	810ef2f5b23572e22dfa2d0859fd44282a6c779874b1ff71dba950201370fc29	excluded	type .json not kept
rc24	ws-e02-after/.hardkas/artifacts/observations/txObservation-73ff98614a5955727b1fa3b99f712ab3c74223ad50f09e743466d4db70552081.json	1774	6a9ce74ab037f8bbab2d005ed3ef9b021ea27477128768ba0200b9d2bc53af3d	excluded	type .json not kept
rc24	ws-e02-after/.hardkas/artifacts/observations/txObservation-82c579d3109ed49761aa700451120a03222166469acd18c9a6c3992191e41f39.json	1774	15d2d6850140de6ed23fee49658b6761555e12a36ba9ee2e66c5dcb93b44f9ed	excluded	type .json not kept
rc24	ws-e02-after/.hardkas/artifacts/observations/txObservation-8433f626736d3570fc2700e47f4c0e11fe2eb028e9da6ad8cd19f3946988a53e.json	1774	b9999af855e161fbc77dac025bacae34aeda121362c595f12687daf59e06954f	excluded	type .json not kept
rc24	ws-e02-after/.hardkas/artifacts/observations/txObservation-87b4d14769db764930d4fc381fe300cefac29417dc6e6749ccb61f70437274f8.json	1774	1a9cc5a542ac8643cf7e8cdb1265fbe3aa7b44bb6578663bac74cae7d66214dc	excluded	type .json not kept
rc24	ws-e02-after/.hardkas/artifacts/observations/txObservation-8c09b5c64efded98243e870aadd4bae9a493d31d0153f9924b7ff808c545c009.json	1774	08f2c3b2f192f6e77887b5f7bb48b4ae8165cc1e526ef3a21c635f07835c4b5d	excluded	type .json not kept
rc24	ws-e02-after/.hardkas/artifacts/observations/txObservation-921940b6e7a9a7c4d00fb9343e2fd465961b05d7e90715f8a03b9eb6dfdf06f0.json	1774	669cb32336f43ba893f5cadbbc434158856151afbda896ef6f9854337c3ab6a9	excluded	type .json not kept
rc24	ws-e02-after/.hardkas/artifacts/observations/txObservation-92744ae42fd6dbd176be4865873d4b5371b31ffaaa3f0f5504284932775ced6b.json	1774	6eb762899165f5e541c94ce70cb4f194f453ef9cb3a359fe3270750719ab8d05	excluded	type .json not kept
rc24	ws-e02-after/.hardkas/artifacts/observations/txObservation-a4a6b9c4e43e27f7463277398dd794a4fd026e18247e5a10fe0e13767fb60533.json	1774	fb4edb4073ed9002350e2a8c4a8c5a8faadb92094570671e1f3de08092bbc7ac	excluded	type .json not kept
rc24	ws-e02-after/.hardkas/artifacts/observations/txObservation-a87b0ede3b1bd583ae229d84663b8805737e286a65be5b4727532d5391815b9a.json	1774	3869941cd7b61150b6cfb06a8c1f4c9e65646f4d9d7800577965a957d5d500e7	excluded	type .json not kept
rc24	ws-e02-after/.hardkas/artifacts/observations/txObservation-a888fa38164215832c719a04e3d99e5b7aad97adb040452471e3b0f693d67636.json	1774	7783ab0cb1d222e6f0d421ddc754b951db75165519eb7d12805c8a4b1fb178e7	excluded	type .json not kept
rc24	ws-e02-after/.hardkas/artifacts/observations/txObservation-b1afa61bf4576fd6fa14b6152efd3d4e1e311a4a703b5602e981feeb6ca082b2.json	1774	54d50be0f0305c06ba6c2a5f7b6f73fd19769cc3ed5af5cf8c1d9afb5d6fd7b2	excluded	type .json not kept
rc24	ws-e02-after/.hardkas/artifacts/observations/txObservation-b3490c20c6d3967b7b3525eb239dba01772fb20a845447b2e49c5ad3bf2e14da.json	1774	a8b893363cc217d8cd6418598901e5312b2189738dd8638ac2549e5d77d9d6eb	excluded	type .json not kept
rc24	ws-e02-after/.hardkas/artifacts/observations/txObservation-b41026fb90b7128f2f1ece321ee0d70f6230c199377e49c7e27bc37655b40c79.json	1774	a4f67abd917110ec73d372a674872a10f856a86d84658b0d0cd28929fc48e675	excluded	type .json not kept
rc24	ws-e02-after/.hardkas/artifacts/observations/txObservation-b816878e14d3807963205a8fe3bb28d2290e6961cc3049f5486f118c80569528.json	1774	83522e1f7c5a87c6642c89ac3bbce2715facd500167b33ac7609f733b0386569	excluded	type .json not kept
rc24	ws-e02-after/.hardkas/artifacts/observations/txObservation-baa9655804971e03e5fa35f5e3e6b6b8f561caace8d2fb8f3cb6427d8579c13a.json	1774	737d233375c0b7af2987644e6eaddae8761ff286f033d3f1b934908e820e34ef	excluded	type .json not kept
rc24	ws-e02-after/.hardkas/artifacts/observations/txObservation-bceb964e7cfd83e05c698f6272b299fce3469c8c5f20e178366292123e0ccddf.json	1774	baefb09b6f82653d4ea2d6531dac2deb10f89a6880e96c921574e11d04756dc6	excluded	type .json not kept
rc24	ws-e02-after/.hardkas/artifacts/observations/txObservation-be8107d815f3dbeb515a4afe641bab24021bcb6d305eb5e547fff0ef21c0995a.json	1774	282dca56a3fffa374b122072a5960c2a4ae750f37d2eb748f03e58df103cc72c	excluded	type .json not kept
rc24	ws-e02-after/.hardkas/artifacts/observations/txObservation-c1da61d1268570a050f2d9fb7871550dfd693ea478c2854373706d9a1314d306.json	1774	7e703a4a44fad64ae490c8accefeeb2321de9f5593ae757a4969e61c48ad0dcc	excluded	type .json not kept
rc24	ws-e02-after/.hardkas/artifacts/observations/txObservation-c2a0404ac332c625e839d850871396a40737ddf6acfde1ad571fbd14e39f5ce2.json	1774	2b22d2b21bf4604b033ff3707a10550c473f53b1924e6fb4339a9af89570db5b	excluded	type .json not kept
rc24	ws-e02-after/.hardkas/artifacts/observations/txObservation-c60886d503bfeabb61d2bdf8e9076636abed36d786b148694e5cd43542326175.json	1774	ef0483ea7ada9843c4a28d010b39f84de2f2041436dc911d06e648113dbab061	excluded	type .json not kept
rc24	ws-e02-after/.hardkas/artifacts/observations/txObservation-c75284bde3c69658e46283dfaf85c8b3fdfc4891da4385036b418711adb0e35a.json	1774	10a801237516e9053552620a3a5323860e247b8f07eca34c39b5dbe3e5eb0f35	excluded	type .json not kept
rc24	ws-e02-after/.hardkas/artifacts/observations/txObservation-c8cf828842c65c4fce02a0d8357e241996c462894212f4f12d4f4f61b63c0242.json	1774	078965c2a99142d6b627b2d6e1f59fcfb8fe97b29f6828e629b7eb1299b46865	excluded	type .json not kept
rc24	ws-e02-after/.hardkas/artifacts/observations/txObservation-cbbefa46c8fee8a131157c12578306867fb5b6e61f083396a834c03c2aa1b704.json	1774	670026d214246ee415ab301826dce562745116cc27edf69c0467b6bae6b978fc	excluded	type .json not kept
rc24	ws-e02-after/.hardkas/artifacts/observations/txObservation-cd19c158f46a735499806612c5f3347756cba4a1d5563bb520d35842fed7a160.json	1774	3a07c98f628b9ff85bc13d2078f84d88422c8bd773a609178bc278a23f7612f1	excluded	type .json not kept
rc24	ws-e02-after/.hardkas/artifacts/observations/txObservation-ce1966e3a17ac1f8e762c24b5eae34bc8b85086838b39667226fa4ef0b9fe9bb.json	1774	32109ca59f1411b391f24b27108b68fc32f02f9d6efb5802b7e07cdca6117946	excluded	type .json not kept
rc24	ws-e02-after/.hardkas/artifacts/observations/txObservation-d023a651152f92015f541e5f2385aa80a41026c66cde6589aa05aac42c0e184d.json	1774	f3e377f0077d02c138f829c13448fa26e7d33202b3d50845681ae326979df878	excluded	type .json not kept
rc24	ws-e02-after/.hardkas/artifacts/observations/txObservation-d303f08ecdd458c6e5cf4b115a244941300e9fc4d2ed504fe3d377ab349c5c79.json	1774	7ae79339554123ba94f2cdbb27acd9a4d5d060dd1582e9fedd12fa325702a722	excluded	type .json not kept
rc24	ws-e02-after/.hardkas/artifacts/observations/txObservation-d4d774728d876f65f2ee36445337f576ca10d3e684d50fde91246eca1d469ebc.json	1774	e91cf2796806388270a16efd2d539536c6c5a68276685afd72876a087cd1885e	excluded	type .json not kept
rc24	ws-e02-after/.hardkas/artifacts/observations/txObservation-d64908c5696c84bd6ab097e7f409044d7bb233a311ac406c106aaac10103c819.json	1774	cb4df75f16b23d0b4c660e8c0345342803d642bff7439c15929c6cab25fa20bd	excluded	type .json not kept
rc24	ws-e02-after/.hardkas/artifacts/observations/txObservation-d7e57cf6ca52d31daff05e8ed097fd68f32d10f1a554444fc0270d66619ea0a1.json	1774	818a1e162c20b51b4668b24a968a69a9a4f6ce5830c63bdf9820014b3fdec5fe	excluded	type .json not kept
rc24	ws-e02-after/.hardkas/artifacts/observations/txObservation-dbdf6cb3ea97848609ec944a87922652f58a726fccfe73e4561653cc35ca402c.json	1774	c581ef12cbd74ba558f0553420af7c91a33b17f15799010c19320f07ba2ba8e0	excluded	type .json not kept
rc24	ws-e02-after/.hardkas/artifacts/observations/txObservation-dde340f32b6bce091430494185129f7d581d2f24a94a9df17c9965c939227fa7.json	1774	f7586df6efe6bcba13c3920a6c28e2dcd25591e2fcf2399f56548fa6d6c1af7e	excluded	type .json not kept
rc24	ws-e02-after/.hardkas/artifacts/observations/txObservation-df644cd63f1e3d62dd49c03cffd1d045751c6f0ae68c0de064bda0099b716918.json	1774	e33e713fc377722a347581951283e2d2e4fcd14fa4a1a4bb8f50810f91139e92	excluded	type .json not kept
rc24	ws-e02-after/.hardkas/artifacts/observations/txObservation-e2e5c07715a5ce7a4694cba7d2cd1e66e8f3b56aa037ec5880a87e9028b73086.json	1774	55cbf8749c7ef9f61bbb42d0b9d1f96e7b7253b86f82562baab76261d9568615	excluded	type .json not kept
rc24	ws-e02-after/.hardkas/artifacts/observations/txObservation-e3423fee8c74894765b33fe3d440bd1dc6526feb39835a6e2d32424bfcd6b147.json	1774	9e222bb84f64e806d0649d6583c8f126a4f272eafc8b3548abac4a645ef6ded9	excluded	type .json not kept
rc24	ws-e02-after/.hardkas/artifacts/observations/txObservation-e3c5c037cf1924fb9ded6233b16d727745a3222e797ef92bd4e104af2ae85287.json	1774	95776e525ba704fcc87726c5071936c95da99c8a0815285bd1c904975dfc27e8	excluded	type .json not kept
rc24	ws-e02-after/.hardkas/artifacts/observations/txObservation-e513e9e05ce09fc6e4bd5d350d89a50c62b00f81ae84124b3a87523d1cda9e49.json	1774	d1ba209378e353d48ae9924b3e0a9c554279db86d1d5e89cce848aa3f57bdeba	excluded	type .json not kept
rc24	ws-e02-after/.hardkas/artifacts/observations/txObservation-e7883d70b07d9cd7ccb4f046bea7800ebce3a044063402457cde3ee105bfc354.json	1774	671ae969182f76ad92179b5f8d2111e3d3b4e2889602686287d474b463ec3915	excluded	type .json not kept
rc24	ws-e02-after/.hardkas/artifacts/observations/txObservation-eab56f50ca0f9244677268943e11230993535814346e60aee7ff3977b429cf48.json	1774	4ef1b57872fa2248a7c2634958e7e1097945abeef780dffe8e4ebc5e3c62c95b	excluded	type .json not kept
rc24	ws-e02-after/.hardkas/artifacts/observations/txObservation-ee4c759f01c2f77ea97b88ff81ef8a16f8c031e06d10f5a13771daad7f256865.json	1774	7ddb7443e5e4cd0e18e84651beb2a629f747d0e1c92192a2577b6b4b262a3964	excluded	type .json not kept
rc24	ws-e02-after/.hardkas/artifacts/observations/txObservation-f0288ba7038f73108f86fc27d24131a6b94d42738cf41d816753b662df2107b4.json	1774	b97fc8a42a5db8f83ce12b76d957f99ad72aa24e04c7e53e007245fae11104ee	excluded	type .json not kept
rc24	ws-e02-after/.hardkas/artifacts/observations/txObservation-f17733d268f674e570051038d642f4e093da10b4a2cbff83ba37278b6e75957c.json	1774	b0e611a5dfa5a838a26d446b350543d6331886588d513dd0e583d352d6a91d74	excluded	type .json not kept
rc24	ws-e02-after/.hardkas/artifacts/observations/txObservation-f25116d5fe03a17cf08355acdfde4ed12c3c842db6a86cb0fff5cbf1f31c44fe.json	1774	965f4822219ab13d5ef434d5f91b97c7750762092273a4b7b9cc586439249e37	excluded	type .json not kept
rc24	ws-e02-after/.hardkas/artifacts/observations/txObservation-fe4e37f44d60e15a02d5b961a667bfc536d549d22790243cea83480782b10cb0.json	1774	3873301a8a2300c235d336528c773a5de172d02812bda61dd04169603b764ac0	excluded	type .json not kept
rc24	ws-e02-after/.hardkas/artifacts/plans/txPlan-a936e15c05d3a4a42bf5d7b5bfa0b1efae4637f14fe08e3b1a90a4834f318ebf.json	3189	0178f91045a1754f63962732686c3fd6d8ec098856dacbf1ce2970d2a1684e8b	excluded	type .json not kept
rc24	ws-e02-after/.hardkas/artifacts/receipts/txSubmission-d0db90b057c99688642edcba3c06181d49e4e5974e58f302eca734da35e65878.json	1621	19f429f7f891f044348c7fd5d93dc67c855f0d23652e5e96b3bfc4b35db34496	excluded	type .json not kept
rc24	ws-e02-after/.hardkas/artifacts/receipts/txSubmission-e4d8a14c891dcbd102f6389b4aa9bb5f356707022acaf5baf32a6fb948513090.json	1546	0632cb3a98a298015c25e43a60b7631d4413780ec0a7ad1675a177e280cd1991	excluded	type .json not kept
rc24	ws-e02-after/.hardkas/artifacts/signed/signedTx-44d9880dfe5179f1b0258693318de04de4fb75b886d4aaa5d69bc2d1e8df9eae.json	2153	5b81dbfbe5cb07f54258be6a26eaf7955e6ee4b1b7829a5e94cc51a33f5025b1	excluded	type .json not kept
rc24	ws-e02-after/.hardkas/artifacts/signed/signedTx-d17e4f1e43f457f32eed623fcd6cf4ace362c03dd10705c97ed20486b5bb387d.json	2154	36d6240f0cf29f709c8a2dee887add49373b4163aaa23d3d7620b06c10c3d011	excluded	type .json not kept
rc24	ws-e02-after/.hardkas/dev-accounts/alice.json	913	1204ce24d3a5dda038f7e424d980e6ad709629eff92309adbd324a784f6ee3dc	excluded	type .json not kept
rc24	ws-e02-after/.hardkas/dev-accounts/bob.json	911	5261c1871e75dbc89f40ffe55d050ea69b708e56adfd56f37d128010dd40fec4	excluded	type .json not kept
rc24	ws-e02-after/.hardkas/dev-accounts/carol.json	913	f4b7ce2800f07bd09ff68fbcfd7ed2b92dab08d3cd44447f2f0804c28086bef8	excluded	type .json not kept
rc24	ws-e02-after/.hardkas/dev-accounts/dave.json	912	3224f1fa93ef9f7c8aa967af670336021797c26ba36f338c2ce58f1f11c2c89d	excluded	type .json not kept
rc24	ws-e02-after/.hardkas/dev-accounts/erin.json	912	0dcbd078bb2c589b87ee73a916042513860dac2e84eeb894f1697dd70466bf39	excluded	type .json not kept
rc24	ws-e02-after/.hardkas/kaspad/.rusty-kaspa/kaspa-simnet/datadir/consensus/consensus-001/000057.sst	8420283	36dcf2af433a36e836bfd918e050328075ddbebc20a1f67d9c110a6883e2ce91	excluded	type .sst not kept
rc24	ws-e02-after/.hardkas/kaspad/.rusty-kaspa/kaspa-simnet/datadir/consensus/consensus-001/000061.sst	8472904	66bb7db2ba75627361e009c5f7e37c56c603383a6407ac95a463308128fd73c5	excluded	type .sst not kept
rc24	ws-e02-after/.hardkas/kaspad/.rusty-kaspa/kaspa-simnet/datadir/consensus/consensus-001/000062.sst	8446637	4254c07b48acc1e6919ccc70059f50540a2de3f942ebd3b930a025159d9514f3	excluded	type .sst not kept
rc24	ws-e02-after/.hardkas/kaspad/.rusty-kaspa/kaspa-simnet/datadir/consensus/consensus-001/000072.sst	179081	ba79fefec8c0cd315c05cd5b276ba23d5d702772bcc9081313be938ca3993faa	excluded	type .sst not kept
rc24	ws-e02-after/.hardkas/kaspad/.rusty-kaspa/kaspa-simnet/datadir/consensus/consensus-001/000152.sst	8435497	7109af563dad8a29723859dbeda45b168432d8b2ce79df083f9384f99b6d6b1f	excluded	type .sst not kept
rc24	ws-e02-after/.hardkas/kaspad/.rusty-kaspa/kaspa-simnet/datadir/consensus/consensus-001/000155.sst	6787054	f8afc1b0dcae9b936644be3bfc2e42046b1fa3b670baffc78a6890008687cd96	excluded	type .sst not kept
rc24	ws-e02-after/.hardkas/kaspad/.rusty-kaspa/kaspa-simnet/datadir/consensus/consensus-001/000178.sst	8507549	b04f18ee5b286a3ba174f31d9053452a004d8d9333f0f37a5f9d73b989d1dc2d	excluded	type .sst not kept
rc24	ws-e02-after/.hardkas/kaspad/.rusty-kaspa/kaspa-simnet/datadir/consensus/consensus-001/000182.sst	1980841	d86d196e18df3b4a59c33b2f5c1d7a6e52139bd8afa567467d59592eb77a3eba	excluded	type .sst not kept
rc24	ws-e02-after/.hardkas/kaspad/.rusty-kaspa/kaspa-simnet/datadir/consensus/consensus-001/000254.sst	8502486	694ed9707aad8d810ca27c3c404f00a744a3c3a4c62314f9cef53c6e5e7574bc	excluded	type .sst not kept
rc24	ws-e02-after/.hardkas/kaspad/.rusty-kaspa/kaspa-simnet/datadir/consensus/consensus-001/000255.sst	8417915	477701416a31536ac86c330dcaf66082d524de097d2b1b8983c80ce60af049bb	excluded	type .sst not kept
rc24	ws-e02-after/.hardkas/kaspad/.rusty-kaspa/kaspa-simnet/datadir/consensus/consensus-001/000256.sst	5782766	f34f9a1347b6960cec22732baea946f6040ed0c266b8809ee0c40e1cf2fc38f7	excluded	type .sst not kept
rc24	ws-e02-after/.hardkas/kaspad/.rusty-kaspa/kaspa-simnet/datadir/consensus/consensus-001/000257.sst	8420074	8104816703fe3bc782c09c56b00d1193c1ef8063e85947dcdeb9ddbec79bde12	excluded	type .sst not kept
rc24	ws-e02-after/.hardkas/kaspad/.rusty-kaspa/kaspa-simnet/datadir/consensus/consensus-001/000259.sst	7961023	2da0911f58e31ed54c77eff0034be665e0d807aff50e192a3fa3ef26f03c9be8	excluded	type .sst not kept
rc24	ws-e02-after/.hardkas/kaspad/.rusty-kaspa/kaspa-simnet/datadir/consensus/consensus-001/000260.sst	8419404	b9f6509b63a824ce76fd3e4cbf8d9d590652234afa2f816dd8dd2abde4f2cc48	excluded	type .sst not kept
rc24	ws-e02-after/.hardkas/kaspad/.rusty-kaspa/kaspa-simnet/datadir/consensus/consensus-001/000261.sst	8403978	c71e036889e63694b8f821ed97af5cfea7fd5fcb563ad885a2de91c8aaf886e8	excluded	type .sst not kept
rc24	ws-e02-after/.hardkas/kaspad/.rusty-kaspa/kaspa-simnet/datadir/consensus/consensus-001/000262.sst	2326097	3c20d995f465eb80cad09a46bac3f6153cd8df6e53a64d1747cf2bc858a133a6	excluded	type .sst not kept
rc24	ws-e02-after/.hardkas/kaspad/.rusty-kaspa/kaspa-simnet/datadir/consensus/consensus-001/000284.sst	5716318	55bcda13484df3a073638a8d4bc20f4bb4cf0da399135ec2c95b4947824cd8d6	excluded	type .sst not kept
rc24	ws-e02-after/.hardkas/kaspad/.rusty-kaspa/kaspa-simnet/datadir/consensus/consensus-001/000286.sst	16832155	1d84c1237de58d8efc5365772fb76d12e7f2ef6c9943bbb1b4ac2e2e32915a08	excluded	type .sst not kept
rc24	ws-e02-after/.hardkas/kaspad/.rusty-kaspa/kaspa-simnet/datadir/consensus/consensus-001/000287.sst	5491965	e5864599b9b68703a99b3dc529deda198af87caeaae845736dd8d09465cde420	excluded	type .sst not kept
rc24	ws-e02-after/.hardkas/kaspad/.rusty-kaspa/kaspa-simnet/datadir/consensus/consensus-001/000289.sst	8665259	564fd52505a783a09071dbf6227fa2d82c73d6426b795b06203c90cb6fe7ff6a	excluded	type .sst not kept
rc24	ws-e02-after/.hardkas/kaspad/.rusty-kaspa/kaspa-simnet/datadir/consensus/consensus-001/000290.sst	8170072	84fa6f56e5d074d0456add600ca90abb8c8bdb455a36993acb495ecdd954774f	excluded	type .sst not kept
rc24	ws-e02-after/.hardkas/kaspad/.rusty-kaspa/kaspa-simnet/datadir/consensus/consensus-001/000291.sst	16931444	ccfb96221148c08041dc3b0c5528e131c83b0d18a4826fbbfb1bbe57c56316f2	excluded	type .sst not kept
rc24	ws-e02-after/.hardkas/kaspad/.rusty-kaspa/kaspa-simnet/datadir/consensus/consensus-001/000293.sst	16891413	3b342cac7d1855e190bb131e9e8b1ed6a4700bf6d2999e620613e6d4d9ae53c0	excluded	type .sst not kept
rc24	ws-e02-after/.hardkas/kaspad/.rusty-kaspa/kaspa-simnet/datadir/consensus/consensus-001/000295.sst	9703574	aea0c49a852c1db3c2e07166f72f28dc9c813fe6184d0bb6cfb1a194b94806bb	excluded	type .sst not kept
rc24	ws-e02-after/.hardkas/kaspad/.rusty-kaspa/kaspa-simnet/datadir/consensus/consensus-001/000296.sst	6236209	230f6cde19a825536b4c4f83b10d057d92db346efded411e110d841601146e3f	excluded	type .sst not kept
rc24	ws-e02-after/.hardkas/kaspad/.rusty-kaspa/kaspa-simnet/datadir/consensus/consensus-001/000298.sst	6628375	06f2d57dd8e34b8578c6461be6eb3d7da9784fabc1507c5ccb8603a17ab46851	excluded	type .sst not kept
rc24	ws-e02-after/.hardkas/kaspad/.rusty-kaspa/kaspa-simnet/datadir/consensus/consensus-001/000300.sst	5528229	b8400edb49ceb6b24ebc936e08f6af3eadf41a4354a4fdaa67fd3beb6d4524c1	excluded	type .sst not kept
rc24	ws-e02-after/.hardkas/kaspad/.rusty-kaspa/kaspa-simnet/datadir/consensus/consensus-001/000301.sst	5729279	a7f1d5b46adef41469dadea4a965146b4f5eb539b38cdfb89109713957bb7674	excluded	type .sst not kept
rc24	ws-e02-after/.hardkas/kaspad/.rusty-kaspa/kaspa-simnet/datadir/consensus/consensus-001/000302.sst	6074039	65f36b35f08125921280c692304dd64ce61eb8423ba3dc5455e7f41fd02ba8b7	excluded	type .sst not kept
rc24	ws-e02-after/.hardkas/kaspad/.rusty-kaspa/kaspa-simnet/datadir/consensus/consensus-001/000303.sst	9260534	4cab92e83b19b73bb290723e351370bfad61b7f5ceb91002163b5c8e9f9de12e	excluded	type .sst not kept
rc24	ws-e02-after/.hardkas/kaspad/.rusty-kaspa/kaspa-simnet/datadir/consensus/consensus-001/000305.sst	7962375	e6872ca39fc0a444e96ea00ae1997e9fee38b291f3bb47e30fde9661e88285fa	excluded	type .sst not kept
rc24	ws-e02-after/.hardkas/kaspad/.rusty-kaspa/kaspa-simnet/datadir/consensus/consensus-001/000306.sst	329903	fdc9130463d2ef591f24303f922b3d17dec40470684457134714e08c3f555bb9	excluded	type .sst not kept
rc24	ws-e02-after/.hardkas/kaspad/.rusty-kaspa/kaspa-simnet/datadir/consensus/consensus-001/000307.sst	8077788	968dbcc2a51a857cda8035f4a0e0ee605593f04cd8fcce901c236a79acb606f5	excluded	type .sst not kept
rc24	ws-e02-after/.hardkas/kaspad/.rusty-kaspa/kaspa-simnet/datadir/consensus/consensus-001/000309.sst	8242383	7a0d91631843c8190b8886b02577755957749a8bad440e7fa827fa796d8349b6	excluded	type .sst not kept
rc24	ws-e02-after/.hardkas/kaspad/.rusty-kaspa/kaspa-simnet/datadir/consensus/consensus-001/000310.sst	16836553	b17c7cfb065ef1747fd43869f76054252ca508252733665a8922cbfd292d51ad	excluded	type .sst not kept
rc24	ws-e02-after/.hardkas/kaspad/.rusty-kaspa/kaspa-simnet/datadir/consensus/consensus-001/000312.sst	9012783	501e36b3f5c51bb32c6b91551a3169682b7e09b10a767c810593dffb9e402013	excluded	type .sst not kept
rc24	ws-e02-after/.hardkas/kaspad/.rusty-kaspa/kaspa-simnet/datadir/consensus/consensus-001/000313.sst	8099500	d908ab9a4f33f12ef669c2a174df6ba8515ff2e93137ccda6ba13a61263ed21d	excluded	type .sst not kept
rc24	ws-e02-after/.hardkas/kaspad/.rusty-kaspa/kaspa-simnet/datadir/consensus/consensus-001/000314.sst	16898977	e55223417756d4b153eef0aae58f7b318991ff65395930a2b86a6ea97b357dc2	excluded	type .sst not kept
rc24	ws-e02-after/.hardkas/kaspad/.rusty-kaspa/kaspa-simnet/datadir/consensus/consensus-001/000316.sst	7402439	0b4a9a15f50a92d471b652cf3fbac819623ef3ecb14268b06e4bffabb6004ed4	excluded	type .sst not kept
rc24	ws-e02-after/.hardkas/kaspad/.rusty-kaspa/kaspa-simnet/datadir/consensus/consensus-001/000318.sst	9676556	991c965e691790febcf7d56f34bbc8fb486dae798502dc43026526e06b096046	excluded	type .sst not kept
rc24	ws-e02-after/.hardkas/kaspad/.rusty-kaspa/kaspa-simnet/datadir/consensus/consensus-001/000319.log	2265823	9613c83bf1aa310f38577c1c93ff7ecb2ab62294cb55c905e8eba073f2e287d9	excluded	type .log not kept
rc24	ws-e02-after/.hardkas/kaspad/.rusty-kaspa/kaspa-simnet/datadir/consensus/consensus-001/000320.sst	6168901	ffd9195ff44033bedac53517229552bb88aa069335eca0e85e1a497ea30d0b47	excluded	type .sst not kept
rc24	ws-e02-after/.hardkas/kaspad/.rusty-kaspa/kaspa-simnet/datadir/consensus/consensus-001/000321.sst	16862080	4a45c2cafc3fbc5e862371e2cea8bf3229476480689c40ddfeaf40f17f562de8	excluded	type .sst not kept
rc24	ws-e02-after/.hardkas/kaspad/.rusty-kaspa/kaspa-simnet/datadir/consensus/consensus-001/000322.sst	0	e3b0c44298fc1c149afbf4c8996fb92427ae41e4649b934ca495991b7852b855	excluded	type .sst not kept
rc24	ws-e02-after/.hardkas/kaspad/.rusty-kaspa/kaspa-simnet/datadir/consensus/consensus-001/CURRENT	16	9c283f6e81028b9eb0760d918ee4bc0aa256ed3b926393c1734c760c4bd724fd	excluded	type (none) not kept
rc24	ws-e02-after/.hardkas/kaspad/.rusty-kaspa/kaspa-simnet/datadir/consensus/consensus-001/IDENTITY	36	b677d7833ce330b307a3a07642833c50a1d78f9c3d4ffc4e4f743e2c5135ba1e	excluded	type (none) not kept
rc24	ws-e02-after/.hardkas/kaspad/.rusty-kaspa/kaspa-simnet/datadir/consensus/consensus-001/LOCK	0	e3b0c44298fc1c149afbf4c8996fb92427ae41e4649b934ca495991b7852b855	excluded	type (none) not kept
rc24	ws-e02-after/.hardkas/kaspad/.rusty-kaspa/kaspa-simnet/datadir/consensus/consensus-001/LOG	752948	5d644827d18a4e40d0ee79b3520431cebc3ac2049a307c7632ae7032a48a6e50	excluded	type (none) not kept
rc24	ws-e02-after/.hardkas/kaspad/.rusty-kaspa/kaspa-simnet/datadir/consensus/consensus-001/MANIFEST-000005	33815	3b9cb11330c769b3828a8b2c127eb76b46f671fecc9c0cab7a0c7d3ac9900a7e	excluded	type (none) not kept
rc24	ws-e02-after/.hardkas/kaspad/.rusty-kaspa/kaspa-simnet/datadir/consensus/consensus-001/OPTIONS-000007	7868	cd4f923352b13a7a897f512c933a8b5587cb623f92fd6136d14f27a8e989fdb3	excluded	type (none) not kept
rc24	ws-e02-after/.hardkas/kaspad/.rusty-kaspa/kaspa-simnet/datadir/meta/000004.log	195	945809eb6c2cb4b92fa1b86534982415af320f9b6324b6258fee184931c042df	excluded	type .log not kept
rc24	ws-e02-after/.hardkas/kaspad/.rusty-kaspa/kaspa-simnet/datadir/meta/CURRENT	16	9c283f6e81028b9eb0760d918ee4bc0aa256ed3b926393c1734c760c4bd724fd	excluded	type (none) not kept
rc24	ws-e02-after/.hardkas/kaspad/.rusty-kaspa/kaspa-simnet/datadir/meta/IDENTITY	36	501dcf027db6c7b6ed25214ec9f4319464859ef35a6e0734b6fb8fe8f02e5152	excluded	type (none) not kept
rc24	ws-e02-after/.hardkas/kaspad/.rusty-kaspa/kaspa-simnet/datadir/meta/LOCK	0	e3b0c44298fc1c149afbf4c8996fb92427ae41e4649b934ca495991b7852b855	excluded	type (none) not kept
rc24	ws-e02-after/.hardkas/kaspad/.rusty-kaspa/kaspa-simnet/datadir/meta/LOG	35659	f33cf72e5df38efc82dc3252b8606b2019ca62db9ae2d7b6a11b084cc0ce652a	excluded	type (none) not kept
rc24	ws-e02-after/.hardkas/kaspad/.rusty-kaspa/kaspa-simnet/datadir/meta/MANIFEST-000005	116	723237f6fa3f00f189ea4a12e928623de6eeb0ae4abe02db878e244efb68675b	excluded	type (none) not kept
rc24	ws-e02-after/.hardkas/kaspad/.rusty-kaspa/kaspa-simnet/datadir/meta/OPTIONS-000007	7864	966a9b8ff44a8b411603a8b9f9991b3aad47f323839de97f8cf55465929be222	excluded	type (none) not kept
rc24	ws-e02-after/.hardkas/kaspad/.rusty-kaspa/kaspa-simnet/datadir/utxoindex/000009.log	7482802	f068dbe0202373129dc9979104b5e7e415c8806492b058ef6d015d9106d0a6eb	excluded	type .log not kept
rc24	ws-e02-after/.hardkas/kaspad/.rusty-kaspa/kaspa-simnet/datadir/utxoindex/000010.sst	275645	5e6edc7dcbd0e21e1bbea8c233f2287250e69813b843d888f16c11fc8fb61dbb	excluded	type .sst not kept
rc24	ws-e02-after/.hardkas/kaspad/.rusty-kaspa/kaspa-simnet/datadir/utxoindex/CURRENT	16	9c283f6e81028b9eb0760d918ee4bc0aa256ed3b926393c1734c760c4bd724fd	excluded	type (none) not kept
rc24	ws-e02-after/.hardkas/kaspad/.rusty-kaspa/kaspa-simnet/datadir/utxoindex/IDENTITY	36	5e26f73f72fbaa1939a8274fb1d70671bef00983b2419599aafda2164922f6d6	excluded	type (none) not kept
rc24	ws-e02-after/.hardkas/kaspad/.rusty-kaspa/kaspa-simnet/datadir/utxoindex/LOCK	0	e3b0c44298fc1c149afbf4c8996fb92427ae41e4649b934ca495991b7852b855	excluded	type (none) not kept
rc24	ws-e02-after/.hardkas/kaspad/.rusty-kaspa/kaspa-simnet/datadir/utxoindex/LOG	40787	d43319cccd5bac35fa23cdcbdcc199a73ba1ec56400aeddf5c1396175669197d	excluded	type (none) not kept
rc24	ws-e02-after/.hardkas/kaspad/.rusty-kaspa/kaspa-simnet/datadir/utxoindex/MANIFEST-000005	220	2928bc4bd86ab3e7d2a17105153f0c1aa7d98e2c17411e4802b1b7ffcb92631c	excluded	type (none) not kept
rc24	ws-e02-after/.hardkas/kaspad/.rusty-kaspa/kaspa-simnet/datadir/utxoindex/OPTIONS-000007	7868	723f8b0909430ea6d48759f5d4760ad6a0e174551b13860c44f978295de611ec	excluded	type (none) not kept
rc24	ws-e02-after/.hardkas/localnet.json	2349	52d10ce71fa3f8d83dfb26d1610d57d2f91042ca7f58c7333966ac51d3f5d47a	excluded	type .json not kept
rc24	ws-e02-after/events.jsonl	78874	604372af4c526696154825f0e6df77700f32f86f61547ec0debb007f3f193481	excluded	type .jsonl not kept
rc24	ws-e02-after/hardkas.config.ts	893	06546bc174da99a19d5b4748078a0e11352d6c8d17a01d624eef107b4ca99ace	excluded	type .ts not kept
rc24	ws-e02-after/package.json	316	cf1817349261556cae1b233f8cb6bd12f3e39503452dae949b29089699dfb87a	excluded	type .json not kept
rc24	ws-e02-after/plan1.json	3184	851e058d8052f89743119f74ca2c2b265d0334fd2cee62b391deeedcc2b47827	excluded	type .json not kept
rc24	ws-e02-after/plan2.json	3184	a82bc2159d49ea2894051fb772eb14af6b154257cb530a129d1eac4db57304be	excluded	type .json not kept
rc24	ws-e02-after/plan3.json	3185	6290bbe422841f39f0a48e2f4cc77336418cae85c49188b9d4ec61de36c4b7be	excluded	type .json not kept
rc24	ws-e02-after/signed1.json	2153	32e693ba95883fda6778e3361f97a90dc05232d113c3a01d8e461eab1430e28e	excluded	type .json not kept
rc24	ws-e02-after/test/payment.test.ts	763	90927b16a4a25b7400b211497c08ae6826d9eb7eeee928e99ffd503443b1ee9e	excluded	type .ts not kept
rc24	ws-e02-after/vitest.config.ts	141	c630736d7cded05a28e07de389f1dffc3f9ba0569838e58be62deff6e1e28d52	excluded	type .ts not kept
rc24	ws-e02-after2/.gitignore	35	1963e84a7dfb9c3de46cf08fa8afedbf2746e18e1be8e12f595953e0e40ff324	excluded	type (none) not kept
rc24	ws-e02-after2/.hardkas/accounts.real.json	1062	2f7a2d519fb720470e4aa160be89f0bc1dff65740f5e34f5350cc86543e169b1	excluded	type .json not kept
rc24	ws-e02-after2/.hardkas/artifacts/2026-09-28T09-18-56-686Z-plan-d485b7f7e0ad9fc8.plan.json	3185	f22e6d1adddd44b4854c255be9c762e682efe48d00bfe1020a430fa304e5a4e3	excluded	type .json not kept
rc24	ws-e02-after2/.hardkas/artifacts/2026-09-28T09-19-01-291Z-plan-cc5e75a77163ac12.plan.json	3185	0e05a79c1d6e25b678ea0a7377099f37bc6daa54e2866011e3ddcafb4208442b	excluded	type .json not kept
rc24	ws-e02-after2/.hardkas/artifacts/2026-09-28T09-19-06-064Z-plan-50f9ba221e358caa.plan.json	3185	f22f817352396bdf6e7c9c235d46a06efe6a85108a4fadca86fda2bd8b4a450f	excluded	type .json not kept
rc24	ws-e02-after2/.hardkas/artifacts/misc/snapshot-bcba6f174c6d2caac0df005dc9cfa94cd29928ede8ec9c8c63cc09e3be9c9bcc.json	2614	1ebaef171ed17a685a8cd4e608e74054124d6400dfbc5828a67590d35a7a7272	excluded	type .json not kept
rc24	ws-e02-after2/.hardkas/artifacts/observations/txObservation-7f9c7ceb5765e4ee0edc4a383df03ae1db1ef338a7a33b619156e2ebf812474f.json	3280	2ca0bc30a9796b3655cb3b41c31d912e1a2578e14b72bfb84bb181f26489bd46	excluded	type .json not kept
rc24	ws-e02-after2/.hardkas/artifacts/observations/txObservation-ba44ced454a62683704680e5a6f8f96523c44c01ec1ea1a334248d24943bdae2.json	2638	d4b4c3453f993734639b35867c6e59179e68de65c0e58677a41f4a4c9e9b6e00	excluded	type .json not kept
rc24	ws-e02-after2/.hardkas/artifacts/plans/txPlan-ad8b6adf244156402ce489ca8ef4b759ad12e6a9d1f8f6d777516716199ec945.json	3184	7df1d90fd7851e74edfd2d2f7300e3c60f26c4a60fe871dec6ba66b59b58f50b	excluded	type .json not kept
rc24	ws-e02-after2/.hardkas/artifacts/receipts/txSubmission-79dedf0bba21e842de9819419bd43cd2a83167f29f14dcab738d685f517fd62a.json	1546	55630b6788a4f8d51934e0cf5a826d6d76e157ee6c153c6f6243df855c941162	excluded	type .json not kept
rc24	ws-e02-after2/.hardkas/artifacts/receipts/txSubmission-8b40055611c8ce88461b845e63bf8368de41ebf15c3ad00b89c3751e4b41f555.json	1546	8b4ffdb50eb693e70cbb2490bd1a5cb9d47832fc0fcc8295a6a4bedb0bb746fb	excluded	type .json not kept
rc24	ws-e02-after2/.hardkas/artifacts/signed/signedTx-17a8f5bad2662ffb27b40bca62f20a55f8ba24df67a476e77eadc3e4a52827f3.json	2155	340f67098711db0e776ef6639be4c75fd0bb083e260408e2a74c4291ad5ea9c9	excluded	type .json not kept
rc24	ws-e02-after2/.hardkas/artifacts/signed/signedTx-d5eac3da2cd5e91ad33b7fd991d10fa2f66209963a0924c6edffd127f852cdb7.json	2152	e918ca4d6da9b96d3cfc70d5d74207ea35c145d0e19a9e786975b8ecbd393b6e	excluded	type .json not kept
rc24	ws-e02-after2/.hardkas/dev-accounts/alice.json	913	7cb0d8fccd933d2a82bbc0696f216c5755334d23c1ddb5a7b2e547adeb497cb2	excluded	type .json not kept
rc24	ws-e02-after2/.hardkas/dev-accounts/bob.json	911	06cc0431e1282aae2d99209eada81255362cac78c0290719cfc21a0e26e3c974	excluded	type .json not kept
rc24	ws-e02-after2/.hardkas/dev-accounts/carol.json	913	8c90f03f464d43a624e8b95d3a0cc07669b76597a26610abc08799bccbe8f9e0	excluded	type .json not kept
rc24	ws-e02-after2/.hardkas/dev-accounts/dave.json	912	e37dbcea735140538049470eac7c2a5c4e1102ad702d01514cc6fa97deb0a24f	excluded	type .json not kept
rc24	ws-e02-after2/.hardkas/dev-accounts/erin.json	912	85e4536f481dbea6612e89eaa8c0f441034388185d71524e53ac5b488f90479b	excluded	type .json not kept
rc24	ws-e02-after2/.hardkas/kaspad/.rusty-kaspa/kaspa-simnet/datadir/consensus/consensus-001/000037.sst	8416594	512bb690206834f8e1a8b3f5d66be00da14367562d1e33308ab0cdf0d53847c6	excluded	type .sst not kept
rc24	ws-e02-after2/.hardkas/kaspad/.rusty-kaspa/kaspa-simnet/datadir/consensus/consensus-001/000038.sst	8422612	dbc83bb0268f934b62472890c2656dec21fc23abc2bae9f2620033f1deacf197	excluded	type .sst not kept
rc24	ws-e02-after2/.hardkas/kaspad/.rusty-kaspa/kaspa-simnet/datadir/consensus/consensus-001/000039.sst	8420866	a4c222c5a8047faf1214e10f7020363bf2d7ee33d9a4102a52f87f95c6029c9c	excluded	type .sst not kept
rc24	ws-e02-after2/.hardkas/kaspad/.rusty-kaspa/kaspa-simnet/datadir/consensus/consensus-001/000040.sst	8419111	63772a9fb7a00c074cbdbe6ce7ef156c99fdf5fd14b493a27a54d4023f4de63c	excluded	type .sst not kept
rc24	ws-e02-after2/.hardkas/kaspad/.rusty-kaspa/kaspa-simnet/datadir/consensus/consensus-001/000042.sst	8451479	b217e593830337709c6719f1b48b00501d69e23199ec11db323c0007bedc1597	excluded	type .sst not kept
rc24	ws-e02-after2/.hardkas/kaspad/.rusty-kaspa/kaspa-simnet/datadir/consensus/consensus-001/000043.sst	8471692	f15cc93c2cf505acf2166b57499aa91f20d35a3c3b2011ffc65c0923b5c16f6e	excluded	type .sst not kept
rc24	ws-e02-after2/.hardkas/kaspad/.rusty-kaspa/kaspa-simnet/datadir/consensus/consensus-001/000044.sst	8451334	758a5e3c3744901f3eb6aa5bbf00a743ad831891e30e40c8aba671cc77e84248	excluded	type .sst not kept
rc24	ws-e02-after2/.hardkas/kaspad/.rusty-kaspa/kaspa-simnet/datadir/consensus/consensus-001/000047.sst	8471957	6f4febef9b78bcd4bda3f9fa08d55065dfb0a9655ea53f7f4f77bba943962a51	excluded	type .sst not kept
rc24	ws-e02-after2/.hardkas/kaspad/.rusty-kaspa/kaspa-simnet/datadir/consensus/consensus-001/000048.sst	8486265	2db8649ca7ee38760e776f303e6304f05a810ec50f43d1e4524229a16560d350	excluded	type .sst not kept
rc24	ws-e02-after2/.hardkas/kaspad/.rusty-kaspa/kaspa-simnet/datadir/consensus/consensus-001/000050.sst	8428987	173c9a96ee36ffc776a4ceaf8b835e5868a5db60950ee104be316cd8a182e951	excluded	type .sst not kept
rc24	ws-e02-after2/.hardkas/kaspad/.rusty-kaspa/kaspa-simnet/datadir/consensus/consensus-001/000051.sst	1054234	acb0986a6028b8587e6b360292607712ebf44327618f633b8fc9575ad6e6f353	excluded	type .sst not kept
rc24	ws-e02-after2/.hardkas/kaspad/.rusty-kaspa/kaspa-simnet/datadir/consensus/consensus-001/000062.log	41	c59e3bcd05fa3233b1f8a2955eaed4c45592e6b037e04d3e3950041ca75c7c33	excluded	type .log not kept
rc24	ws-e02-after2/.hardkas/kaspad/.rusty-kaspa/kaspa-simnet/datadir/consensus/consensus-001/000066.sst	8422900	916bb9f88b0f2855c43b5d8414071953a4bc49e6b6fb95c8b3b99683f3136999	excluded	type .sst not kept
rc24	ws-e02-after2/.hardkas/kaspad/.rusty-kaspa/kaspa-simnet/datadir/consensus/consensus-001/000067.sst	6166150	1c58864164a853f2d09e6a9e5b7a182aafc8be081212f8f7ac6397b473902123	excluded	type .sst not kept
rc24	ws-e02-after2/.hardkas/kaspad/.rusty-kaspa/kaspa-simnet/datadir/consensus/consensus-001/000068.sst	6076500	b1ff2889bc9b630a5aa3bd5205511da6d13bb3e2cbd1e5bc5fd6abbb27b0d168	excluded	type .sst not kept
rc24	ws-e02-after2/.hardkas/kaspad/.rusty-kaspa/kaspa-simnet/datadir/consensus/consensus-001/000069.sst	6100961	b1c484c3d8a06558dedef7ef35dc8be88876991a735bf83446efd4a846c45c4d	excluded	type .sst not kept
rc24	ws-e02-after2/.hardkas/kaspad/.rusty-kaspa/kaspa-simnet/datadir/consensus/consensus-001/000070.sst	3437388	615fe4562e1a7b41bc4c5d232b4ed207a3c494a8e72335eeb616c57b34070a17	excluded	type .sst not kept
rc24	ws-e02-after2/.hardkas/kaspad/.rusty-kaspa/kaspa-simnet/datadir/consensus/consensus-001/CURRENT	16	34f3d6ad1802f9896042a45a577715c4abbb5c3591a5d61fe33f2dd631c22ab6	excluded	type (none) not kept
rc24	ws-e02-after2/.hardkas/kaspad/.rusty-kaspa/kaspa-simnet/datadir/consensus/consensus-001/IDENTITY	36	231725f7f138e68585a050db5b78dc6b03520d88a0c0638181c43fd057339d5c	excluded	type (none) not kept
rc24	ws-e02-after2/.hardkas/kaspad/.rusty-kaspa/kaspa-simnet/datadir/consensus/consensus-001/LOCK	0	e3b0c44298fc1c149afbf4c8996fb92427ae41e4649b934ca495991b7852b855	excluded	type (none) not kept
rc24	ws-e02-after2/.hardkas/kaspad/.rusty-kaspa/kaspa-simnet/datadir/consensus/consensus-001/LOG	50205	9bd461ff56de053198a15f8d17c700c5e06e2eaeb30933c9ac32cc8c993f7f76	excluded	type (none) not kept
rc24	ws-e02-after2/.hardkas/kaspad/.rusty-kaspa/kaspa-simnet/datadir/consensus/consensus-001/LOG.old.1790587214818441	135805	274fd104d742011735f2796826aa4e3811fcbf014840043afd62ac34a9af57dd	excluded	type .1790587214818441 not kept
rc24	ws-e02-after2/.hardkas/kaspad/.rusty-kaspa/kaspa-simnet/datadir/consensus/consensus-001/LOG.old.1790587214992014	40246	7860f7ab31d2221f1e1d40db98a3d15f7b3accb71bd7e17b7320c769a1292388	excluded	type .1790587214992014 not kept
rc24	ws-e02-after2/.hardkas/kaspad/.rusty-kaspa/kaspa-simnet/datadir/consensus/consensus-001/MANIFEST-000063	3250	c0ae8290d377c67bff9832455fbc0a23678bb64548530e43296e022e3f609c7f	excluded	type (none) not kept
rc24	ws-e02-after2/.hardkas/kaspad/.rusty-kaspa/kaspa-simnet/datadir/consensus/consensus-001/OPTIONS-000061	7864	966a9b8ff44a8b411603a8b9f9991b3aad47f323839de97f8cf55465929be222	excluded	type (none) not kept
rc24	ws-e02-after2/.hardkas/kaspad/.rusty-kaspa/kaspa-simnet/datadir/consensus/consensus-001/OPTIONS-000065	7868	cd4f923352b13a7a897f512c933a8b5587cb623f92fd6136d14f27a8e989fdb3	excluded	type (none) not kept
rc24	ws-e02-after2/.hardkas/kaspad/.rusty-kaspa/kaspa-simnet/datadir/meta/000008.sst	1211	cb36a6fa5039a5c0bc9f94a9f348b86c05cde5234b54838ee9017b5863da84a4	excluded	type .sst not kept
rc24	ws-e02-after2/.hardkas/kaspad/.rusty-kaspa/kaspa-simnet/datadir/meta/000009.log	0	e3b0c44298fc1c149afbf4c8996fb92427ae41e4649b934ca495991b7852b855	excluded	type .log not kept
rc24	ws-e02-after2/.hardkas/kaspad/.rusty-kaspa/kaspa-simnet/datadir/meta/CURRENT	16	e91d13722e31f9b06c5df3582cad1ea5b73547ce3dc08b12ed461f095aad48ee	excluded	type (none) not kept
rc24	ws-e02-after2/.hardkas/kaspad/.rusty-kaspa/kaspa-simnet/datadir/meta/IDENTITY	36	a3825adc92efd8a5d3c4a1e32ce3e4082fdde2828d759f5712e56705b3b6a8fd	excluded	type (none) not kept
rc24	ws-e02-after2/.hardkas/kaspad/.rusty-kaspa/kaspa-simnet/datadir/meta/LOCK	0	e3b0c44298fc1c149afbf4c8996fb92427ae41e4649b934ca495991b7852b855	excluded	type (none) not kept
rc24	ws-e02-after2/.hardkas/kaspad/.rusty-kaspa/kaspa-simnet/datadir/meta/LOG	38808	d513e57a3b55ce9acb5b4e9b95a144608b2953ef690d837256aad1177154f2a8	excluded	type (none) not kept
rc24	ws-e02-after2/.hardkas/kaspad/.rusty-kaspa/kaspa-simnet/datadir/meta/LOG.old.1790587214729951	35659	e3b751238e1b398babc323f58dd12b080c9f6e869da4d78162461ff72777df65	excluded	type .1790587214729951 not kept
rc24	ws-e02-after2/.hardkas/kaspad/.rusty-kaspa/kaspa-simnet/datadir/meta/MANIFEST-000010	230	a0ca4244c0f71b8029a184a5d8e42388c20fb9c81f1777ce89616eb162977058	excluded	type (none) not kept
rc24	ws-e02-after2/.hardkas/kaspad/.rusty-kaspa/kaspa-simnet/datadir/meta/OPTIONS-000007	7864	966a9b8ff44a8b411603a8b9f9991b3aad47f323839de97f8cf55465929be222	excluded	type (none) not kept
rc24	ws-e02-after2/.hardkas/kaspad/.rusty-kaspa/kaspa-simnet/datadir/meta/OPTIONS-000012	7864	966a9b8ff44a8b411603a8b9f9991b3aad47f323839de97f8cf55465929be222	excluded	type (none) not kept
rc24	ws-e02-after2/.hardkas/kaspad/.rusty-kaspa/kaspa-simnet/datadir/utxoindex/000011.log	465680	2b7f18d78d80a09fd40855efd7e4f6fad109beb91e266971bfdb82ce14555f3c	excluded	type .log not kept
rc24	ws-e02-after2/.hardkas/kaspad/.rusty-kaspa/kaspa-simnet/datadir/utxoindex/000015.sst	75616	f91c624f3cdddca30804d72650f7ac6811cf7f35b83c27714ad7caccf52f59d4	excluded	type .sst not kept
rc24	ws-e02-after2/.hardkas/kaspad/.rusty-kaspa/kaspa-simnet/datadir/utxoindex/CURRENT	16	eaab30ed3bde0318e208d83e6b0701b3ee9eb6b11da2d9fbab1552e8e4ce88f8	excluded	type (none) not kept
rc24	ws-e02-after2/.hardkas/kaspad/.rusty-kaspa/kaspa-simnet/datadir/utxoindex/IDENTITY	36	d11e3b9b30e7c8842076f186b9274c56d1cbb01a4fa2816e4738387aa89c96fd	excluded	type (none) not kept
rc24	ws-e02-after2/.hardkas/kaspad/.rusty-kaspa/kaspa-simnet/datadir/utxoindex/LOCK	0	e3b0c44298fc1c149afbf4c8996fb92427ae41e4649b934ca495991b7852b855	excluded	type (none) not kept
rc24	ws-e02-after2/.hardkas/kaspad/.rusty-kaspa/kaspa-simnet/datadir/utxoindex/LOG	46056	69bc2f98467cc528de8da6a6f0edada784f885f14cdd89d0bc9a98a7779d1816	excluded	type (none) not kept
rc24	ws-e02-after2/.hardkas/kaspad/.rusty-kaspa/kaspa-simnet/datadir/utxoindex/LOG.old.1790587215093299	35683	7dabcb541afbdfbf0746221559e4259d9e85ccc2cd4e8f3fbc479d9431b2451b	excluded	type .1790587215093299 not kept
rc24	ws-e02-after2/.hardkas/kaspad/.rusty-kaspa/kaspa-simnet/datadir/utxoindex/MANIFEST-000012	545	c8259300bd163fa891dc0efaeaca1774cb29d69956d98cfc77a97c70f0e8aa3f	excluded	type (none) not kept
rc24	ws-e02-after2/.hardkas/kaspad/.rusty-kaspa/kaspa-simnet/datadir/utxoindex/OPTIONS-000007	7868	723f8b0909430ea6d48759f5d4760ad6a0e174551b13860c44f978295de611ec	excluded	type (none) not kept
rc24	ws-e02-after2/.hardkas/kaspad/.rusty-kaspa/kaspa-simnet/datadir/utxoindex/OPTIONS-000014	7868	723f8b0909430ea6d48759f5d4760ad6a0e174551b13860c44f978295de611ec	excluded	type (none) not kept
rc24	ws-e02-after2/.hardkas/localnet.json	2349	87fc6bfd299a1a0e6ed8e425dc2ad09a9fc20f0355578253836a1ce902e38de4	excluded	type .json not kept
rc24	ws-e02-after2/events.jsonl	11659	af1fa6fc890a4ed7d45b612763793940f2f133335f9b6ebc0665a3ed7824bafe	excluded	type .jsonl not kept
rc24	ws-e02-after2/hardkas.config.ts	893	06546bc174da99a19d5b4748078a0e11352d6c8d17a01d624eef107b4ca99ace	excluded	type .ts not kept
rc24	ws-e02-after2/package.json	316	cf1817349261556cae1b233f8cb6bd12f3e39503452dae949b29089699dfb87a	excluded	type .json not kept
rc24	ws-e02-after2/plan1.json	3185	f22e6d1adddd44b4854c255be9c762e682efe48d00bfe1020a430fa304e5a4e3	excluded	type .json not kept
rc24	ws-e02-after2/plan2.json	3185	0e05a79c1d6e25b678ea0a7377099f37bc6daa54e2866011e3ddcafb4208442b	excluded	type .json not kept
rc24	ws-e02-after2/plan3.json	3185	f22f817352396bdf6e7c9c235d46a06efe6a85108a4fadca86fda2bd8b4a450f	excluded	type .json not kept
rc24	ws-e02-after2/signed1.json	2154	fd158c6543452ff0c0e1f813fdcdb53e4e090f95c14529b8a73928667d41a970	excluded	type .json not kept
rc24	ws-e02-after2/test/payment.test.ts	763	90927b16a4a25b7400b211497c08ae6826d9eb7eeee928e99ffd503443b1ee9e	excluded	type .ts not kept
rc24	ws-e02-after2/vitest.config.ts	141	c630736d7cded05a28e07de389f1dffc3f9ba0569838e58be62deff6e1e28d52	excluded	type .ts not kept
rc24	ws-e02-before/.gitignore	35	1963e84a7dfb9c3de46cf08fa8afedbf2746e18e1be8e12f595953e0e40ff324	excluded	type (none) not kept
rc24	ws-e02-before/.hardkas/accounts.real.json	1062	da48383347b953e78e59df32691286ce88cd8a314c3905df62a5838c544790d8	excluded	type .json not kept
rc24	ws-e02-before/.hardkas/artifacts/misc/snapshot-bcba6f174c6d2caac0df005dc9cfa94cd29928ede8ec9c8c63cc09e3be9c9bcc.json	2614	c5f97e87b86145c6c650cb6f521f7024c6c8c975c01766375ab71d4d6b7cdbdc	excluded	type .json not kept
rc24	ws-e02-before/.hardkas/dev-accounts/alice.json	913	69df5f204e984fea41c096c00e581e9138073d9da447596b9eec66ed1f90ff23	excluded	type .json not kept
rc24	ws-e02-before/.hardkas/dev-accounts/bob.json	911	c417a8b8fa92c9040952635b67f5fc829a8095bcbca9f878d3c7169eee6d2e80	excluded	type .json not kept
rc24	ws-e02-before/.hardkas/dev-accounts/carol.json	913	dad6c6db79fe580da9d1439b857107ea2da35ea2e6f2777dc7e2f5e07ddda7b8	excluded	type .json not kept
rc24	ws-e02-before/.hardkas/dev-accounts/dave.json	912	f9ef9370a16a21b9e762ea34c256020ba208280b9a21b43fe5c3204d3fd24070	excluded	type .json not kept
rc24	ws-e02-before/.hardkas/dev-accounts/erin.json	912	7ee967340687175e651246a59c9519f8f57a93783d9e0a2f23bbbd75192d7ecf	excluded	type .json not kept
rc24	ws-e02-before/.hardkas/kaspad/.rusty-kaspa/kaspa-simnet/datadir/consensus/consensus-001/000024.sst	8422756	88236f437df3975c1d4c857fe32399b8900c0d3b27e417187b77a9581f0c9923	excluded	type .sst not kept
rc24	ws-e02-before/.hardkas/kaspad/.rusty-kaspa/kaspa-simnet/datadir/consensus/consensus-001/000025.sst	8415258	dec37462a16a9a5825dd8e447c4bb60d426525868ecd5253fc486cc676edcd00	excluded	type .sst not kept
rc24	ws-e02-before/.hardkas/kaspad/.rusty-kaspa/kaspa-simnet/datadir/consensus/consensus-001/000026.sst	8459083	46718fd8cfec8376707f60a2d96dbded5213ab81650d7f95e87b1cb9a15eb9dc	excluded	type .sst not kept
rc24	ws-e02-before/.hardkas/kaspad/.rusty-kaspa/kaspa-simnet/datadir/consensus/consensus-001/000027.sst	8470133	3a034f2812872f842b40ccea52c4c93b63b77997fa9fd3de5ab35e3e5b498b63	excluded	type .sst not kept
rc24	ws-e02-before/.hardkas/kaspad/.rusty-kaspa/kaspa-simnet/datadir/consensus/consensus-001/000029.sst	4719454	25bd7cc627582a10db8d7b98eb3623d911915f42224bffba3de22cc51b2efb83	excluded	type .sst not kept
rc24	ws-e02-before/.hardkas/kaspad/.rusty-kaspa/kaspa-simnet/datadir/consensus/consensus-001/000031.sst	9949427	e79a864657bea27a4b9c0b696ea48b690873d0da86d2bb3a536b6a0169341a34	excluded	type .sst not kept
rc24	ws-e02-before/.hardkas/kaspad/.rusty-kaspa/kaspa-simnet/datadir/consensus/consensus-001/000033.log	12651212	8b6cfb0bdeb62636d018a7984f15e843f9433226d7289088dca94c2060d21531	excluded	type .log not kept
rc24	ws-e02-before/.hardkas/kaspad/.rusty-kaspa/kaspa-simnet/datadir/consensus/consensus-001/000034.sst	6052798	ac7e5a1996a539066a98653f3ffa36e7be52fa052f3a73ef921b14564f852341	excluded	type .sst not kept
rc24	ws-e02-before/.hardkas/kaspad/.rusty-kaspa/kaspa-simnet/datadir/consensus/consensus-001/000035.sst	8425720	fae78e9ac04251686a706d1028b4d3e6efe6ff581da0c8d9e4a15392ee9cdda8	excluded	type .sst not kept
rc24	ws-e02-before/.hardkas/kaspad/.rusty-kaspa/kaspa-simnet/datadir/consensus/consensus-001/000036.sst	8418170	c2e9b7459753210643a65b47a0d3af69207c952a604584c8699e6f4bc0fee033	excluded	type .sst not kept
rc24	ws-e02-before/.hardkas/kaspad/.rusty-kaspa/kaspa-simnet/datadir/consensus/consensus-001/000037.log	5727428	d041e4836971a76d581de7acfae84307e4a1da1a7e5a01a322407e89b22df93b	excluded	type .log not kept
rc24	ws-e02-before/.hardkas/kaspad/.rusty-kaspa/kaspa-simnet/datadir/consensus/consensus-001/000038.sst	8417444	17eec8c86bc9a8193e3d9cb07625efdb0ff16d56f5178f8d101648ddc818e5c2	excluded	type .sst not kept
rc24	ws-e02-before/.hardkas/kaspad/.rusty-kaspa/kaspa-simnet/datadir/consensus/consensus-001/000039.sst	8463019	5de834097f779efd4956fb11539e3352fd4bcdf0ff625367bbd1c8e11ebf3d5e	excluded	type .sst not kept
rc24	ws-e02-before/.hardkas/kaspad/.rusty-kaspa/kaspa-simnet/datadir/consensus/consensus-001/000040.sst	1048576	9fe236ce56e8137ade6d20349b47d409ef12b217317d00ee1be71320881fa83f	excluded	type .sst not kept
rc24	ws-e02-before/.hardkas/kaspad/.rusty-kaspa/kaspa-simnet/datadir/consensus/consensus-001/CURRENT	16	9c283f6e81028b9eb0760d918ee4bc0aa256ed3b926393c1734c760c4bd724fd	excluded	type (none) not kept
rc24	ws-e02-before/.hardkas/kaspad/.rusty-kaspa/kaspa-simnet/datadir/consensus/consensus-001/IDENTITY	36	0e80551df7e28bf74ba80e90682fd87d0c06d9067e659f15acc4ff276088a591	excluded	type (none) not kept
rc24	ws-e02-before/.hardkas/kaspad/.rusty-kaspa/kaspa-simnet/datadir/consensus/consensus-001/LOCK	0	e3b0c44298fc1c149afbf4c8996fb92427ae41e4649b934ca495991b7852b855	excluded	type (none) not kept
rc24	ws-e02-before/.hardkas/kaspad/.rusty-kaspa/kaspa-simnet/datadir/consensus/consensus-001/LOG	99197	137c8370d1d0683fe3ca3162838aa613b9fd5b7619e218b6df63efc15a2a11b7	excluded	type (none) not kept
rc24	ws-e02-before/.hardkas/kaspad/.rusty-kaspa/kaspa-simnet/datadir/consensus/consensus-001/MANIFEST-000005	2608	7839a9d4fc01a28ecb5ac108c307d1abd08c1fc1b0d27ebdd0a6a15fa60cdecd	excluded	type (none) not kept
rc24	ws-e02-before/.hardkas/kaspad/.rusty-kaspa/kaspa-simnet/datadir/consensus/consensus-001/OPTIONS-000007	7868	cd4f923352b13a7a897f512c933a8b5587cb623f92fd6136d14f27a8e989fdb3	excluded	type (none) not kept
rc24	ws-e02-before/.hardkas/kaspad/.rusty-kaspa/kaspa-simnet/datadir/meta/000004.log	195	2fafb01851916923a9aae2f3605ce0a6488469ac787d6011f5fd7a1b3bf9003a	excluded	type .log not kept
rc24	ws-e02-before/.hardkas/kaspad/.rusty-kaspa/kaspa-simnet/datadir/meta/CURRENT	16	9c283f6e81028b9eb0760d918ee4bc0aa256ed3b926393c1734c760c4bd724fd	excluded	type (none) not kept
rc24	ws-e02-before/.hardkas/kaspad/.rusty-kaspa/kaspa-simnet/datadir/meta/IDENTITY	36	14c38024a0fa3d554c5455396e201e6910c85f9e0d6fcc5b8ac8cc803f6d959c	excluded	type (none) not kept
rc24	ws-e02-before/.hardkas/kaspad/.rusty-kaspa/kaspa-simnet/datadir/meta/LOCK	0	e3b0c44298fc1c149afbf4c8996fb92427ae41e4649b934ca495991b7852b855	excluded	type (none) not kept
rc24	ws-e02-before/.hardkas/kaspad/.rusty-kaspa/kaspa-simnet/datadir/meta/LOG	35659	cb07ac5dc89d1a48c9b17c5596a814fdb65a7d6182eff9f4082bb04495f54339	excluded	type (none) not kept
rc24	ws-e02-before/.hardkas/kaspad/.rusty-kaspa/kaspa-simnet/datadir/meta/MANIFEST-000005	116	d2411eb17de5dbdc83d8d48cf736b01dbe40fa225020f5305131e6f4e88d3982	excluded	type (none) not kept
rc24	ws-e02-before/.hardkas/kaspad/.rusty-kaspa/kaspa-simnet/datadir/meta/OPTIONS-000007	7864	966a9b8ff44a8b411603a8b9f9991b3aad47f323839de97f8cf55465929be222	excluded	type (none) not kept
rc24	ws-e02-before/.hardkas/kaspad/.rusty-kaspa/kaspa-simnet/datadir/utxoindex/000004.log	6263164	3f17551ac6c344b2d3b40b5735e116fee13558b8d43c0977981d15b4fa5d74c4	excluded	type .log not kept
rc24	ws-e02-before/.hardkas/kaspad/.rusty-kaspa/kaspa-simnet/datadir/utxoindex/CURRENT	16	9c283f6e81028b9eb0760d918ee4bc0aa256ed3b926393c1734c760c4bd724fd	excluded	type (none) not kept
rc24	ws-e02-before/.hardkas/kaspad/.rusty-kaspa/kaspa-simnet/datadir/utxoindex/IDENTITY	36	ec5a35816006d3a11950d1b2cede58a6e543e090bf3c0a777deb3db1da664098	excluded	type (none) not kept
rc24	ws-e02-before/.hardkas/kaspad/.rusty-kaspa/kaspa-simnet/datadir/utxoindex/LOCK	0	e3b0c44298fc1c149afbf4c8996fb92427ae41e4649b934ca495991b7852b855	excluded	type (none) not kept
rc24	ws-e02-before/.hardkas/kaspad/.rusty-kaspa/kaspa-simnet/datadir/utxoindex/LOG	35683	e2653c4c042ff96ed2c0a3eb13cb37d96f18d3731bb8b1c6471c8080af7584a4	excluded	type (none) not kept
rc24	ws-e02-before/.hardkas/kaspad/.rusty-kaspa/kaspa-simnet/datadir/utxoindex/MANIFEST-000005	116	a251cbc485e980e05f3391f75ac8b473ab6621816940d4dae7679f09d0a48064	excluded	type (none) not kept
rc24	ws-e02-before/.hardkas/kaspad/.rusty-kaspa/kaspa-simnet/datadir/utxoindex/OPTIONS-000007	7868	723f8b0909430ea6d48759f5d4760ad6a0e174551b13860c44f978295de611ec	excluded	type (none) not kept
rc24	ws-e02-before/.hardkas/localnet.json	2349	7672560e033e745cca3c2846b04a0a1546c4c0f6bf73369475a422f1cd910b4e	excluded	type .json not kept
rc24	ws-e02-before/hardkas.config.ts	893	06546bc174da99a19d5b4748078a0e11352d6c8d17a01d624eef107b4ca99ace	excluded	type .ts not kept
rc24	ws-e02-before/package.json	316	cf1817349261556cae1b233f8cb6bd12f3e39503452dae949b29089699dfb87a	excluded	type .json not kept
rc24	ws-e02-before/test/payment.test.ts	763	90927b16a4a25b7400b211497c08ae6826d9eb7eeee928e99ffd503443b1ee9e	excluded	type .ts not kept
rc24	ws-e02-before/vitest.config.ts	141	c630736d7cded05a28e07de389f1dffc3f9ba0569838e58be62deff6e1e28d52	excluded	type .ts not kept
rc24	ws-e02-t50/.gitignore	35	1963e84a7dfb9c3de46cf08fa8afedbf2746e18e1be8e12f595953e0e40ff324	excluded	type (none) not kept
rc24	ws-e02-t50/.hardkas/accounts.real.json	1062	935a7ce2aa47d1ed8b4e236591babf073058c3151ce9253b0e2ecba50c27b1c4	excluded	type .json not kept
rc24	ws-e02-t50/.hardkas/artifacts/2026-09-28T09-23-19-756Z-plan-b8b848b16c41c672.plan.json	3183	3c71585130772f7ed31b5274a6151b5e734db0aeb88decbf4d4f0e9a17104bcd	excluded	type .json not kept
rc24	ws-e02-t50/.hardkas/artifacts/2026-09-28T09-23-23-680Z-plan-322caa9d38152cb4.plan.json	3185	e21200dfb1c3fca40980ba130d16f0897eb1d02c0e03cfa8e185eb0cfcf97db5	excluded	type .json not kept
rc24	ws-e02-t50/.hardkas/artifacts/2026-09-28T09-23-27-594Z-plan-2b8ee22a8785066f.plan.json	3185	ba214033bdf8e526ffe455e271a7714aea8dd7d204aff72b09e135d2af8ce1c5	excluded	type .json not kept
rc24	ws-e02-t50/.hardkas/artifacts/misc/snapshot-bcba6f174c6d2caac0df005dc9cfa94cd29928ede8ec9c8c63cc09e3be9c9bcc.json	2614	d9191b306affabe980f218e7c6993328620699f65ca954554e2deb055bbc9e44	excluded	type .json not kept
rc24	ws-e02-t50/.hardkas/artifacts/observations/txObservation-08e94d4c60a43019c808d07fda0c9e1e7f9a8c51fd8a63c48f1ecea8f0af4bb1.json	2578	257506c459aacbaf4d0bb8d46c037f667fde1989652ba510d09514cd8a9b15ba	excluded	type .json not kept
rc24	ws-e02-t50/.hardkas/artifacts/observations/txObservation-358be01c2ec7780c3f2d884cb5d0795e7180a4f9ef025be57056530361af8db4.json	2205	e4f0fd862e09409508f9a7f7750ce22458c97e4d7a53d2969af3feb1cc8493fb	excluded	type .json not kept
rc24	ws-e02-t50/.hardkas/artifacts/observations/txObservation-494da7520b5e6ee19fb46a458e4d6a726e2db71c570b10fcac8cc7e96767a297.json	2973	2a009fd6d925c8b79809d8e90f8294989ac1c75b1bfab2c54c798bf993bb847c	excluded	type .json not kept
rc24	ws-e02-t50/.hardkas/artifacts/observations/txObservation-61b7dfa3378a13da5db5e45065b09d10e14d943f0cb0c47cc67735bd1e5efd2d.json	2227	591700d4cbb15631fd70c577147bdc4431be696ad7a8b061c1247639f0fb13c1	excluded	type .json not kept
rc24	ws-e02-t50/.hardkas/artifacts/observations/txObservation-7c67023009dcbbf2f7abb48650b25e334da4d43f94c4d1567a00b437550da1b5.json	2968	288ed9ba3e3cb7196ddbea486dd21219386fc04910dce3902f793c68155d2e49	excluded	type .json not kept
rc24	ws-e02-t50/.hardkas/artifacts/observations/txObservation-97b80bf675debc93451d14baa6382eedcabcc76020e7a4ee500e3902c7536722.json	2637	075331c53695bef6c9a0de9236cfc30691c883d2d867ea585f278233926a6898	excluded	type .json not kept
rc24	ws-e02-t50/.hardkas/artifacts/observations/txObservation-a36b495c2dc1f6eb56fb522b63c0202e923bb9c87e9f374f80302795df553d17.json	2637	749a64f6f096df1c951c2f8ec07e6f173d85d70c83faceec6208ef0ac1ae095e	excluded	type .json not kept
rc24	ws-e02-t50/.hardkas/artifacts/observations/txObservation-d6f22ad30ddd06c7a35ff5e0e51346b02abf3120cdc1c123d4803cde398ee821.json	2635	5b01d68f6c737442efea718ab2a52a8d8c7f6d6fff9ffddbdc70176c88315899	excluded	type .json not kept
rc24	ws-e02-t50/.hardkas/artifacts/observations/txObservation-dcf048f04ad88bb2b8396cc9e1dcbff2e23da1f21410fdea896be4fa48b07859.json	2638	3d5172dd76f94edfb47b5ec2e9b705c4ba373c049c15172d7c7e3853da2c1531	excluded	type .json not kept
rc24	ws-e02-t50/.hardkas/artifacts/observations/txObservation-ed1ad7a837003fc4afaa32ea7dd9aa5f2c62790eb95284cb715198fb67d9d0bc.json	2970	368c40e5e93e316660b3858b7c602b54c53d3fb0a128363ab2d34ffbf539705d	excluded	type .json not kept
rc24	ws-e02-t50/.hardkas/artifacts/observations/txObservation-f64a1aa54ab687eedebb612b3c7172bbb91e8250c23805784833c993bc56ec33.json	2578	92127c58e082c9d3544bd67e8d17513e66804c57ec5873307e3dd9eb34e9a595	excluded	type .json not kept
rc24	ws-e02-t50/.hardkas/artifacts/plans/txPlan-73266dfaf063829f40ef693c1c58fd93b21c45290e44fd54e2b60332d9fdfdd2.json	3184	bc64981fc3feba7a0f24ef2a197b8ae538e11c4a3e492e969ba14b78172053a2	excluded	type .json not kept
rc24	ws-e02-t50/.hardkas/artifacts/receipts/txSubmission-79a587b4ee4c2f086dcd34a23d3bcb80eec60e66aff894b417e5b395a76bbb3c.json	1546	590d5159183708f9cc5ec17b416e7ed150abd05dda05a32f0a23ef4a5a44f7d2	excluded	type .json not kept
rc24	ws-e02-t50/.hardkas/artifacts/receipts/txSubmission-e7dbb85526f517fbaa8266c5192e47f2721d2700eb1dd317f3d621ee4f467492.json	1546	9cd535c89d8821e64d249c6b8e817b6617280858b4b01351789130223a14db6b	excluded	type .json not kept
rc24	ws-e02-t50/.hardkas/artifacts/signed/signedTx-2de018ed1071602d1669ce8a90ac6b83ee34cf6289928a9bc2affe942cd96e61.json	2154	bc6069bc92e7278a96ac3a0a9a97ff6ceb8466e43b546f163dc16f9724c65f71	excluded	type .json not kept
rc24	ws-e02-t50/.hardkas/artifacts/signed/signedTx-cb37e3e01ccb72f0c10d4bd476870b0aff1977ac83aeb8bd686fd161d652a12f.json	2153	a3b4f66d6fcff1b74fe11757801dfdfc1e2754bbd96ab96da04e127c8b9ba5af	excluded	type .json not kept
rc24	ws-e02-t50/.hardkas/dev-accounts/alice.json	913	e11cfa4f22bd1ec1e3e969181488329a8bb18bce7631bb7fa043df843e3f4a72	excluded	type .json not kept
rc24	ws-e02-t50/.hardkas/dev-accounts/bob.json	911	7d016d4dd1cbf2ad1ac1bcb0aabd2eaa6fc87a382770b54b254586b0cd7838f3	excluded	type .json not kept
rc24	ws-e02-t50/.hardkas/dev-accounts/carol.json	913	132af9874e028d9c143b430ef39fc32a6dd9704bb9ed4c0ec6de9b010d6a9010	excluded	type .json not kept
rc24	ws-e02-t50/.hardkas/dev-accounts/dave.json	912	4fc1d08561fdaf0decc3e64656a33c2e50ca353b4c9e69cfd4746f34a946afcc	excluded	type .json not kept
rc24	ws-e02-t50/.hardkas/dev-accounts/erin.json	912	de91b56b9981819eb953506609aded7bf74291c008d186a4fd2723b17e333f39	excluded	type .json not kept
rc24	ws-e02-t50/.hardkas/kaspad/.rusty-kaspa/kaspa-simnet/datadir/consensus/consensus-001/000014.sst	8422214	2cd72850e9ce070672c3326fb70f8709e25891d932014543ce27651806714013	excluded	type .sst not kept
rc24	ws-e02-t50/.hardkas/kaspad/.rusty-kaspa/kaspa-simnet/datadir/consensus/consensus-001/000015.sst	8451903	4be6ad6002898335e5436406eedfbe9aea5d6456eddb3c210a7510d222093354	excluded	type .sst not kept
rc24	ws-e02-t50/.hardkas/kaspad/.rusty-kaspa/kaspa-simnet/datadir/consensus/consensus-001/000016.sst	7450738	dc4f48a18b052e3f851e87ab02c6f3e48d931c2e0472939126f1e0798bb840f6	excluded	type .sst not kept
rc24	ws-e02-t50/.hardkas/kaspad/.rusty-kaspa/kaspa-simnet/datadir/consensus/consensus-001/000018.log	6803493	a05cfd0def59f9b22e9d209e4923521ef99404dbb68075f9b313dc5808213241	excluded	type .log not kept
rc24	ws-e02-t50/.hardkas/kaspad/.rusty-kaspa/kaspa-simnet/datadir/consensus/consensus-001/000019.sst	12932718	74fb1b0fd08231b826898984515b84d0bfaea6adf2adc538a25f330788043216	excluded	type .sst not kept
rc24	ws-e02-t50/.hardkas/kaspad/.rusty-kaspa/kaspa-simnet/datadir/consensus/consensus-001/CURRENT	16	9c283f6e81028b9eb0760d918ee4bc0aa256ed3b926393c1734c760c4bd724fd	excluded	type (none) not kept
rc24	ws-e02-t50/.hardkas/kaspad/.rusty-kaspa/kaspa-simnet/datadir/consensus/consensus-001/IDENTITY	36	5565043e51f8a83707316f0f3d9ff517b17f34226b3c6c7e37717aebe5bfe44b	excluded	type (none) not kept
rc24	ws-e02-t50/.hardkas/kaspad/.rusty-kaspa/kaspa-simnet/datadir/consensus/consensus-001/LOCK	0	e3b0c44298fc1c149afbf4c8996fb92427ae41e4649b934ca495991b7852b855	excluded	type (none) not kept
rc24	ws-e02-t50/.hardkas/kaspad/.rusty-kaspa/kaspa-simnet/datadir/consensus/consensus-001/LOG	59794	42ce516bb6e10d3cb11028056ac211ea512041ddc165b416e3d6ce59aed46e00	excluded	type (none) not kept
rc24	ws-e02-t50/.hardkas/kaspad/.rusty-kaspa/kaspa-simnet/datadir/consensus/consensus-001/MANIFEST-000005	1121	2c9164d6a6478a97087deade054626b0a546a34a7ef92eaf97e4f38c1d8f8c45	excluded	type (none) not kept
rc24	ws-e02-t50/.hardkas/kaspad/.rusty-kaspa/kaspa-simnet/datadir/consensus/consensus-001/OPTIONS-000007	7868	cd4f923352b13a7a897f512c933a8b5587cb623f92fd6136d14f27a8e989fdb3	excluded	type (none) not kept
rc24	ws-e02-t50/.hardkas/kaspad/.rusty-kaspa/kaspa-simnet/datadir/meta/000004.log	195	e9509747c040b1807c5b5766737d5be82551e37158ae3534cb907793e0d912d5	excluded	type .log not kept
rc24	ws-e02-t50/.hardkas/kaspad/.rusty-kaspa/kaspa-simnet/datadir/meta/CURRENT	16	9c283f6e81028b9eb0760d918ee4bc0aa256ed3b926393c1734c760c4bd724fd	excluded	type (none) not kept
rc24	ws-e02-t50/.hardkas/kaspad/.rusty-kaspa/kaspa-simnet/datadir/meta/IDENTITY	36	19cd8802e003a83bda23c05c8f35a939b851c82c2032adf7448c7812fec09318	excluded	type (none) not kept
rc24	ws-e02-t50/.hardkas/kaspad/.rusty-kaspa/kaspa-simnet/datadir/meta/LOCK	0	e3b0c44298fc1c149afbf4c8996fb92427ae41e4649b934ca495991b7852b855	excluded	type (none) not kept
rc24	ws-e02-t50/.hardkas/kaspad/.rusty-kaspa/kaspa-simnet/datadir/meta/LOG	35859	d975325bf48989fe207d802a281197815aef7fab03dcd407c59704f4ec5991a2	excluded	type (none) not kept
rc24	ws-e02-t50/.hardkas/kaspad/.rusty-kaspa/kaspa-simnet/datadir/meta/MANIFEST-000005	116	47bdd917619842bab552cd1f432b3a47c1d6f63cd3d6cb39352b275d3282f133	excluded	type (none) not kept
rc24	ws-e02-t50/.hardkas/kaspad/.rusty-kaspa/kaspa-simnet/datadir/meta/OPTIONS-000007	7864	966a9b8ff44a8b411603a8b9f9991b3aad47f323839de97f8cf55465929be222	excluded	type (none) not kept
rc24	ws-e02-t50/.hardkas/kaspad/.rusty-kaspa/kaspa-simnet/datadir/utxoindex/000004.log	15277362	332d6040b40227862bcb9c9d890302e7fc164ea39cc5d072b98f3d68cd5e0484	excluded	type .log not kept
rc24	ws-e02-t50/.hardkas/kaspad/.rusty-kaspa/kaspa-simnet/datadir/utxoindex/CURRENT	16	9c283f6e81028b9eb0760d918ee4bc0aa256ed3b926393c1734c760c4bd724fd	excluded	type (none) not kept
rc24	ws-e02-t50/.hardkas/kaspad/.rusty-kaspa/kaspa-simnet/datadir/utxoindex/IDENTITY	36	a3f6889084b017c1ce4fb726e4c4ab6cbc2423174f96c91c63c6b8e02c65d0e4	excluded	type (none) not kept
rc24	ws-e02-t50/.hardkas/kaspad/.rusty-kaspa/kaspa-simnet/datadir/utxoindex/LOCK	0	e3b0c44298fc1c149afbf4c8996fb92427ae41e4649b934ca495991b7852b855	excluded	type (none) not kept
rc24	ws-e02-t50/.hardkas/kaspad/.rusty-kaspa/kaspa-simnet/datadir/utxoindex/LOG	35883	26b6d75c04ccfda67b2d03cc224179035b88289da032a4f578018516a678e2be	excluded	type (none) not kept
rc24	ws-e02-t50/.hardkas/kaspad/.rusty-kaspa/kaspa-simnet/datadir/utxoindex/MANIFEST-000005	116	3a5b1f6689c3aa8eb42eca4bdef23d976a86e1167cdb25b13ad27e2f0c7d67e3	excluded	type (none) not kept
rc24	ws-e02-t50/.hardkas/kaspad/.rusty-kaspa/kaspa-simnet/datadir/utxoindex/OPTIONS-000007	7868	723f8b0909430ea6d48759f5d4760ad6a0e174551b13860c44f978295de611ec	excluded	type (none) not kept
rc24	ws-e02-t50/.hardkas/localnet.json	2349	beb2c2c8bab32edd545b7614d6103ed7033e11f8b3d148529964963a2de682c1	excluded	type .json not kept
rc24	ws-e02-t50/events.jsonl	19435	6be290073098beda5defaecbaf0cfd797ed6afd13aa03a2f70401b623eeba1f2	excluded	type .jsonl not kept
rc24	ws-e02-t50/hardkas.config.ts	893	06546bc174da99a19d5b4748078a0e11352d6c8d17a01d624eef107b4ca99ace	excluded	type .ts not kept
rc24	ws-e02-t50/package.json	316	cf1817349261556cae1b233f8cb6bd12f3e39503452dae949b29089699dfb87a	excluded	type .json not kept
rc24	ws-e02-t50/plan1.json	3183	3c71585130772f7ed31b5274a6151b5e734db0aeb88decbf4d4f0e9a17104bcd	excluded	type .json not kept
rc24	ws-e02-t50/plan2.json	3185	e21200dfb1c3fca40980ba130d16f0897eb1d02c0e03cfa8e185eb0cfcf97db5	excluded	type .json not kept
rc24	ws-e02-t50/plan3.json	3185	ba214033bdf8e526ffe455e271a7714aea8dd7d204aff72b09e135d2af8ce1c5	excluded	type .json not kept
rc24	ws-e02-t50/signed1.json	2153	9574b0f2e30ef9f8c4a2612ae7386db9d7d4ff8b4368534524775d0d9d44f32d	excluded	type .json not kept
rc24	ws-e02-t50/test/payment.test.ts	763	90927b16a4a25b7400b211497c08ae6826d9eb7eeee928e99ffd503443b1ee9e	excluded	type .ts not kept
rc24	ws-e02-t50/vitest.config.ts	141	c630736d7cded05a28e07de389f1dffc3f9ba0569838e58be62deff6e1e28d52	excluded	type .ts not kept
rc24	ws-view-live1/.gitignore	35	1963e84a7dfb9c3de46cf08fa8afedbf2746e18e1be8e12f595953e0e40ff324	excluded	type (none) not kept
rc24	ws-view-live1/.hardkas/accounts.real.json	1060	8a2a494f1dae33430f6e453ceb19a938f14d3cbd8f689551ca2d6cc51f386c40	excluded	type .json not kept
rc24	ws-view-live1/.hardkas/artifacts/2026-09-28T10-55-41-066Z-plan-f91f1d23478f69a8.plan.json	3181	ee0f67fefeffe5f8e6c1685b53088e189e78b98dc8b42c60e4e7aac5ddc47797	excluded	type .json not kept
rc24	ws-view-live1/.hardkas/artifacts/2026-09-28T10-55-45-646Z-plan-4be109eafd86473b.plan.json	3183	c3dfd58af384c370dd5a6da11845a09dc5fbcf6fcb2c741b23cc145d9bb4e6ac	excluded	type .json not kept
rc24	ws-view-live1/.hardkas/artifacts/2026-09-28T10-55-50-676Z-plan-a06b8b3251eb4484.plan.json	3183	bd9f04261fc36dcfd9f50024a53f760e50992a96e24cf9de2da2daae5a558b00	excluded	type .json not kept
rc24	ws-view-live1/.hardkas/artifacts/misc/snapshot-bcba6f174c6d2caac0df005dc9cfa94cd29928ede8ec9c8c63cc09e3be9c9bcc.json	2614	0e80b8ee31e66219d92f39b1cefe5c21f0e2163795793491366554d4eb619c01	excluded	type .json not kept
rc24	ws-view-live1/.hardkas/artifacts/observations/txObservation-e7a1d11663c6c0fc6ad6559a89cabe9620561e5080c897a70eb64fc748855e94.json	3281	214e35a06c881c2b64fb9074e3243dca4287d12e0cdf64fcf819a6ed8309ebb4	excluded	type .json not kept
rc24	ws-view-live1/.hardkas/artifacts/observations/txObservation-fde4bd272eee69cda78cb6033e87f7bf70dadb2ad3c51cb696cb20436fee644d.json	2638	0d3fb949f24002ca31e3a0a527bdcb27631ebf03a7fe320a9fd52c5f3ad0b611	excluded	type .json not kept
rc24	ws-view-live1/.hardkas/artifacts/plans/txPlan-fbd18e3aff978fdd3b2427bcbe96ff0b8a5024448cb63a4dd88b8791cdab7d90.json	3184	7f5ae3bb9e6408d72486fe9df2d2ddb00ba1da45dcc205619102c80a5c09c79b	excluded	type .json not kept
rc24	ws-view-live1/.hardkas/artifacts/receipts/txSubmission-4ab0a411e694f49814b6680770bdca36f856e8cbc3e9bfcc8088437392906ddf.json	1546	ca660480ec1d381dff64eb9a32243afba04f2ae4af222d6c4f9d8fdb5c6107e9	excluded	type .json not kept
rc24	ws-view-live1/.hardkas/artifacts/receipts/txSubmission-c0bb760ee4bb49d34c3e994e661c7bdd9ae5412e3078f43b751c5da20645634b.json	1546	2d3c5f02a6868f23f6871b55771774acbdb86f8812ba3a827fa7785691b6096b	excluded	type .json not kept
rc24	ws-view-live1/.hardkas/artifacts/signed/signedTx-4dfc6b74134001f6a79687a5aa644addade4eea1a4eff8108c600a53dae4baa2.json	2153	ba16e1803e2030b9a6c9b3e0abc8e401ea5dbb935740eb94a613386fa8d3d8c1	excluded	type .json not kept
rc24	ws-view-live1/.hardkas/artifacts/signed/signedTx-cc9166b2e7150714cdbed959538dfc3d20b27509f37051209b90d62c08e5599c.json	2154	c63325ec72dc7c748a7ff9f9ce73aa6279732c0d6ef1b2e1f38d1501be384018	excluded	type .json not kept
rc24	ws-view-live1/.hardkas/dev-accounts/alice.json	913	d642d52f24cf92a8a4b2cbf28a210da762e158eac2587334f4659c55c1fb21fb	excluded	type .json not kept
rc24	ws-view-live1/.hardkas/dev-accounts/bob.json	911	923ab906871222843f887ba7d16ea9e6a75619bcbf0d7aad8237e9c5279905d5	excluded	type .json not kept
rc24	ws-view-live1/.hardkas/dev-accounts/carol.json	913	fca1ac54c41ea18e7b859fcbde16f2238e858d964e7c2de65410f3f08570639f	excluded	type .json not kept
rc24	ws-view-live1/.hardkas/dev-accounts/dave.json	912	81094964bb29b71671da996ffc311ee3080d12f7c34ea594f3872c94c22778c3	excluded	type .json not kept
rc24	ws-view-live1/.hardkas/dev-accounts/erin.json	912	cfc68f4f81e459cd005d1daff719eaac38355f34eb36663990b74e05d0abc658	excluded	type .json not kept
rc24	ws-view-live1/.hardkas/kaspad/.rusty-kaspa/kaspa-simnet/datadir/consensus/consensus-001/000037.sst	8418794	40645a44af7d05d4068b70675c16d23ee857956bc2dec161cf464dfa0056eefd	excluded	type .sst not kept
rc24	ws-view-live1/.hardkas/kaspad/.rusty-kaspa/kaspa-simnet/datadir/consensus/consensus-001/000038.sst	8422843	39873bf1d26750266060c4673b61e06468910ed6af6749431f56e20db7da5dbc	excluded	type .sst not kept
rc24	ws-view-live1/.hardkas/kaspad/.rusty-kaspa/kaspa-simnet/datadir/consensus/consensus-001/000039.sst	8418137	df88d481d76ffbe288974d7f52b7963527011d30e3d84a6cd1aa54a81de7536a	excluded	type .sst not kept
rc24	ws-view-live1/.hardkas/kaspad/.rusty-kaspa/kaspa-simnet/datadir/consensus/consensus-001/000040.sst	8419436	ad308d55229add0812fa2a250c129dda2dcfed817cb90b547f2b3ab3504fca70	excluded	type .sst not kept
rc24	ws-view-live1/.hardkas/kaspad/.rusty-kaspa/kaspa-simnet/datadir/consensus/consensus-001/000041.sst	8440068	87070ec7826189fc18d71c8a1ad9a7213e2b6f21d8df5e1ca580437a7258fc27	excluded	type .sst not kept
rc24	ws-view-live1/.hardkas/kaspad/.rusty-kaspa/kaspa-simnet/datadir/consensus/consensus-001/000042.sst	8488219	173e92d155c872c794758e6989591227300cc00731244db9563467e64656ad40	excluded	type .sst not kept
rc24	ws-view-live1/.hardkas/kaspad/.rusty-kaspa/kaspa-simnet/datadir/consensus/consensus-001/000044.sst	8430913	b3026e93777a6135732708f1274b66f18749b754def15efccdd78dfcdc37ec5b	excluded	type .sst not kept
rc24	ws-view-live1/.hardkas/kaspad/.rusty-kaspa/kaspa-simnet/datadir/consensus/consensus-001/000045.sst	8486617	b293c948244cabd3a72f9f406d0b4031709377717d7c8eea674dc4bc7a3078ee	excluded	type .sst not kept
rc24	ws-view-live1/.hardkas/kaspad/.rusty-kaspa/kaspa-simnet/datadir/consensus/consensus-001/000046.sst	8474745	52a2c5885286c86d3677ea3bbcb56047d4cf79dfe2cb93b2bf8261e0abae57e6	excluded	type .sst not kept
rc24	ws-view-live1/.hardkas/kaspad/.rusty-kaspa/kaspa-simnet/datadir/consensus/consensus-001/000047.sst	8460838	04fc73f33a32f43d92792c27bc0895ab1b367905eaade5dc80cbea3bd9c0d94f	excluded	type .sst not kept
rc24	ws-view-live1/.hardkas/kaspad/.rusty-kaspa/kaspa-simnet/datadir/consensus/consensus-001/000050.sst	5379793	e9669aabdb2f008f94756c5b6852f1535b6691e95769b0b61eb998249cb3e348	excluded	type .sst not kept
rc24	ws-view-live1/.hardkas/kaspad/.rusty-kaspa/kaspa-simnet/datadir/consensus/consensus-001/000052.log	12365238	6e4527e0f10174861d2fe8ea5b18b1333456cdc8c1238b1cd84d5b085e97a05f	excluded	type .log not kept
rc24	ws-view-live1/.hardkas/kaspad/.rusty-kaspa/kaspa-simnet/datadir/consensus/consensus-001/000054.sst	8329737	f9b5442b9391f7446c4883a340c8ce13ddd1cfa3fadfe77d3de62cd213e01082	excluded	type .sst not kept
rc24	ws-view-live1/.hardkas/kaspad/.rusty-kaspa/kaspa-simnet/datadir/consensus/consensus-001/000055.sst	7945921	d0e9a6448800e353baae7d9c25362276669cd665e81c8d9e10f6be6f9099c5df	excluded	type .sst not kept
rc24	ws-view-live1/.hardkas/kaspad/.rusty-kaspa/kaspa-simnet/datadir/consensus/consensus-001/000056.sst	7979393	eaa85499def822ef04e6db9f43d0a26dd92bf95e725d62230bb420ee495de68b	excluded	type .sst not kept
rc24	ws-view-live1/.hardkas/kaspad/.rusty-kaspa/kaspa-simnet/datadir/consensus/consensus-001/000057.sst	4307226	cf2d3ce110c245026228bb27f3dd1e417ce3ffce8fec67e1c0761a678f879a7a	excluded	type .sst not kept
rc24	ws-view-live1/.hardkas/kaspad/.rusty-kaspa/kaspa-simnet/datadir/consensus/consensus-001/000058.log	11447622	fb16ad1d36afe442fd26636b99a6110830153be4e26d68c63031653e385414ee	excluded	type .log not kept
rc24	ws-view-live1/.hardkas/kaspad/.rusty-kaspa/kaspa-simnet/datadir/consensus/consensus-001/CURRENT	16	9c283f6e81028b9eb0760d918ee4bc0aa256ed3b926393c1734c760c4bd724fd	excluded	type (none) not kept
rc24	ws-view-live1/.hardkas/kaspad/.rusty-kaspa/kaspa-simnet/datadir/consensus/consensus-001/IDENTITY	36	fcb63f7e0cbbc743bb276c4c29257badc5849d24e082b025c7297f94c22138fe	excluded	type (none) not kept
rc24	ws-view-live1/.hardkas/kaspad/.rusty-kaspa/kaspa-simnet/datadir/consensus/consensus-001/LOCK	0	e3b0c44298fc1c149afbf4c8996fb92427ae41e4649b934ca495991b7852b855	excluded	type (none) not kept
rc24	ws-view-live1/.hardkas/kaspad/.rusty-kaspa/kaspa-simnet/datadir/consensus/consensus-001/LOG	141868	4bcc13562daf4289937c351b4e828db9783dd1b9b4ff4e81ceeb3ab56b8c6bb1	excluded	type (none) not kept
rc24	ws-view-live1/.hardkas/kaspad/.rusty-kaspa/kaspa-simnet/datadir/consensus/consensus-001/MANIFEST-000005	5659	86653732bfbc3f247eda2c2528a51e68a74da1733104b945e12217ad098322a0	excluded	type (none) not kept
rc24	ws-view-live1/.hardkas/kaspad/.rusty-kaspa/kaspa-simnet/datadir/consensus/consensus-001/OPTIONS-000007	7868	cd4f923352b13a7a897f512c933a8b5587cb623f92fd6136d14f27a8e989fdb3	excluded	type (none) not kept
rc24	ws-view-live1/.hardkas/kaspad/.rusty-kaspa/kaspa-simnet/datadir/meta/000004.log	195	ced979807cae014fbaa8dd1954bfd980542bfc9bfa04abc7cc12539f8af4d3bf	excluded	type .log not kept
rc24	ws-view-live1/.hardkas/kaspad/.rusty-kaspa/kaspa-simnet/datadir/meta/CURRENT	16	9c283f6e81028b9eb0760d918ee4bc0aa256ed3b926393c1734c760c4bd724fd	excluded	type (none) not kept
rc24	ws-view-live1/.hardkas/kaspad/.rusty-kaspa/kaspa-simnet/datadir/meta/IDENTITY	36	2dda082a8bfb6dcb33d0fb9d26b832d2c76d5446b88ad0027a23b28f0a165461	excluded	type (none) not kept
rc24	ws-view-live1/.hardkas/kaspad/.rusty-kaspa/kaspa-simnet/datadir/meta/LOCK	0	e3b0c44298fc1c149afbf4c8996fb92427ae41e4649b934ca495991b7852b855	excluded	type (none) not kept
rc24	ws-view-live1/.hardkas/kaspad/.rusty-kaspa/kaspa-simnet/datadir/meta/LOG	35659	89299241d8550ceafae872ee6ae06c84e41111f3fb962b65cd8ed5211c2f5b2b	excluded	type (none) not kept
rc24	ws-view-live1/.hardkas/kaspad/.rusty-kaspa/kaspa-simnet/datadir/meta/MANIFEST-000005	116	cf04fc9a0de1e6775e37ff2b2d2cfd36dddede0bbe338f1f69bd3b948962b04b	excluded	type (none) not kept
rc24	ws-view-live1/.hardkas/kaspad/.rusty-kaspa/kaspa-simnet/datadir/meta/OPTIONS-000007	7864	966a9b8ff44a8b411603a8b9f9991b3aad47f323839de97f8cf55465929be222	excluded	type (none) not kept
rc24	ws-view-live1/.hardkas/kaspad/.rusty-kaspa/kaspa-simnet/datadir/utxoindex/000004.log	15419016	13deff475c7c43a4cae6e38f57a7c6b14701da968fd1b543e14378b7458e2347	excluded	type .log not kept
rc24	ws-view-live1/.hardkas/kaspad/.rusty-kaspa/kaspa-simnet/datadir/utxoindex/000008.log	3846018	0c3359ad516ced45dbb6f2f4edc91dcd1dc59b849f66e794384252d89878aedf	excluded	type .log not kept
rc24	ws-view-live1/.hardkas/kaspad/.rusty-kaspa/kaspa-simnet/datadir/utxoindex/CURRENT	16	9c283f6e81028b9eb0760d918ee4bc0aa256ed3b926393c1734c760c4bd724fd	excluded	type (none) not kept
rc24	ws-view-live1/.hardkas/kaspad/.rusty-kaspa/kaspa-simnet/datadir/utxoindex/IDENTITY	36	13faf2ff78e5a9c8d229fed36be5c9847d352a629273b1004398a8e6ca3cc65f	excluded	type (none) not kept
rc24	ws-view-live1/.hardkas/kaspad/.rusty-kaspa/kaspa-simnet/datadir/utxoindex/LOCK	0	e3b0c44298fc1c149afbf4c8996fb92427ae41e4649b934ca495991b7852b855	excluded	type (none) not kept
rc24	ws-view-live1/.hardkas/kaspad/.rusty-kaspa/kaspa-simnet/datadir/utxoindex/LOG	35833	416f4e8d8fcf50b41bdd40fca2625b337057cf9d721725440ff1fc7134cdd412	excluded	type (none) not kept
rc24	ws-view-live1/.hardkas/kaspad/.rusty-kaspa/kaspa-simnet/datadir/utxoindex/MANIFEST-000005	116	81311a25099e6e2aa411dc217f42787af51e6a57c7d9372b6a9bc9366ad56586	excluded	type (none) not kept
rc24	ws-view-live1/.hardkas/kaspad/.rusty-kaspa/kaspa-simnet/datadir/utxoindex/OPTIONS-000007	7868	723f8b0909430ea6d48759f5d4760ad6a0e174551b13860c44f978295de611ec	excluded	type (none) not kept
rc24	ws-view-live1/.hardkas/localnet.json	2349	88b01df97b0a7a78272f444eed59ed66feaf7295ece83abbcdfe9dfad53a3995	excluded	type .json not kept
rc24	ws-view-live1/events.jsonl	11659	69de6250422443054891c212e38364e1fe2f08b392c04aba433ae4f904ffc3ae	excluded	type .jsonl not kept
rc24	ws-view-live1/hardkas.config.ts	893	06546bc174da99a19d5b4748078a0e11352d6c8d17a01d624eef107b4ca99ace	excluded	type .ts not kept
rc24	ws-view-live1/package.json	316	cf1817349261556cae1b233f8cb6bd12f3e39503452dae949b29089699dfb87a	excluded	type .json not kept
rc24	ws-view-live1/plan1.json	3181	ee0f67fefeffe5f8e6c1685b53088e189e78b98dc8b42c60e4e7aac5ddc47797	excluded	type .json not kept
rc24	ws-view-live1/plan2.json	3183	c3dfd58af384c370dd5a6da11845a09dc5fbcf6fcb2c741b23cc145d9bb4e6ac	excluded	type .json not kept
rc24	ws-view-live1/plan3.json	3183	bd9f04261fc36dcfd9f50024a53f760e50992a96e24cf9de2da2daae5a558b00	excluded	type .json not kept
rc24	ws-view-live1/signed1.json	2153	c9ae8fd23bd6ed95a7b1a3315ccf46f571230117a80daf8e38c89a4a74e40c54	excluded	type .json not kept
rc24	ws-view-live1/test/payment.test.ts	763	90927b16a4a25b7400b211497c08ae6826d9eb7eeee928e99ffd503443b1ee9e	excluded	type .ts not kept
rc24	ws-view-live1/vitest.config.ts	141	c630736d7cded05a28e07de389f1dffc3f9ba0569838e58be62deff6e1e28d52	excluded	type .ts not kept
reuse-audit	sobra-hardkas.html	25135	1e04fa7ddd50a1676f866955faec0d0c4ebdfdc51c57c8541208e970d24f151a	excluded	type .html not kept
v210	after-build1.json	416270	987bdb5053596927ae5480feccef06646e748383af0c885fbba9f848ea832436	excluded	type .json not kept
v210	baseline-owner-rc25.patch	181654	4b615c968f455b04318247ffe1f818569d01b47c38279119b89a6c4f6b96532a	excluded	type .patch not kept
v210	baseline-status.txt	11022	b1c7ab3c2e30ccc9b62ba58bdf3c8c836101a6382a3ee77e23d80084e449d146	excluded	type .txt not kept
v210	baseline-tree.json	415797	1424f86f38a09179db000653e83e71f193285fcc0598b68e9c1c65dc7a4cacde	excluded	type .json not kept
v210	build1.log	60341	2da1e1eb3343f7fbc4e8fa555a394de2d2cb73c5c64850fc1fbca78f89b31d21	excluded	type .log not kept
v210	corpus-record.ps1	1207	1d73ad680361f8dd8e8c2b57e3c4d298d2a76be3d2517293a5457a63ab3e4b8e	excluded	type .ps1 not kept
v210	corpus-verify1.err	0	e3b0c44298fc1c149afbf4c8996fb92427ae41e4649b934ca495991b7852b855	excluded	type .err not kept
v210	corpus-verify1.json	1358	84cdaa541b2b6d6642affbce71deb26293b95c73be8027cf1c0226c1479e56bd	excluded	type .json not kept
v210	corpus1/run-silver-escrow.mjs.log	1676	2ac685a6337fe5107e09312ec8316922b1bbfece21f5d19694e61794e7583d24	excluded	type .log not kept
v210	corpus1/run-silver-v1.mjs.log	3064	60dc99e6b295cdd5ff76ce41cdea93fc524939f4523389a515433bba24c647d5	excluded	type .log not kept
v210	corpus1/run-silver-v1b.mjs.log	2774	4142bdfc5285bed291b8e0616db6e023880378742094f062596f2bed72f256f2	excluded	type .log not kept
v210	corpus1/run-silver-v2-covenant.mjs.log	1760	88cc8aa21a6d7cfd84a3a09f29923c9b4bb0c1d0dc331f46baa90db1fa4d2f48	excluded	type .log not kept
v210	corpus1/summary.txt	231	e873799c3a77c417f706f5ae4cb45966342a39b3e4bacb01d31be44bee172cd0	excluded	type .txt not kept
v210	corpus2/run-silver-escrow.mjs.log	3046	7607f19a1256199475b8dd1aaf244a9a172042e7622ad9fa66bd1965d7a75195	excluded	type .log not kept
v210	corpus2/run-silver-v1.mjs.log	1958	9a98be94600d4110a14435f40b7f0929207b957656dab16785b348b5afb126c3	excluded	type .log not kept
v210	corpus2/run-silver-v1b.mjs.log	1660	0bd201726b9f3ac7a75116022aabbc6d729d3c1ba997f3d6bb657f1ef4e552a7	excluded	type .log not kept
v210	corpus2/run-silver-v2-covenant.mjs.log	10594	3eb995360a69d273215050be208bcb83b9c57a51570378278cb0a7cb5ac59a83	excluded	type .log not kept
v210	corpus2/summary.txt	231	c1ab73925a3e11f7616595689b4dbd505fbb9f71081341274b1af7f6be014c44	excluded	type .txt not kept
v210	corpus3/run-silver-v1.mjs.log	1729	81b9523d425ba7b9adb0b18c30c649af11e45c0a700cb08fb4ad5c42a6b5cad8	excluded	type .log not kept
v210	corpus3/run-silver-v1b.mjs.log	3062	957efa97b91137b8d69cad724ebd5d8b8bca38c9ddc4c5f2e947bae8a6bf01e0	excluded	type .log not kept
v210	corpus3/summary.txt	78	4553e93aa4d2f25552572572ee2e65aeea7267f281bef42d6c9b84cf235d04e2	excluded	type .txt not kept
v210	docker-after-v210-full1.txt	4628	54b4c11ca34ae5073c30f4a7d9be1acf9d535748c2fcb7ecc2f2e54f15719c64	excluded	type .txt not kept
v210	docker-before-v210-full1.txt	4628	54b4c11ca34ae5073c30f4a7d9be1acf9d535748c2fcb7ecc2f2e54f15719c64	excluded	type .txt not kept
v210	docs-check-claims.log	788	1ccf6a83cd51179ba7f5dddbbe39fc46ae7bbcc8c0b801023b0386b15cd84e35	excluded	type .log not kept
v210	docs-check-cli-1.log	1062	9fbd4ffba8b66efbe6949f6d303ebff8c1887113809a697cd7a27417efec3672	excluded	type .log not kept
v210	docs-check-cli-2.log	400	5cc86c6abe44bfd14a58ac5fb1a76c9168186b20e65c67c7335e56494f3ae56b	excluded	type .log not kept
v210	docs-check-cli.log	400	5cc86c6abe44bfd14a58ac5fb1a76c9168186b20e65c67c7335e56494f3ae56b	excluded	type .log not kept
v210	docs-check.log	636	d73f8624583dd00e5c52391cc637fa9c839681cfaa3bd793a3e7a7b131496e81	excluded	type .log not kept
v210	docs-generate-cli.log	468	bf8b006f64afbb1ab26c028e851d2bda03b0528635d3fc40d043ff1cdc476743	excluded	type .log not kept
v210	final-tree.json	416270	140681e6b447305b23fafb039a03828c16714d256bed4e480e480cece6fcfc48	excluded	type .json not kept
v210	gauntlet1.log	76629	4cdbcd3708a7b5dcf658b166e4a052cb223f3f93089b777059688efb33dcb476	excluded	type .log not kept
v210	gauntlet2.log	63596	4f305143efb80504442871621f71c451fc2346e4c765d664d1a870ccf10ca97b	excluded	type .log not kept
v210	head.node	6745737	66e124474b5afefec32bc422cb5194aee76b1de4205bfab4232be00105870729	excluded	type .node not kept
v210	kaspa-wasm32-sdk-v2.1.0.zip	56646535	ba674e109ff5dd8bedc4dc2ee8a5ecdf4b600b1178a541d77888ec58310b6124	excluded	type .zip not kept
v210	lint.log	69937	64c67d5588a4193966d2d8ef7356abf1b7b74eea6f5784fbf1f19d363d543118	excluded	type .log not kept
v210	lint2.log	132356	30755da3452907ea54890c2c0cd9e98fe714bae51c12d51215824c8b8ac2c9e5	excluded	type .log not kept
v210	my-files.txt	2157	9741c22ef9365d25d159c4a14c91464567c5a7a7fb2371e5cfe69b05a58a9ba6	excluded	type .txt not kept
v210	pack-gate.ps1	2679	6a25996739ffef6f87d464cfac4f9a4a28c93b5a394b5689cf5543657db929c8	excluded	type .ps1 not kept
v210	pack1/build.log	119554	7923d6db3758349bbddbb6a6321102d33f3fdfe786dc26ef7dfea0ec689fddbf	excluded	type .log not kept
v210	pack1/pack-gate.log	11128	5d030e51885f79c6e7436865fdcc1a495d15688fd02307260fdfc2ece85f3a3b	excluded	type .log not kept
v210	pack1/tarball-sha256.txt	1331	0b52a0f73460eec265cb84ffb20a0c1d7603c712da644cadf2a2fc01a27914a1	excluded	type .txt not kept
v210	pack1/tarballs/hardkas-accounts-0.12.0-rc.25.tgz	35254	11d2c7ce8da8a8030f83e0a212e87a9a868fedec74696f92b725a57e566d3c49	excluded	type .tgz not kept
v210	pack1/tarballs/hardkas-artifacts-0.12.0-rc.25.tgz	96897	455bbb2fc513acfbfa631be2be372e68dda1fb2432c973312c682ab8bdd2be58	excluded	type .tgz not kept
v210	pack1/tarballs/hardkas-bridge-local-0.12.0-rc.25.tgz	4566	a09abc0870fa2899758f40467c295b25832a1ce9090a870b8c4b0c5acc23944c	excluded	type .tgz not kept
v210	pack1/tarballs/hardkas-cli-0.12.0-rc.25.tgz	296652	0a12d1e9a6380cd65bcd390834000280a8b40d7ac2ec13c77e931e15fbe3f98d	excluded	type .tgz not kept
v210	pack1/tarballs/hardkas-config-0.12.0-rc.25.tgz	5027	642a3e63a5c1589fb4686bbf69b3d85aac7688e90559b79789f73a6fd0a1be7a	excluded	type .tgz not kept
v210	pack1/tarballs/hardkas-core-0.12.0-rc.25.tgz	61513	d57b9e21871309d6f25a10e863e7fede04debfaaa89a2f7a6603d16c2bbc0b99	excluded	type .tgz not kept
v210	pack1/tarballs/hardkas-dev-server-0.12.0-rc.25.tgz	128195	1ef56520ecd457b6e95a287e1b15b61bb8b4b75563e5af462e8c33d7744c3675	excluded	type .tgz not kept
v210	pack1/tarballs/hardkas-escrow-0.12.0-rc.25.tgz	4792	0639f430361dba698d9c421acb731a90b7c2ff116f0d39acdb0725c77fda23a8	excluded	type .tgz not kept
v210	pack1/tarballs/hardkas-jobs-0.12.0-rc.25.tgz	8215	d9d84b4d402215994e8ba8128b625edc94158b4b5bb64e68fc81a348139536b6	excluded	type .tgz not kept
v210	pack1/tarballs/hardkas-kaspa-rpc-0.12.0-rc.25.tgz	26768	9ee08fedb32adf2e12bd451a0fb3622226701bc8c2f3f5fdee72fd552288d8bf	excluded	type .tgz not kept
v210	pack1/tarballs/hardkas-l2-0.12.0-rc.25.tgz	8559	ba61b2b5cc7205d95f6c1457f6ae6c7ec4217a1199e96415f88f313a81fbfe5f	excluded	type .tgz not kept
v210	pack1/tarballs/hardkas-localnet-0.12.0-rc.25.tgz	19523	6e2da2e4932771428ea47d24050f26688361de9c9ec03767794b84a52af31202	excluded	type .tgz not kept
v210	pack1/tarballs/hardkas-node-orchestrator-0.12.0-rc.25.tgz	4114	3583d64008b5f3e2a6506e04dd65187995aa79af9f2ab0dd5df61b9494adbaf7	excluded	type .tgz not kept
v210	pack1/tarballs/hardkas-node-runner-0.12.0-rc.25.tgz	5965	4c1e7b34ea6219276bbaeb48fff0098712971b14c610314d5cc96a57b5c1d4a1	excluded	type .tgz not kept
v210	pack1/tarballs/hardkas-observability-0.12.0-rc.25.tgz	3693	5089a2290aad2520e0bcdd731b3a958ec4758c0a28c5c2e272e87d76e486ca86	excluded	type .tgz not kept
v210	pack1/tarballs/hardkas-pskt-native-0.12.0-rc.25.tgz	2120166	b94eb4c48f4ffb05abb8a5d910556e848294ef196a8715d436701544062ec929	excluded	type .tgz not kept
v210	pack1/tarballs/hardkas-query-0.12.0-rc.25.tgz	24602	d84b1481d2465321804745e109e1adf553accd2694dea5cb9cff77652dc74a08	excluded	type .tgz not kept
v210	pack1/tarballs/hardkas-query-store-0.12.0-rc.25.tgz	30830	c97c6bf37829c01a3e3f4603a025e87e7187818ad460c846ba3c6912346784ad	excluded	type .tgz not kept
v210	pack1/tarballs/hardkas-rpc-events-0.12.0-rc.25.tgz	14628	b2eaae1a492e3469d2d40e072ab1b59ae5a9b4895c3c8832e75143a6f0363a89	excluded	type .tgz not kept
v210	pack1/tarballs/hardkas-sdk-0.12.0-rc.25.tgz	77203	e8aede93327bb71f5092fae0980fe994474ceb4622408460bc9f4968841573de	excluded	type .tgz not kept
v210	pack1/tarballs/hardkas-sessions-0.12.0-rc.25.tgz	2660	5acbae9b53df2e42042332efa9ecb2ee7975f308d9d7f07c68f764fb3ebffc71	excluded	type .tgz not kept
v210	pack1/tarballs/hardkas-simulator-0.12.0-rc.25.tgz	15399	32c7e570e8bfb22ac8e8361a93b2f0aeb8e9830865237daaaaf6e03d9eb02ca7	excluded	type .tgz not kept
v210	pack1/tarballs/hardkas-testing-0.12.0-rc.25.tgz	37853	ebae7dc2d333b6b79b520e6f29c6129b4f2295d9b62e99bebd1e3db38110acc5	excluded	type .tgz not kept
v210	pack1/tarballs/hardkas-toolkit-0.12.0-rc.25.tgz	45188	345657aa94532e88b2513d2592c7e507af18d9146192a1c4c5862c4a7028b47d	excluded	type .tgz not kept
v210	pack1/tarballs/hardkas-tx-builder-0.12.0-rc.25.tgz	26564	a6adfda4ca71bd4303840dc6ceebec02dd89e5045ac26791bb3bfcf499243861	excluded	type .tgz not kept
v210	pack1/tree-after.json	416270	140681e6b447305b23fafb039a03828c16714d256bed4e480e480cece6fcfc48	excluded	type .json not kept
v210	pack1/tree-before.json	416270	140681e6b447305b23fafb039a03828c16714d256bed4e480e480cece6fcfc48	excluded	type .json not kept
v210	published-vs-qualified-rc25.log	1609	f33a8615337cf27aa9fd68cea0f0d4bf73f3db271d3f282a0a55569d68ba73eb	excluded	type .log not kept
v210	qual-npm-v210.cjs	19432	0ad57e1affecd7c8af84fbef54adb13906fc239f62993856efafe7897f3af870	excluded	type .cjs not kept
v210	qual-v210.cjs	27524	6bc5f1199da14b7f3ff63bfc8a16fb233457864a194988657be7b6b3dabcb9d8	excluded	type .cjs not kept
v210	run-files.ps1	1031	635e1b4da5210380d1d1dad2a4a1685a8e65e0ae6c32d30e05566efd2ca0060d	excluded	type .ps1 not kept
v210	run-full.ps1	1144	b74490baea2f1afc5b30f6d57e3f7625033c29beefe8bf4394cca7677c585caf	excluded	type .ps1 not kept
v210	silverc1.log	19326	dfb098283665177b3a16cf68747562011aef547f8f632e49d2b4e080d8af3c99	excluded	type .log not kept
v210	simnet-mempool-201.log	1582	80bf60ccee032f284d56b0a1a03e9688db0938280a8df492811cae07cdaeb7ae	excluded	type .log not kept
v210	simnet1.log	3209	74987a2b92833ef4893c095e7ef3381d4ced119263cd61c8a049acb2cab93db4	excluded	type .log not kept
v210	typecheck1.log	54571	6f4d2100a5f9d6d802a3026a1ce55e078dca0e4af7df9b894276a96d8b35daf7	excluded	type .log not kept
v210	v210-block.patch	73167	8c17bc7637bc802c916dee8c809e9acecd20071ba67b35e61474edd35e5effac	excluded	type .patch not kept
v210	v210-full1.exit	23	4c7d5a7a2209c9e10f7c57d1e8c20b9eb9c5c09fb37c329e38090dc2eb64e837	excluded	type .exit not kept
v210	v210-full1.json	731090	cd0fbaf8c55886014b11c87fb75b1f27f39ba993dc177133d2abfc6f0eb7453e	excluded	type .json not kept
v210	v210-full1.log	262482	397e1564f6885a559ed1f7ec30b82c1833b00ee3065b00e0ff0ecd3b89d73c43	excluded	type .log not kept
v210	v210-targeted1.exit	8	bf03f07f4d7cc54b16f60f2867e4e759f806ec32efc8167e514fe0e45ee20ea6	excluded	type .exit not kept
v210	v210-targeted1.json	37516	f156d619df17f67b633e68d674c140d0f5b025a44d6316bab5e090bb3f9989b8	excluded	type .json not kept
v210	v210-targeted1.log	14962	8d3a7f20d2521fb06501330f8eb03382d260a7ef1a95a8a17b6f608a3054545e	excluded	type .log not kept
v210	v210-targeted2.exit	8	cc258d839e50d5e0cf220528399d5c29a6bcc5c3a9ee2616a915627e0363d91d	excluded	type .exit not kept
v210	v210-targeted2.json	3443	2c11b4598bf9183e5dfbf1721a4b836f0e61fb3f040ab17ddc0929fc6202ae93	excluded	type .json not kept
v210	v210-targeted2.log	2696	0c67ac896b21835f0a4ef5ebead5a67cbb4187f8b1d501582b5fe04cdcc45f3b	excluded	type .log not kept
v210	version-check.log	665	453949484174f738e4c39ddc776512a4af5050fd8830ed8d37f43ad941d2e01c	excluded	type .log not kept
poc	cli-debugger-build.log	14649	63d07b40adb9725d45f537d1917824a499d8a2bd84e49138b77404ab59e8e82b	excluded	type .log not kept
poc	dts-show.cjs	550	8bd9a175ad789c556f22eb7900f25310a4debcc51eec92d436c1b92835101ed4	excluded	type .cjs not kept
poc	planner-substitution-1.json	4411	63daff87a94b11fa6679638356efaa9b3eab1c213ed39e67c9e9f3549b6dcacf	excluded	type .json not kept
poc	planner-substitution.mjs	6386	a2dfe79ca09d0602a1025da4051acb523b13c89e8876a643eafbe91f1477d7ab	excluded	type .mjs not kept
poc	pruebas-sustitucion.html	21181	92ebb3dc50f2ac747bf9d70865ad25824ba615f9a2bb1457b4617b18b061fb28	excluded	type .html not kept
poc	pskt-substitution-1.json	1423	7687a5ea9b8ff1e5cf782e3a06ac0e6e8327b5803c282248b18b555619791846	excluded	type .json not kept
poc	pskt-substitution-2.json	2239	f37f6142d68ff53a257ba82337eff1c6cbd39dd6cabe8bc83a5f413d87b746f5	excluded	type .json not kept
poc	pskt-substitution-3.json	3321	5e8c02e520a9c8338734ba173b0b4e29ba8ae1bfd59805fc95072399e86bfe2c	excluded	type .json not kept
poc	pskt-substitution-4.json	3621	a47e9f8283db7919b42ab3df2563f617cbe4dfe1079ab1b2ef7820286e48e2e1	excluded	type .json not kept
poc	pskt-substitution.mjs	10806	c9d23ecb3d3291478b369703195f2e6907dcd4adc042ffbccc20d757d251b3aa	excluded	type .mjs not kept
poc	rpc-parity-2.json	6214	13f7b7a055dac48627ae47617d8d4c7987812257abcac57c6f556dfb662b186b	excluded	type .json not kept
poc	rpc-parity-3.json	6628	83f97df6d43aae93a71ae7cdfc3c5dff28ee69f1dbd310e8af699aaae895d442	excluded	type .json not kept
poc	rpc-parity.mjs	15276	1668b037f21a50b721fee59fece4531da6dbc896d6e59cd96dc9f40373688d59	excluded	type .mjs not kept
poc	silver-substitution-1.log	224	0d343d84b985c0ed24e1c76fe41c47f4013506f2d05af312e1e613337564bd7c	excluded	type .log not kept
poc	silver-substitution-2.json	4499	fb488e9e2c0e376005e0b64edbc0847aabce85a5ff21e142352c393f9bd1b35f	excluded	type .json not kept
poc	silver-substitution.mjs	10215	b261933dd514bf4c8ddba5c6e8534d1bfb1fe1ca7b784a6e2af2d6e72ec6321b	excluded	type .mjs not kept
phase1	3a-focused.exit	8	cc258d839e50d5e0cf220528399d5c29a6bcc5c3a9ee2616a915627e0363d91d	excluded	type .exit not kept
phase1	3a-focused.json	3528	3dc3ae9cac0b4d9b73085540d94411acc74ba4de3da16420fa686009b9d4a5de	excluded	type .json not kept
phase1	3a-focused.log	1483	8d4d985486c255d215e823bcdb6c21fbd5bcaf57fc1f6f0c3ae75344ad9fbfd7	excluded	type .log not kept
phase1	3a-gate1.exit	23	91e96e084dd59e11ee36b2bbf732c122b061b93cbe0bc50aefb81decc1236b2b	excluded	type .exit not kept
phase1	3a-gate1.json	746697	456912ccfc8aecc16dffefc90b6d911a11e722313deb24075de9a5ac87a17736	excluded	type .json not kept
phase1	3a-gate1.log	87440	324ee2ff3dd596b307c238fcd779a5ca289be412cc4ad36a238c0dd7ce598209	excluded	type .log not kept
phase1	3a-regression-on-head.exit	8	bf03f07f4d7cc54b16f60f2867e4e759f806ec32efc8167e514fe0e45ee20ea6	excluded	type .exit not kept
phase1	3a-regression-on-head.json	5091	5ff418815a4e0a84b5c226c5c781f066faad274d02936ab295b2047e859523e5	excluded	type .json not kept
phase1	3a-regression-on-head.log	20307	b933b50e7d9a905915a2ee1c93b364a7a3c7d108f37cfdf7a08bdb0286166976	excluded	type .log not kept
phase1	3b-after-packages.exit	8	cc258d839e50d5e0cf220528399d5c29a6bcc5c3a9ee2616a915627e0363d91d	excluded	type .exit not kept
phase1	3b-after-packages.json	137989	9bacb8c15d63abdcdd9754d18c7e5ddff3c65199d007e251f4b71faef524303f	excluded	type .json not kept
phase1	3b-after-packages.log	15502	6b7adb4bd2f414d36b35cebed0dd49e193cca8e745ff8f1ed53dad1f3ab01f47	excluded	type .log not kept
phase1	3b-after-packages2.exit	8	cc258d839e50d5e0cf220528399d5c29a6bcc5c3a9ee2616a915627e0363d91d	excluded	type .exit not kept
phase1	3b-after-packages2.json	138495	1b842fca7978b54dd2315364ae790f033f898bbce6eac6d99261aa010b70f7c4	excluded	type .json not kept
phase1	3b-after-packages2.log	15685	fe5c560c2d2e48522297f985229bc59f20b75fdcd99d7b3a35f611e9e12098f5	excluded	type .log not kept
phase1	3b-after-targeted.exit	8	cc258d839e50d5e0cf220528399d5c29a6bcc5c3a9ee2616a915627e0363d91d	excluded	type .exit not kept
phase1	3b-after-targeted.json	13200	872b2e8a4971f172f80e51ddf9c570e7cedfd7b3028780e908aebb35b02f24e5	excluded	type .json not kept
phase1	3b-after-targeted.log	2726	ae6a1dfadc5d728b76254790b7b42d73d2af4b2f6797b766ec622689a9c2de59	excluded	type .log not kept
phase1	3b-after-targeted2.exit	8	cc258d839e50d5e0cf220528399d5c29a6bcc5c3a9ee2616a915627e0363d91d	excluded	type .exit not kept
phase1	3b-after-targeted2.json	13673	4dfdd514bd18364164e1bcaef5c8c84c12538e8fbf4fb8c3db4a69b6cb1d0a35	excluded	type .json not kept
phase1	3b-after-targeted2.log	2728	37ffe85f972883dbb12172c0e86ffb6eaadde4cde16b5ce6e392f35a947d9ea3	excluded	type .log not kept
phase1	3b-before-R1-R4-on-head.exit	8	bf03f07f4d7cc54b16f60f2867e4e759f806ec32efc8167e514fe0e45ee20ea6	excluded	type .exit not kept
phase1	3b-before-R1-R4-on-head.json	37903	af12109b260a43e0af9ced2031fda347295680474445334d75425be56273fef9	excluded	type .json not kept
phase1	3b-before-R1-R4-on-head.log	20771	9793772b30f7f651f08b1829c4b708f82d0e6d420fdb67d5a2a19da9f02b0c8d	excluded	type .log not kept
phase1	3b-before2-R1-R4-on-head.exit	8	bf03f07f4d7cc54b16f60f2867e4e759f806ec32efc8167e514fe0e45ee20ea6	excluded	type .exit not kept
phase1	3b-before2-R1-R4-on-head.json	38061	9782f40729b337fda16b10949b48501cfc462503641c20533a50ccbab35ec09f	excluded	type .json not kept
phase1	3b-before2-R1-R4-on-head.log	20929	39752aba0ac287c2c72a93650ada4bc286e477ef11626940e29b847d2fa0f54c	excluded	type .log not kept
phase1	3b-gate1.exit	23	91e96e084dd59e11ee36b2bbf732c122b061b93cbe0bc50aefb81decc1236b2b	excluded	type .exit not kept
phase1	3b-gate1.json	757781	aa1721477ed93c0dc43c552aa1eb4e56b98a0cd67017b10260c71d0e3f4340fc	excluded	type .json not kept
phase1	3b-gate1.log	88125	8aea5022c50e62598240d65ac7c4d91c1bfff7a7adcfc8c9f420fa171e2df656	excluded	type .log not kept
phase1	3b-R5-before-timeout.exit	8	bf03f07f4d7cc54b16f60f2867e4e759f806ec32efc8167e514fe0e45ee20ea6	excluded	type .exit not kept
phase1	3b-R5-before-timeout.json	6858	f780f9f1a73513cef554b3d81994ed25059d61b0137217b87ac0d22292f3afe7	excluded	type .json not kept
phase1	3b-R5-before-timeout.log	3004	b83d409d67fedb0634a5148fc63599c6051bc8fa5f7b4ea0b677a2fa0ab00436	excluded	type .log not kept
phase1	after-kaspa-rpc-1.exit	8	bf03f07f4d7cc54b16f60f2867e4e759f806ec32efc8167e514fe0e45ee20ea6	excluded	type .exit not kept
phase1	after-kaspa-rpc-1.json	67857	b19c2bdc0ba0bdb4bc1ff9ea8a1caf2ab39be67f685e6698b0821ca8ebb53556	excluded	type .json not kept
phase1	after-kaspa-rpc-1.log	46196	32a77f462dd97cfe4ad562e4e21d908375025cbae2edfe3d5b6bdef30c7f738a	excluded	type .log not kept
phase1	after-kaspa-rpc-2.exit	8	bf03f07f4d7cc54b16f60f2867e4e759f806ec32efc8167e514fe0e45ee20ea6	excluded	type .exit not kept
phase1	after-kaspa-rpc-2.json	38876	10986a65c2fc52c661be24c233000e6b3d56d94f29de4c128e5cb6e6b11824f4	excluded	type .json not kept
phase1	after-kaspa-rpc-2.log	22347	30fbd0d789fbf56854f701ccbc5d421b7a9630e4a9cfa25ccdde4aef5c5ed261	excluded	type .log not kept
phase1	after-kaspa-rpc-3.exit	8	cc258d839e50d5e0cf220528399d5c29a6bcc5c3a9ee2616a915627e0363d91d	excluded	type .exit not kept
phase1	after-kaspa-rpc-3.json	37161	9f2ab396fb11d89ed4b941ead387d4419357b232df46e38e1a1777340fb09b4c	excluded	type .json not kept
phase1	after-kaspa-rpc-3.log	20803	f8a84ee20176c2ac3d3b9d5f4713c55e35ac9d3cd8a3e155ac47550f6e20ef17	excluded	type .log not kept
phase1	after-kaspa-rpc-4.exit	8	cc258d839e50d5e0cf220528399d5c29a6bcc5c3a9ee2616a915627e0363d91d	excluded	type .exit not kept
phase1	after-kaspa-rpc-4.json	37172	677c60f68a3ac3195a141e0f96c52eaeb821bd7c503872bf5543061a6c06ab6a	excluded	type .json not kept
phase1	after-kaspa-rpc-4.log	20803	ca883880610b38d52d650acb1101aa51c468a805b21e4a079ecfc662de632c66	excluded	type .log not kept
phase1	after-kaspa-rpc-5.exit	8	cc258d839e50d5e0cf220528399d5c29a6bcc5c3a9ee2616a915627e0363d91d	excluded	type .exit not kept
phase1	after-kaspa-rpc-5.json	37152	4453446067d32b54d4382445e3508fc31b242e08996604580e41b4ed3a53788e	excluded	type .json not kept
phase1	after-kaspa-rpc-5.log	20804	1c87f3d48baaa89cdebe4d34e3efa82c0c927b75deca4db7db8b9fb2ecc1e557	excluded	type .log not kept
phase1	baseline-kaspa-rpc.exit	8	cc258d839e50d5e0cf220528399d5c29a6bcc5c3a9ee2616a915627e0363d91d	excluded	type .exit not kept
phase1	baseline-kaspa-rpc.json	27487	40b01a7aa6cb71e6bdf6b923b6a4fbc4490bd8d0904f618bfec7208b4505041e	excluded	type .json not kept
phase1	baseline-kaspa-rpc.log	20369	6e59f989d71077e87e3792c26382411109bfa702351cef9b246ab3b80dc7fce4	excluded	type .log not kept
phase1	baseline-status.txt	0	e3b0c44298fc1c149afbf4c8996fb92427ae41e4649b934ca495991b7852b855	excluded	type .txt not kept
phase1	build-1.log	60040	318eafaeac4262a8a721cf81b01b00168eee8e93bf8b89f352ec5b975d36ddef	excluded	type .log not kept
phase1	cut4-netparams-config1.exit	8	cc258d839e50d5e0cf220528399d5c29a6bcc5c3a9ee2616a915627e0363d91d	excluded	type .exit not kept
phase1	cut4-netparams-config1.json	7310	e1062cdb1823aaa478aa1a8f55f01e135874bef574aae1aa4c581e63921ecb40	excluded	type .json not kept
phase1	cut4-netparams-config1.log	4498	d3bd482665a27c0b12773072bdeaf94d1b60a808fa74e79400836719b95453fa	excluded	type .log not kept
phase1	cut4-netparams-config2.exit	8	cc258d839e50d5e0cf220528399d5c29a6bcc5c3a9ee2616a915627e0363d91d	excluded	type .exit not kept
phase1	cut4-netparams-config2.json	2873	96015dbedfdf4450e88594a53346c0ab71c85eb7876ec529f8e16d1e9c605abb	excluded	type .json not kept
phase1	cut4-netparams-config2.log	4070	beeba22a05915719b4965dabcc3ff47f43353e613f4c44ee9deb99a68a4bb49e	excluded	type .log not kept
phase1	cut4-netparams-gate1.exit	23	fe220f0d79747ab0ed256a93f703bca08a3a23f6ab86ff807dc60f9834da2724	excluded	type .exit not kept
phase1	cut4-netparams-gate1.json	747451	b4de3976e60af86fad7bb245bb2559b495464cca3134523349a3fd3827bef309	excluded	type .json not kept
phase1	cut4-netparams-gate1.log	217774	4d906ad1724106d7a5fc9384af0c7b83fba9346ad1947c7750451e04be8bfe2d	excluded	type .log not kept
phase1	cut4-netparams-gate2.exit	23	bb30b409991a098f47fbe253b7a98125bf4425c8bfd8b6241f7301b8296fe564	excluded	type .exit not kept
phase1	cut4-netparams-gate2.json	747667	4352d0fe31450f43aa13fb395f6819265382483ebd928b6f3dd4f21c9c93e089	excluded	type .json not kept
phase1	cut4-netparams-gate2.log	218612	c0f4ce10b62da5e92b34f6fc97b7de11e23e73e4bc03ceb88a3e9f60b10a57e7	excluded	type .log not kept
phase1	cut4-netparams-gate3-head.exit	23	60035b0ad197e07d92c5504b287e55d76a4ceb2a160ef36dc3345cd23cfc119c	excluded	type .exit not kept
phase1	cut4-netparams-gate3-head.json	747755	9c8c5637d9ff9df46fae5ac62f956e5c012bdc76376a550f38620fa295b3efd1	excluded	type .json not kept
phase1	cut4-netparams-gate3-head.log	218624	c2709f9d5b8f66e8a09ed3024743f8ce1c5fc1468d412edd902e1aa35c393683	excluded	type .log not kept
phase1	cut5-deadcode-gate1.exit	23	a4b74f8a24cda82f822ef07a10e79137539f277b7b83ce609ee95c77ced732c0	excluded	type .exit not kept
phase1	cut5-deadcode-gate1.json	747842	1bb25e7c3f55dd02d0f814657706c4e5097451e6dfcaa2f63ab86546a8b35240	excluded	type .json not kept
phase1	cut5-deadcode-gate1.log	218252	8625d2b4f59e26084726e56665de03bceb340b75fcf037ad386976c09960bc43	excluded	type .log not kept
phase1	deps2b1-gate1.exit	23	47e3b8ce77d48f19a55056ff6e635ead5245a9cc76409cd8ca631d3c31347330	excluded	type .exit not kept
phase1	deps2b1-gate1.json	747582	36535cff663400911549cd2c0a979e973347bc8ca87c3ffdb78e7a1cc540eaae	excluded	type .json not kept
phase1	deps2b1-gate1.log	218992	019e1520e5357819696c2c58abde463d5fda8dd72ff427baa2eb2a4129b5ad75	excluded	type .log not kept
phase1	deps2b2-focused1.exit	8	cc258d839e50d5e0cf220528399d5c29a6bcc5c3a9ee2616a915627e0363d91d	excluded	type .exit not kept
phase1	deps2b2-focused1.json	4957	1d5843a4135fd06d227a96a61978af1847b2742a5563a11de2157e81fd3d8f58	excluded	type .json not kept
phase1	deps2b2-focused1.log	4304	20421b0bc029579830615b41771047fbe7f1466c60407a125e91fbfa47f234d4	excluded	type .log not kept
phase1	deps2b2-gate1.exit	23	c52fb55cf020cf3a0d2be5ec7f4438d9c72dc118938bb0b16f842e97ba7624fc	excluded	type .exit not kept
phase1	deps2b2-gate1.json	748935	85f123d7d14f18f142d2037f7a7d90bf0446416627e4b68b774bc41ff978e61b	excluded	type .json not kept
phase1	deps2b2-gate1.log	221958	9266a95f4891737673efa2cd06f2afc4fe9f966b969ab067c17b228c7cbf8f77	excluded	type .log not kept
phase1	deps2b2-gate2.exit	23	8e57d7e4fcf6c426081abb522162a1df15f60a8b3d4cad305efb965f3f39e5c6	excluded	type .exit not kept
phase1	deps2b2-gate2.json	748190	a8b888fb43d9acf5c1383225d8898e3f966a87499b5e37e1e9aedfc596cafdf5	excluded	type .json not kept
phase1	deps2b2-gate2.log	218554	da5915f148fc0d6052498857b6f0a52bc381236a471ccf78828b81f266061154	excluded	type .log not kept
phase1	deps2b2-regression-on-HEAD-init.exit	8	bf03f07f4d7cc54b16f60f2867e4e759f806ec32efc8167e514fe0e45ee20ea6	excluded	type .exit not kept
phase1	deps2b2-regression-on-HEAD-init.json	6951	81d35f80fc734addc84bf82f06dd55da7d6623406719384c3fb627b6fd4ea487	excluded	type .json not kept
phase1	deps2b2-regression-on-HEAD-init.log	6802	5462095818339358c3e80f57a54b4cf4153bd91e63d66c54b00ba2fec6ec428b	excluded	type .log not kept
phase1	docker-after-3a-gate1.txt	2319	c29aeb0d5989e8488ca1fd99b2aa61570ae8e12e589384a30b4a05178f42a529	excluded	type .txt not kept
phase1	docker-after-3b-gate1.txt	2319	39f00a5b7930c03703f729b2c38495b6ce369a704773579d1c42063698977812	excluded	type .txt not kept
phase1	docker-after-cut4-netparams-gate1.txt	4628	d256d1e813a67adbcc41973de297e7fb739359a44f493b9aac3cc1367e34e403	excluded	type .txt not kept
phase1	docker-after-cut4-netparams-gate2.txt	4628	d256d1e813a67adbcc41973de297e7fb739359a44f493b9aac3cc1367e34e403	excluded	type .txt not kept
phase1	docker-after-cut4-netparams-gate3-head.txt	4628	d256d1e813a67adbcc41973de297e7fb739359a44f493b9aac3cc1367e34e403	excluded	type .txt not kept
phase1	docker-after-cut5-deadcode-gate1.txt	4628	d256d1e813a67adbcc41973de297e7fb739359a44f493b9aac3cc1367e34e403	excluded	type .txt not kept
phase1	docker-after-deps2b1-gate1.txt	4628	d256d1e813a67adbcc41973de297e7fb739359a44f493b9aac3cc1367e34e403	excluded	type .txt not kept
phase1	docker-after-deps2b2-gate1.txt	4628	d256d1e813a67adbcc41973de297e7fb739359a44f493b9aac3cc1367e34e403	excluded	type .txt not kept
phase1	docker-after-deps2b2-gate2.txt	4628	d256d1e813a67adbcc41973de297e7fb739359a44f493b9aac3cc1367e34e403	excluded	type .txt not kept
phase1	docker-after-gate-phase1-1.txt	2316	4b3ffb3c88478f1b17a62384cb3c11b1110de790b9580d96a35443deddca571f	excluded	type .txt not kept
phase1	docker-after-gate-phase1-2-nodown.txt	2854	1e5b3e484df15bf2420091bd7e86a98145af931500f91c0e877abee5a34a2253	excluded	type .txt not kept
phase1	docker-after-gate-phase1b-1.txt	2845	eb71a73fbe8928d634ee5ffb63500998a64cb33d2b76e88bf2ce16456da3d796	excluded	type .txt not kept
phase1	docker-after-head-07354a24b-gate1.txt	1448	ff230267348d7d0085f7b457da3524948ad147c635e3c3cd719463539f0e773b	excluded	type .txt not kept
phase1	docker-after-p2a-gate1.txt	4628	d444efbb37ecfff4573932fba9db3786d5410142037b196d5ab75828fd964c7d	excluded	type .txt not kept
phase1	docker-after-p2a-gate2.txt	4628	d444efbb37ecfff4573932fba9db3786d5410142037b196d5ab75828fd964c7d	excluded	type .txt not kept
phase1	docker-after-p2a-gate3.txt	4628	d444efbb37ecfff4573932fba9db3786d5410142037b196d5ab75828fd964c7d	excluded	type .txt not kept
phase1	docker-after-p2b-gate1.txt	5704	aff7ed44e4b6e95b90862f3ddce998f17573b7d2bea02858d42cf1077006b860	excluded	type .txt not kept
phase1	docker-after-phase3-del-gate1.txt	4628	d256d1e813a67adbcc41973de297e7fb739359a44f493b9aac3cc1367e34e403	excluded	type .txt not kept
phase1	docker-after-phase3-del-gate2.txt	4628	d256d1e813a67adbcc41973de297e7fb739359a44f493b9aac3cc1367e34e403	excluded	type .txt not kept
phase1	docker-after-phase3-int-gate1.txt	4628	d256d1e813a67adbcc41973de297e7fb739359a44f493b9aac3cc1367e34e403	excluded	type .txt not kept
phase1	docker-after-phase3-int-gate2.txt	4628	d256d1e813a67adbcc41973de297e7fb739359a44f493b9aac3cc1367e34e403	excluded	type .txt not kept
phase1	docker-after-testing-peer-gate1.txt	4628	d256d1e813a67adbcc41973de297e7fb739359a44f493b9aac3cc1367e34e403	excluded	type .txt not kept
phase1	docker-after-testing-peer-gate2.txt	4628	d256d1e813a67adbcc41973de297e7fb739359a44f493b9aac3cc1367e34e403	excluded	type .txt not kept
phase1	docker-after-tmp-pskt-gate1.txt	4628	d256d1e813a67adbcc41973de297e7fb739359a44f493b9aac3cc1367e34e403	excluded	type .txt not kept
phase1	docker-before-3a-gate1.txt	2319	c29aeb0d5989e8488ca1fd99b2aa61570ae8e12e589384a30b4a05178f42a529	excluded	type .txt not kept
phase1	docker-before-3b-gate1.txt	2319	39f00a5b7930c03703f729b2c38495b6ce369a704773579d1c42063698977812	excluded	type .txt not kept
phase1	docker-before-cut4-netparams-gate1.txt	4628	d256d1e813a67adbcc41973de297e7fb739359a44f493b9aac3cc1367e34e403	excluded	type .txt not kept
phase1	docker-before-cut4-netparams-gate2.txt	4628	d256d1e813a67adbcc41973de297e7fb739359a44f493b9aac3cc1367e34e403	excluded	type .txt not kept
phase1	docker-before-cut4-netparams-gate3-head.txt	4628	d256d1e813a67adbcc41973de297e7fb739359a44f493b9aac3cc1367e34e403	excluded	type .txt not kept
phase1	docker-before-cut5-deadcode-gate1.txt	4628	d256d1e813a67adbcc41973de297e7fb739359a44f493b9aac3cc1367e34e403	excluded	type .txt not kept
phase1	docker-before-deps2b1-gate1.txt	4628	d256d1e813a67adbcc41973de297e7fb739359a44f493b9aac3cc1367e34e403	excluded	type .txt not kept
phase1	docker-before-deps2b2-gate1.txt	4628	d256d1e813a67adbcc41973de297e7fb739359a44f493b9aac3cc1367e34e403	excluded	type .txt not kept
phase1	docker-before-deps2b2-gate2.txt	4628	d256d1e813a67adbcc41973de297e7fb739359a44f493b9aac3cc1367e34e403	excluded	type .txt not kept
phase1	docker-before-gate-phase1-1.txt	2316	4b3ffb3c88478f1b17a62384cb3c11b1110de790b9580d96a35443deddca571f	excluded	type .txt not kept
phase1	docker-before-gate-phase1-2-nodown.txt	2854	1e5b3e484df15bf2420091bd7e86a98145af931500f91c0e877abee5a34a2253	excluded	type .txt not kept
phase1	docker-before-gate-phase1b-1.txt	2845	eb71a73fbe8928d634ee5ffb63500998a64cb33d2b76e88bf2ce16456da3d796	excluded	type .txt not kept
phase1	docker-before-head-07354a24b-gate1.txt	1448	ff230267348d7d0085f7b457da3524948ad147c635e3c3cd719463539f0e773b	excluded	type .txt not kept
phase1	docker-before-p2a-gate1.txt	4628	d444efbb37ecfff4573932fba9db3786d5410142037b196d5ab75828fd964c7d	excluded	type .txt not kept
phase1	docker-before-p2a-gate2.txt	4628	d444efbb37ecfff4573932fba9db3786d5410142037b196d5ab75828fd964c7d	excluded	type .txt not kept
phase1	docker-before-p2a-gate3.txt	4628	d444efbb37ecfff4573932fba9db3786d5410142037b196d5ab75828fd964c7d	excluded	type .txt not kept
phase1	docker-before-p2b-gate1.txt	5704	aff7ed44e4b6e95b90862f3ddce998f17573b7d2bea02858d42cf1077006b860	excluded	type .txt not kept
phase1	docker-before-phase3-del-gate1.txt	4628	d256d1e813a67adbcc41973de297e7fb739359a44f493b9aac3cc1367e34e403	excluded	type .txt not kept
phase1	docker-before-phase3-del-gate2.txt	4628	d256d1e813a67adbcc41973de297e7fb739359a44f493b9aac3cc1367e34e403	excluded	type .txt not kept
phase1	docker-before-phase3-int-gate1.txt	4628	d256d1e813a67adbcc41973de297e7fb739359a44f493b9aac3cc1367e34e403	excluded	type .txt not kept
phase1	docker-before-phase3-int-gate2.txt	4628	d256d1e813a67adbcc41973de297e7fb739359a44f493b9aac3cc1367e34e403	excluded	type .txt not kept
phase1	docker-before-testing-peer-gate1.txt	4628	d256d1e813a67adbcc41973de297e7fb739359a44f493b9aac3cc1367e34e403	excluded	type .txt not kept
phase1	docker-before-testing-peer-gate2.txt	4628	d256d1e813a67adbcc41973de297e7fb739359a44f493b9aac3cc1367e34e403	excluded	type .txt not kept
phase1	docker-before-tmp-pskt-gate1.txt	4628	d256d1e813a67adbcc41973de297e7fb739359a44f493b9aac3cc1367e34e403	excluded	type .txt not kept
phase1	docs-check-cli-1b.log	400	d9dfb2fb418267a3abd4d79dd212a24bb29eb061989998efb1a7dbc163d4ca8c	excluded	type .log not kept
phase1	docs-generate-cli-1.log	468	3ca3790000c831b0611b4a2085ffa5cd7764bca5cebcdee827a6176c93107b97	excluded	type .log not kept
phase1	exit-bisect.mjs	3157	bed197c99b5767d5a337e0d0ee0cad0af82adb21bb5e9700773d8960d76588aa	excluded	type .mjs not kept
phase1	exit-count.mjs	1661	add96ef6c3ca8393b3bf24d321c510ba47f2513344221119f4f1923983e0d9b8	excluded	type .mjs not kept
phase1	exit-probe.mjs	2465	8cf9a9763583999fada11fc32f2cf6620840edaf0495b05a9e53c781a5aee558	excluded	type .mjs not kept
phase1	first-contact-rerun-1.exit	8	cc258d839e50d5e0cf220528399d5c29a6bcc5c3a9ee2616a915627e0363d91d	excluded	type .exit not kept
phase1	first-contact-rerun-1.json	1972	185be28ef312cf55fa2a7614c147b0a277df0ffa2bb5165ff60ea2e67b8c7f7d	excluded	type .json not kept
phase1	first-contact-rerun-1.log	1902	ce454e70e58df97521493f5c728b45303b9f6da926768acc2417ed8d0144da3e	excluded	type .log not kept
phase1	first-contact-rerun-2.exit	8	cc258d839e50d5e0cf220528399d5c29a6bcc5c3a9ee2616a915627e0363d91d	excluded	type .exit not kept
phase1	first-contact-rerun-2.json	1980	07692faa4a92e8685a21e1dcbf5828dda2540e36214e8a85f17b9f91b00b77b6	excluded	type .json not kept
phase1	first-contact-rerun-2.log	1899	13a884364d515ce050af0114be9dc95458e47220fca5a999c70504ed029e4eb7	excluded	type .log not kept
phase1	gate-phase1-1.exit	23	78073be53dc59e60b3ffe582a2984d723cfb37659fbaf5fcf1673ee31c9acf44	excluded	type .exit not kept
phase1	gate-phase1-1.json	740855	a680e59322767c0687f742c70a1db0f68d1b50968e310107be381218eb8a11c4	excluded	type .json not kept
phase1	gate-phase1-1.log	132689	08de1f7df427c66e70755e506bb106b0b52f63290f35c546376200e3e5bd2d71	excluded	type .log not kept
phase1	gate-phase1-2-nodown.exit	23	9fa6b081bf9e38977eb74875725c805981f9a9ab07dba261376c879b60a46160	excluded	type .exit not kept
phase1	gate-phase1-2-nodown.json	742586	cbed1baf76f040835f97ae5e6f9d273da94bfd40774783143604ffd1df8227f3	excluded	type .json not kept
phase1	gate-phase1-2-nodown.log	137671	712c940e638095390ad7eb8a74d7270f517305b08862e91f0980822a58516810	excluded	type .log not kept
phase1	gate-phase1b-1.exit	23	50483e0418d84728414d9068498167b410fbdd2f67ae6a36862d3f7de7aa7a43	excluded	type .exit not kept
phase1	gate-phase1b-1.json	742301	b6e04d5ab29730d6ce35a895f283938460e6be76f24dacf8ac9880c994411bbd	excluded	type .json not kept
phase1	gate-phase1b-1.log	133704	a97729a39327600beb7016abf9fd38d1fd65f885994239b8cbfc9d337b287559	excluded	type .log not kept
phase1	gauntlet-1.log	63306	6bf64a96f20025ee1af92b7e279a1be68fa9d667f288b9a2153b7901eb8ec22f	excluded	type .log not kept
phase1	head-07354a24b-gate1.exit	23	9c561a776ce0b31790d541df1389d33a0e58f5bf5b3707784d737b980d6478b3	excluded	type .exit not kept
phase1	head-07354a24b-gate1.json	748869	c66bc36a8f1bfd17b71a4181a275d9a55dd355aee6a7dbc042941e08c089d98a	excluded	type .json not kept
phase1	head-07354a24b-gate1.log	87837	96845640e052c8ba113b9cae5f92a80feaf9db2ac2d9007ad8ed66cba399725f	excluded	type .log not kept
phase1	live-smoke-1.json	1327323	a21b930afcb3a893fc2e6c12b37bde1ecce4a99dcd7134b779034b491f308d6c	excluded	type .json not kept
phase1	live-smoke-2.json	1357833	9de1b31f23dd30e61387d427137fecdbbc05d0e476ce7e97a2123d0ee4bbe446	excluded	type .json not kept
phase1	live-smoke-3.json	1377167	d8a717633ae310b371138121201a2cee3605dc586853faa51bc33bc917364005	excluded	type .json not kept
phase1	live-smoke-4.json	1445379	26dd045711935ddd65748a235b30e8fd00fb15ce35ceba190546f38e46a14a88	excluded	type .json not kept
phase1	live-smoke-5.json	1460166	03d7812640841d38e5c1fb4ca47ac90a4ab364d41e632a9831a66c7ec741fdf4	excluded	type .json not kept
phase1	live-smoke.mjs	12307	2f44380e8727094ccb0f8ab00ff4eb1ae1456a42ed85640c7bec4a2d8bb4bd90	excluded	type .mjs not kept
phase1	new-jsonwrpc-class.ts	16564	616f4f20c2816beebd9c3e53d71445c4aa5d8bac3581d4fc4f1a9a0d6e6f125e	excluded	type .ts not kept
phase1	p2a-gate1.exit	23	fcdf7364820aea2249909e01b0ab000417553f48fc0194a7f1fda25ae3a59172	excluded	type .exit not kept
phase1	p2a-gate1.json	757716	58f5709ee13d7eae1eb0ef6efd48822a39ae85b0fe5c73f00f87c0487a234aff	excluded	type .json not kept
phase1	p2a-gate1.log	251342	15cc22ff438c4cd30247d473b6ade4222753a93f898b9397c4b0fa2e2ef4870d	excluded	type .log not kept
phase1	p2a-gate2.exit	23	f43e306403e192afeb09aebc9f2609215a26d913e0fc075a7b5bf513fd8b44b5	excluded	type .exit not kept
phase1	p2a-gate2.json	750367	2eafe3f270d47e1fa200695e2ccdf9e211c96c1ca20f2642b26edc1bce152724	excluded	type .json not kept
phase1	p2a-gate2.log	234002	2e6ea0cd77c51345b8c4ae95a51c7f1e96e0c3c80bb6ec8edf8723b9f789860a	excluded	type .log not kept
phase1	p2a-gate3.exit	23	2068b7cec9e56909b709a8714a08a1aa524a3387f9723b1b3a028355c69486fa	excluded	type .exit not kept
phase1	p2a-gate3.json	744790	8274ca29c4ca6300dad16292b130c1a2b3123c273690aff4903f13f95407aff1	excluded	type .json not kept
phase1	p2a-gate3.log	218184	bf36a836f5bc0f73dd09ca6810e3708ca18161ae055646a69f92175a9bbaf3ca	excluded	type .log not kept
phase1	p2a-run1.exit	8	bf03f07f4d7cc54b16f60f2867e4e759f806ec32efc8167e514fe0e45ee20ea6	excluded	type .exit not kept
phase1	p2a-run1.json	27441	94faea25a7214e3ba15174af08b68b479af8726af76ee86e9868cc247c76c04e	excluded	type .json not kept
phase1	p2a-run1.log	9950	dc54f9c0e4a4be73f61b27f83a2dff754c5db73eda2501f210bddc6bd61167bb	excluded	type .log not kept
phase1	p2a-run2.exit	8	cc258d839e50d5e0cf220528399d5c29a6bcc5c3a9ee2616a915627e0363d91d	excluded	type .exit not kept
phase1	p2a-run2.json	22439	fff442df7a483f678e480d3af7aa7206666ec66e945a69278857fb6cd9692fe3	excluded	type .json not kept
phase1	p2a-run2.log	3466	4654bc3f0644a408536ab4048c41ecc63d132115ba8f6c3289f3796970618c1b	excluded	type .log not kept
phase1	p2a-run3.exit	8	cc258d839e50d5e0cf220528399d5c29a6bcc5c3a9ee2616a915627e0363d91d	excluded	type .exit not kept
phase1	p2a-run3.json	176601	48ed6b202f83d6d331977183027b586db7be018aba6f78b0bced14078c54dbf6	excluded	type .json not kept
phase1	p2a-run3.log	51148	506a8e82a0b56c37bbc93a8a099504f296c5bf4eaf64fb3b0c3b84f10df8470d	excluded	type .log not kept
phase1	p2a-run4.exit	8	cc258d839e50d5e0cf220528399d5c29a6bcc5c3a9ee2616a915627e0363d91d	excluded	type .exit not kept
phase1	p2a-run4.json	14336	6794c3a9777ce7b711eb4697b937d94acfd71e047fe0a11c5fac93b4032fc531	excluded	type .json not kept
phase1	p2a-run4.log	2726	c46d377f0ee6d4117e17bea08c629675a36f9c8287ee00e642b7e26ef7f0b6ec	excluded	type .log not kept
phase1	p2a-run5.exit	8	cc258d839e50d5e0cf220528399d5c29a6bcc5c3a9ee2616a915627e0363d91d	excluded	type .exit not kept
phase1	p2a-run5.json	196781	5c9faa9feba2113d5878a17acd19a3bb36c3ccac80c1eecc845d5e2a8e8cbc7a	excluded	type .json not kept
phase1	p2a-run5.log	55442	ff2a5414bfb4a3c066e1659ed5d131abe0db71470b7535bc3b193ffe631c0ef2	excluded	type .log not kept
phase1	p2a-verifycli-1.exit	8	bf03f07f4d7cc54b16f60f2867e4e759f806ec32efc8167e514fe0e45ee20ea6	excluded	type .exit not kept
phase1	p2a-verifycli-1.json	11135	c59b55f6bbec97db73462467b039fc9c9fc6fd8c92869ee1d760290c09644b5c	excluded	type .json not kept
phase1	p2a-verifycli-1.log	57392	36ffae354e8e040832c0f630c0b6b41f01e104bb70d675608e6be72977296c1f	excluded	type .log not kept
phase1	p2a-verifycli-2.exit	8	bf03f07f4d7cc54b16f60f2867e4e759f806ec32efc8167e514fe0e45ee20ea6	excluded	type .exit not kept
phase1	p2a-verifycli-2.json	11151	3ead0e463ed5572080197b7a51d0575f98aec198e775a247b34a661fde6a9395	excluded	type .json not kept
phase1	p2a-verifycli-2.log	57390	e4d01cd8a2c74b2a626b15385a31189dfc5f9b300adc4f010f0986463724c137	excluded	type .log not kept
phase1	p2a-verifycli-3.exit	8	bf03f07f4d7cc54b16f60f2867e4e759f806ec32efc8167e514fe0e45ee20ea6	excluded	type .exit not kept
phase1	p2a-verifycli-3.json	11134	c80c387d90bd04c43f4b6db87c4cc379d8334c4fa51a68d58ef33af25ba91f92	excluded	type .json not kept
phase1	p2a-verifycli-3.log	57392	06239ec688dd979f6c559aa7ca3b2ac7fe8858d03bf66cb547e8af10dc6b3b2d	excluded	type .log not kept
phase1	p2a-verifycli-4.exit	8	bf03f07f4d7cc54b16f60f2867e4e759f806ec32efc8167e514fe0e45ee20ea6	excluded	type .exit not kept
phase1	p2a-verifycli-4.json	11151	3f0de91ef181b5253754fca69e881a16e5100929b0ce7bdc6c5eb51a883e7c3a	excluded	type .json not kept
phase1	p2a-verifycli-4.log	57390	63f6a45f12872b4a5adfd9852dacbb3f77b28b8d32ab03f297b87b47b23816f3	excluded	type .log not kept
phase1	p2a-verifycli-5.exit	8	bf03f07f4d7cc54b16f60f2867e4e759f806ec32efc8167e514fe0e45ee20ea6	excluded	type .exit not kept
phase1	p2a-verifycli-5.json	11141	68c0a12ca1445cb86b02290a26928625a97ba3d0c9113c4f4314f1e64aa72c7f	excluded	type .json not kept
phase1	p2a-verifycli-5.log	57390	00a860a0d79e8703dfc6171efb613bbadf59cc08dfddb815d51fadde7c8dbd13	excluded	type .log not kept
phase1	p2a-verifycli-6.exit	8	bf03f07f4d7cc54b16f60f2867e4e759f806ec32efc8167e514fe0e45ee20ea6	excluded	type .exit not kept
phase1	p2a-verifycli-6.json	11142	630e37efa2f983d9ac980afb4518cd61121b3f05c86398b70f00771b5658d06b	excluded	type .json not kept
phase1	p2a-verifycli-6.log	57390	2b95710de7a288b8c68b9ce0d91c1cce23339a33cd17ce1f9c735fb184ec85f5	excluded	type .log not kept
phase1	p2a-verifycli-7.exit	8	bf03f07f4d7cc54b16f60f2867e4e759f806ec32efc8167e514fe0e45ee20ea6	excluded	type .exit not kept
phase1	p2a-verifycli-7.json	11134	f3f4b9dc3e912654851e1c8417f6e6896e6ffe7b7e514fd8deb5fc89d3afb31e	excluded	type .json not kept
phase1	p2a-verifycli-7.log	57392	97d8f037ede19c092a43bbbc211569cd829fea70c4ac8b12026b5e4f0df6dcf4	excluded	type .log not kept
phase1	p2a-verifycli-8.exit	8	bf03f07f4d7cc54b16f60f2867e4e759f806ec32efc8167e514fe0e45ee20ea6	excluded	type .exit not kept
phase1	p2a-verifycli-8.json	11150	73648324c51c78f86ab7cccfdf90ea172e37535e91413e09db04f21ca7d4d123	excluded	type .json not kept
phase1	p2a-verifycli-8.log	57390	aae7e5abf700067a2e14f6d4336f81ba0371ad48687be3c53c311486f1cfe103	excluded	type .log not kept
phase1	p2a-verifycli-lazy-1.exit	8	cc258d839e50d5e0cf220528399d5c29a6bcc5c3a9ee2616a915627e0363d91d	excluded	type .exit not kept
phase1	p2a-verifycli-lazy-1.json	5404	0e02db72735e0303baf36a300d144d4b3390b6854d9462b12f29b076a3f7c96b	excluded	type .json not kept
phase1	p2a-verifycli-lazy-1.log	40724	aca1c98b4b8d07a2ec291a8c2cc8933f12f5fb443a98ed3ce7b27684864a1782	excluded	type .log not kept
phase1	p2a-verifycli-lazy-2.exit	8	cc258d839e50d5e0cf220528399d5c29a6bcc5c3a9ee2616a915627e0363d91d	excluded	type .exit not kept
phase1	p2a-verifycli-lazy-2.json	5433	f80d432c3d0ef9753043aa37127e5b17e04dabe883e36e9645c4a02a12179399	excluded	type .json not kept
phase1	p2a-verifycli-lazy-2.log	40724	af4ce17bb2c212d9918987ca8d1b315df671f691eb2cb3cac658429a7625fb23	excluded	type .log not kept
phase1	p2a-verifycli-lazy-3.exit	8	cc258d839e50d5e0cf220528399d5c29a6bcc5c3a9ee2616a915627e0363d91d	excluded	type .exit not kept
phase1	p2a-verifycli-lazy-3.json	5423	4251b3a4020806ef113bdc0d977e191227a76186782077698b1554b3f15b741a	excluded	type .json not kept
phase1	p2a-verifycli-lazy-3.log	40724	5f3b845fca42b9d071015be62a5101d00b7ea28e437c8551395ae36800e3cf20	excluded	type .log not kept
phase1	p2a-verifycli-lazy-4.exit	8	cc258d839e50d5e0cf220528399d5c29a6bcc5c3a9ee2616a915627e0363d91d	excluded	type .exit not kept
phase1	p2a-verifycli-lazy-4.json	5425	f7ead7f77d7ee9410122c74e15be1b1d843dc0cf7e78dcf1e9d4ed732ad8b77d	excluded	type .json not kept
phase1	p2a-verifycli-lazy-4.log	40726	c45578fb6411b7f2b8770ba054d255a50c9ab9159918592201e55b63b6c829a4	excluded	type .log not kept
phase1	p2b-fuzz-1.exit	8	cc258d839e50d5e0cf220528399d5c29a6bcc5c3a9ee2616a915627e0363d91d	excluded	type .exit not kept
phase1	p2b-fuzz-1.json	1058	95b3940f33b2c886a59a632abea4df787078356c9c9ef98e9910a417ab9c6149	excluded	type .json not kept
phase1	p2b-fuzz-1.log	2988	9d49c88b7e7e920c02063386c0e6cdbccbb3d2e7f6d38c221f3e83c338322bbc	excluded	type .log not kept
phase1	p2b-fuzz-2.exit	8	cc258d839e50d5e0cf220528399d5c29a6bcc5c3a9ee2616a915627e0363d91d	excluded	type .exit not kept
phase1	p2b-fuzz-2.json	1066	3dd42203998be9aabba0e4908e7705db80b59581f7f65393729dad172dbfad62	excluded	type .json not kept
phase1	p2b-fuzz-2.log	2988	16a48c3405842b8e5f7d1889d22c808e67c538182acd5cd10d9277752f478a52	excluded	type .log not kept
phase1	p2b-fuzz-3.exit	8	cc258d839e50d5e0cf220528399d5c29a6bcc5c3a9ee2616a915627e0363d91d	excluded	type .exit not kept
phase1	p2b-fuzz-3.json	1068	20376ebba2f5e557fd9656064566b47cbc8ffa3a08b5b68af889c6b8e22c172b	excluded	type .json not kept
phase1	p2b-fuzz-3.log	2988	3c665ab2dc77b5c80c3dac7008e41284554bf994d9e3953a6b63243dc422aa2f	excluded	type .log not kept
phase1	p2b-gate1.exit	23	06f4bbe4caa43d5e6bd6b6a3ca7deb41d992a65e4dcacbd42072b09bc023b3f1	excluded	type .exit not kept
phase1	p2b-gate1.json	745195	bb6321695ad68db1dab4c2a17708d927b3ef1a4a430d63e09eeb7945e0239bf7	excluded	type .json not kept
phase1	p2b-gate1.log	218134	1a1d8f5d9f06f786e856d804261a6d783f68bde5f6b05411b008cf1af878cbee	excluded	type .log not kept
phase1	p2b-run1.exit	8	cc258d839e50d5e0cf220528399d5c29a6bcc5c3a9ee2616a915627e0363d91d	excluded	type .exit not kept
phase1	p2b-run1.json	77173	0e6c453b2f552a7951d14883c2f53c1368845b9900bf1c6293f4228d88811b37	excluded	type .json not kept
phase1	p2b-run1.log	15148	67921c0ae672c5279f396f90003667825221e995621c626c4846c0fb29fee3e7	excluded	type .log not kept
phase1	pack-gate.ps1	2679	2343636100bb459160c2771435c86fd93223bd0b225db682379f0aa3b617e3bc	excluded	type .ps1 not kept
phase1	pack1/build.log	60038	8a9dde000be7860d8c327d420b5b259e3addef0f57715e942e4a16d051c682ad	excluded	type .log not kept
phase1	pack1/pack-gate.log	8712	7001c70fbc3193682bdb4dc57662fc5f7cdc7c57b51dfd84d292244ab7e244e2	excluded	type .log not kept
phase1	pack1/tarball-sha256.txt	1331	48d23d45537e234b2a8e5981bf0f7502806e37347a8b94bd8cde6f41b87cc3ae	excluded	type .txt not kept
phase1	pack1/tarballs/hardkas-accounts-0.12.0-rc.25.tgz	35254	9a3cb2f11d46f7de83997c761ad47fbe05254204c592231ee2f4b523dcfa8e51	excluded	type .tgz not kept
phase1	pack1/tarballs/hardkas-artifacts-0.12.0-rc.25.tgz	96896	48a1f46bd110c40f398df68ac2635d5049e68ae73c59f864b109f38f9507367d	excluded	type .tgz not kept
phase1	pack1/tarballs/hardkas-bridge-local-0.12.0-rc.25.tgz	4566	93f6919298d628662e446d7eb86636f09d1ddc0b6b61c94dda2a7d34098e8254	excluded	type .tgz not kept
phase1	pack1/tarballs/hardkas-cli-0.12.0-rc.25.tgz	296649	db20fef242256be9fe1a3ec3946f5125352eb32c9ff138ce2965e40d6f9d4938	excluded	type .tgz not kept
phase1	pack1/tarballs/hardkas-config-0.12.0-rc.25.tgz	5027	642a3e63a5c1589fb4686bbf69b3d85aac7688e90559b79789f73a6fd0a1be7a	excluded	type .tgz not kept
phase1	pack1/tarballs/hardkas-core-0.12.0-rc.25.tgz	61513	d57b9e21871309d6f25a10e863e7fede04debfaaa89a2f7a6603d16c2bbc0b99	excluded	type .tgz not kept
phase1	pack1/tarballs/hardkas-dev-server-0.12.0-rc.25.tgz	128193	84a6fc468b63ae5d08f075ae9fbe679929aa6043cd4e4b898a4661049b242dde	excluded	type .tgz not kept
phase1	pack1/tarballs/hardkas-escrow-0.12.0-rc.25.tgz	4792	0639f430361dba698d9c421acb731a90b7c2ff116f0d39acdb0725c77fda23a8	excluded	type .tgz not kept
phase1	pack1/tarballs/hardkas-jobs-0.12.0-rc.25.tgz	8215	d9d84b4d402215994e8ba8128b625edc94158b4b5bb64e68fc81a348139536b6	excluded	type .tgz not kept
phase1	pack1/tarballs/hardkas-kaspa-rpc-0.12.0-rc.25.tgz	27002	937fbdae8c7d7a564372d1f87ebc06b316b62ebc46e83c4c04c41f13d6c2eb0f	excluded	type .tgz not kept
phase1	pack1/tarballs/hardkas-l2-0.12.0-rc.25.tgz	8559	ba61b2b5cc7205d95f6c1457f6ae6c7ec4217a1199e96415f88f313a81fbfe5f	excluded	type .tgz not kept
phase1	pack1/tarballs/hardkas-localnet-0.12.0-rc.25.tgz	19522	efdee09d5e7456aab7ab253181bdacd38c10b1613e0c6b22c040a6f356e99e34	excluded	type .tgz not kept
phase1	pack1/tarballs/hardkas-node-orchestrator-0.12.0-rc.25.tgz	4114	3583d64008b5f3e2a6506e04dd65187995aa79af9f2ab0dd5df61b9494adbaf7	excluded	type .tgz not kept
phase1	pack1/tarballs/hardkas-node-runner-0.12.0-rc.25.tgz	5965	4c1e7b34ea6219276bbaeb48fff0098712971b14c610314d5cc96a57b5c1d4a1	excluded	type .tgz not kept
phase1	pack1/tarballs/hardkas-observability-0.12.0-rc.25.tgz	3693	5089a2290aad2520e0bcdd731b3a958ec4758c0a28c5c2e272e87d76e486ca86	excluded	type .tgz not kept
phase1	pack1/tarballs/hardkas-pskt-native-0.12.0-rc.25.tgz	2120166	b94eb4c48f4ffb05abb8a5d910556e848294ef196a8715d436701544062ec929	excluded	type .tgz not kept
phase1	pack1/tarballs/hardkas-query-0.12.0-rc.25.tgz	24602	49b711abbe22a290d374bd0576b7d3bbf486de50d0abcaebd09106028903a46e	excluded	type .tgz not kept
phase1	pack1/tarballs/hardkas-query-store-0.12.0-rc.25.tgz	30830	c97c6bf37829c01a3e3f4603a025e87e7187818ad460c846ba3c6912346784ad	excluded	type .tgz not kept
phase1	pack1/tarballs/hardkas-rpc-events-0.12.0-rc.25.tgz	14628	b2eaae1a492e3469d2d40e072ab1b59ae5a9b4895c3c8832e75143a6f0363a89	excluded	type .tgz not kept
phase1	pack1/tarballs/hardkas-sdk-0.12.0-rc.25.tgz	77201	ba63c58f1ddef4c326a1b818c918e429b60584ec02c9649c40b0a9d0126cee7f	excluded	type .tgz not kept
phase1	pack1/tarballs/hardkas-sessions-0.12.0-rc.25.tgz	2660	5acbae9b53df2e42042332efa9ecb2ee7975f308d9d7f07c68f764fb3ebffc71	excluded	type .tgz not kept
phase1	pack1/tarballs/hardkas-simulator-0.12.0-rc.25.tgz	15399	32c7e570e8bfb22ac8e8361a93b2f0aeb8e9830865237daaaaf6e03d9eb02ca7	excluded	type .tgz not kept
phase1	pack1/tarballs/hardkas-testing-0.12.0-rc.25.tgz	37851	03a7143e4f417863c64a97a3dfc7fc65c5d43127c4fe3c5259fcece3c675f6f3	excluded	type .tgz not kept
phase1	pack1/tarballs/hardkas-toolkit-0.12.0-rc.25.tgz	45190	e47879d4a14b30b5b342e2f4953938304067b67d6f6c01ccab40a7c5d7696ca0	excluded	type .tgz not kept
phase1	pack1/tarballs/hardkas-tx-builder-0.12.0-rc.25.tgz	26564	a6adfda4ca71bd4303840dc6ceebec02dd89e5045ac26791bb3bfcf499243861	excluded	type .tgz not kept
phase1	pack1/tree-after.json	416609	f1e8128e92221136e52334bddadf738a553f657d44e941e191f0120bb1ecd112	excluded	type .json not kept
phase1	pack1/tree-before.json	416609	f1e8128e92221136e52334bddadf738a553f657d44e941e191f0120bb1ecd112	excluded	type .json not kept
phase1	PHASE1-LEDGER.md	12095	51971e0f42952d9b29bca737227e187572e484142f4970eb5d04e7c8f1f83471	copied	
phase1	phase1b-targeted-1.exit	8	bf03f07f4d7cc54b16f60f2867e4e759f806ec32efc8167e514fe0e45ee20ea6	excluded	type .exit not kept
phase1	phase1b-targeted-1.json	40481	74940213135cb6622e6040112514ddfbaab2e118bed66b6d25239cd871751501	excluded	type .json not kept
phase1	phase1b-targeted-1.log	22113	348b0de6cd149b7acdf45dd2916057d2b2c1f26d37e64e31ea895ace8bbc3147	excluded	type .log not kept
phase1	phase1b-targeted-2.exit	8	cc258d839e50d5e0cf220528399d5c29a6bcc5c3a9ee2616a915627e0363d91d	excluded	type .exit not kept
phase1	phase1b-targeted-2.json	38623	4d69d36813fc7ce223271376a6fbdd905318a6e583ac23364381ab53e0d058db	excluded	type .json not kept
phase1	phase1b-targeted-2.log	20782	47550a2f17152e3c7830b07328e672f14497d52a1c7f3f3f9e40166881f5c377	excluded	type .log not kept
phase1	phase3-del-gate1.exit	23	b1f942f21bf2bbf415a19276ba211b1cec368445f3f1d06253a965ee0c666e77	excluded	type .exit not kept
phase1	phase3-del-gate1.json	746029	617e02286afcc713582c52ecc050cde3d4e7f9597df2bc9d7e320ff2e371a45e	excluded	type .json not kept
phase1	phase3-del-gate1.log	223940	1f9ea22af8997159e3fc0f7739bd05c1132a570580cc3bfda592cabb1dab782c	excluded	type .log not kept
phase1	phase3-del-gate2.exit	23	2068b7cec9e56909b709a8714a08a1aa524a3387f9723b1b3a028355c69486fa	excluded	type .exit not kept
phase1	phase3-del-gate2.json	744809	527bdbcc19baf279250aae3226f263d1d9616506e403adc1cf182ec1b03563da	excluded	type .json not kept
phase1	phase3-del-gate2.log	217966	65cac51a261bf65437225191d7354fb4c7012c9892bc3985f4e4814e9ae19eb1	excluded	type .log not kept
phase1	phase3-del-rerun1.exit	8	cc258d839e50d5e0cf220528399d5c29a6bcc5c3a9ee2616a915627e0363d91d	excluded	type .exit not kept
phase1	phase3-del-rerun1.json	7807	9103b8d608dddc49685f32289ef1e11c1819c2863ce498536829f809b0a361d4	excluded	type .json not kept
phase1	phase3-del-rerun1.log	5122	3442ac9e45d19eb7a26b6e752974076e15699744d5b2a0cd3972b1239e5fc918	excluded	type .log not kept
phase1	phase3-int-gate1.exit	23	2597258b12fc2439dd46daed964e48eda7d1ba7d26f5d6d0c59780f3dc76b215	excluded	type .exit not kept
phase1	phase3-int-gate1.json	749471	c20d0137ca411942d4c56895e310ff4fdac6de690806bff322735b6f0b744bed	excluded	type .json not kept
phase1	phase3-int-gate1.log	218446	f10bc3b941d8fe1a2663109e280890739ad8c8128cf570797c1f00e7bb0cb5af	excluded	type .log not kept
phase1	phase3-int-gate2.exit	23	d941ad54578e4bacf21170e6e733c31d4e53fbad2b1fc8374ff5e5b777ea29fe	excluded	type .exit not kept
phase1	phase3-int-gate2.json	749702	6f4d0933e630efd3c39f91577f567973bbcd1bceb3f9d6142fb2ad8c4ce20e5a	excluded	type .json not kept
phase1	phase3-int-gate2.log	217834	e50e60e6933be64894e1b39ee3cc1ff5f0b44b9de97562ec7f9684cb4cb334c2	excluded	type .log not kept
phase1	probe-official-1.json	10474	3562db6b0baeb39005768b9a23f9404ad478ea6639ae749e29462f327e8d619b	excluded	type .json not kept
phase1	probe-official-2.json	193382	d091fae3436fa6cd0681fbc9495b25288f436f5f27e0a05bb62024f39defe6be	excluded	type .json not kept
phase1	probe-official-2.mjs	3555	eeb87f94887f705796828020a52d1ce2f299a360a058e583a35e3bc93a245f47	excluded	type .mjs not kept
phase1	probe-official.mjs	6673	0e34f637340cbc80364c08beb7a57a3d6dcd3e6411dd629bb981f970334fed97	excluded	type .mjs not kept
phase1	qual-1.out	157	8294a51f59b8146f413ecf70e814ecddcb6f6f66fcd28c0bd5bdf5e79198f388	excluded	type .out not kept
phase1	recorte-rpc-fase1.html	17260	f7897d470870cd83ee116ad6938b5e73c50ba598fbc12f18095cf0f9b8e4bc43	excluded	type .html not kept
phase1	rpc-commands-live-1.log	87851	948adec5e321998db4ece2ea522da8f7d2d4f2013936cbae8f9803ac17f5ffa3	excluded	type .log not kept
phase1	rpc-commands-live-2.json	12956	8bef74d99f4433bc6a0f1d1b43a84a4b0d427acb5e49f4456794ed6a34994de7	excluded	type .json not kept
phase1	rpc-commands-live.mjs	4588	da79b712cbdfbc19d1f907b20e1f77319f43af69c4776d606371a213ac569c08	excluded	type .mjs not kept
phase1	run-files.ps1	1038	59dd43b310a7d7ca15fecb62747bf9b93375fcdcf1f97145b072218eb4f5879f	excluded	type .ps1 not kept
phase1	run-full.ps1	1151	dc95bfe5e5f83ed2808eaf7530c9331b84b00b04080d84ccba2672022f886c05	excluded	type .ps1 not kept
phase1	simnet-1.log	8408	d60443a94ce3c2ea03fb97092cf9b2baeacbf75fea7585ce981371c9fe99b835	excluded	type .log not kept
phase1	simnet-2.log	7898	1eb7d11abe92d8d02479370dc95831907362a4b4df29ca374b98871d90e7f721	excluded	type .log not kept
phase1	testing-peer-e2e-accounts-isolated.exit	8	cc258d839e50d5e0cf220528399d5c29a6bcc5c3a9ee2616a915627e0363d91d	excluded	type .exit not kept
phase1	testing-peer-e2e-accounts-isolated.json	1002	8cc18863a4af405408e8633430bffb4be4566244d43f0484ccf1ba095572e4cf	excluded	type .json not kept
phase1	testing-peer-e2e-accounts-isolated.log	6116	805055fd4d2a2b9efe4c567ee7b3d3887b328efbd502ae56fb6398a25a0938c1	excluded	type .log not kept
phase1	testing-peer-focused1.exit	8	cc258d839e50d5e0cf220528399d5c29a6bcc5c3a9ee2616a915627e0363d91d	excluded	type .exit not kept
phase1	testing-peer-focused1.json	36705	abc3b5c2f7bf618b1d1bcb442e645bed3153c560f4ad04840b6b77a65be68a44	excluded	type .json not kept
phase1	testing-peer-focused1.log	40770	79ba5ac6cc2d423aa421aaed7838fa216c61441cac2e61cce7592a7f6a240f30	excluded	type .log not kept
phase1	testing-peer-gate1.exit	23	c0c2086b7c8cfaf0880d5f8ec3c90d78602471a7b0de76f7d47db6a5f5a88464	excluded	type .exit not kept
phase1	testing-peer-gate1.json	751334	7bec45a13ac290466fc0059c3d6bb40358f8a6560f3a05311f4c25ebac1162f3	excluded	type .json not kept
phase1	testing-peer-gate1.log	220136	8b6fac1d78f7710f08a12b87995b9be9d349a93fb6d6726bc9b553142cc44d80	excluded	type .log not kept
phase1	testing-peer-gate2.exit	23	26534c18807ba9d63d904b38a824f67b57bb51b79850c5caf4dc68826046446a	excluded	type .exit not kept
phase1	testing-peer-gate2.json	749465	86324c36ecc5a69f582f7f313c4dc40ce660d8c6bcb2d69731564c77bc9dd7ed	excluded	type .json not kept
phase1	testing-peer-gate2.log	218924	09f591f696b8e6c74e79d12841872febf6c30d0b05a15b30f5622bbb53dc5f5b	excluded	type .log not kept
phase1	testing-peer-regression-after.exit	8	cc258d839e50d5e0cf220528399d5c29a6bcc5c3a9ee2616a915627e0363d91d	excluded	type .exit not kept
phase1	testing-peer-regression-after.json	1776	590e1b8e6ba2438e8ff8157cd9085ebbdfc2461bd10dceaec961e5be85469c42	excluded	type .json not kept
phase1	testing-peer-regression-after.log	3326	ce0b9feac85cdec1d22917cc735d20bf81a09f6e1fd1b8f6e7c729c1cc8ca40d	excluded	type .log not kept
phase1	testing-peer-regression-before.exit	8	bf03f07f4d7cc54b16f60f2867e4e759f806ec32efc8167e514fe0e45ee20ea6	excluded	type .exit not kept
phase1	testing-peer-regression-before.json	5031	98ed2db84c00e897fc21ba1e56f6d41317f8e522730222c51b4d985ae5934cd2	excluded	type .json not kept
phase1	testing-peer-regression-before.log	8408	209c453dbd184bd2ff619256ee0424f81e6926ccda7021aca8b6b55254ea6c52	excluded	type .log not kept
phase1	testing-peer-regression-before2.exit	8	bf03f07f4d7cc54b16f60f2867e4e759f806ec32efc8167e514fe0e45ee20ea6	excluded	type .exit not kept
phase1	testing-peer-regression-before2.json	5072	86af5afb49fdcdaf28eed9bc20f97a2114d4fc0964e72d7d5fca9245af3aa941	excluded	type .json not kept
phase1	testing-peer-regression-before2.log	7808	59e51c3de7e65ebe13a7b255e5920301d8e95d6d7800cbaacca08098dff25c8e	excluded	type .log not kept
phase1	tmp-pskt-1.exit	8	cc258d839e50d5e0cf220528399d5c29a6bcc5c3a9ee2616a915627e0363d91d	excluded	type .exit not kept
phase1	tmp-pskt-1.json	4378	4707a2172c2bc899237e43b6ddfa149ddbfa506804e330e5d7b88d36836ef7e6	excluded	type .json not kept
phase1	tmp-pskt-1.log	7638	505c3bd0491d5c75545cf306ae7a63e24b78bddde09808924fdf662f68d0767d	excluded	type .log not kept
phase1	tmp-pskt-gate1.exit	23	4e5283e486e1996ebe4e8edfe98ea381407514f6e4fdbf6b57938aa0968b28b3	excluded	type .exit not kept
phase1	tmp-pskt-gate1.json	747776	ca63d436c60c6fde637217aae8fee758793f56168f348f5cd54f7404ef32bdb7	excluded	type .json not kept
phase1	tmp-pskt-gate1.log	220188	7af2b08edbf2d720cab1e9b474d8d976664cdbe87412bae72e2f9a4586f3cd75	excluded	type .log not kept
phase1	typecheck-1.log	54239	f165840b74f49948e13574b16cd1bc887ad62ac44a035c5a205c52f606df61e9	excluded	type .log not kept
phase1	version-check-1.log	665	ea85cae2ea1e2451f9c6756a8b3a98d21ab73701ff06dfe26b711c7aa6dc4e06	excluded	type .log not kept
phase1	version-check-1b.log	665	950eadacc5014191d9e3da86c8123c0e30557a85758bbaa790ef6f03efdbca26	excluded	type .log not kept
phase2	address-network-probe.cjs	1679	999c7f542e78d3cc890334b112bf3bdfa6ff225a3b333419aa5bea2fda41bebd	excluded	type .cjs not kept
phase2	baseline-status.txt	133	a67b5e750d9796d5dbd1373797d1de0ea7bf244ee2bb855bc8cf38724b309993	excluded	type .txt not kept
phase2	bridge-plan-probe.mjs	1356	22e879c8f4be5b8911d7c83f5ff96a7271e255c7df534760f5a7511e6e16fd10	excluded	type .mjs not kept
phase2	compound-node-check-1.json	16196	cd87d7b29933a5e698a8dbc13fa1744cf37016fe2d762b5f111e46c61849d688	excluded	type .json not kept
phase2	compound-node-check.mjs	5657	cf4c2411e7806f64ceaaba6af42a9e6a905279df97e304566f9232e188b481e8	excluded	type .mjs not kept
phase2	compound-settings-probe.cjs	1562	2ac2cae2cf8bdc1096f9c03cd046773402f56cbd562c17f93542bfc55ed90f2c	excluded	type .cjs not kept
phase2	corte-planificador.html	16071	5be067f297a890a7c3952f434891f0627b19b68a115902dfcf2ada6fdc32745c	excluded	type .html not kept
phase2	diferencial-planificador.html	12347	728079105a91691e5087e0f7f21eb35e51485de927803a29b1f1f8516b133fbb	excluded	type .html not kept
phase2	dust-order-probe.cjs	1996	cb61accd1c3d8d45ccac690ec2d4b217f0652c4cc28335863fc27c5ee9acb207	excluded	type .cjs not kept
phase2	dust-selection-probe.cjs	1969	2f7611bcdebf57cb74ce76566e26ea0c65557a44168701ebd02365aecfc12bfc	excluded	type .cjs not kept
phase2	exit-probe-exit.cjs	931	f71ff09395de94f1ae23130874bd9e6d687271959f53d273db61d6b51d4b29d8	excluded	type .cjs not kept
phase2	exit-probe-gc.cjs	944	8a13640d11e5863945703797b1f36708a8678bac950e657037b9e40c394f0960	excluded	type .cjs not kept
phase2	exit-probe-immediate.cjs	951	1c4ad73425dc8d9c1ba3f92bea81ecf4a48e68d1380701a8e3b54dc6bd6754ca	excluded	type .cjs not kept
phase2	exit-probe-mass.mjs	660	e0268e35621b0ab16ae67dc3f990048aae2028591ed6d2fceea928c6d11598c6	excluded	type .mjs not kept
phase2	exit-probe-natural.cjs	936	665bcc33b0620b3807d1125153407483b8017a70ec9dd69ea6c5c5dc553f6cc6	excluded	type .cjs not kept
phase2	exit-probe-raw-free.cjs	974	23ad098056c9a340bdef5eafd8ce2fbc82ad2a8f9be1989c02f050505e265a8f	excluded	type .cjs not kept
phase2	exit-probe-raw.cjs	929	691c2c6dfd36f74f62c4d6c3b91441b4376ac5427213aef0b9faf01a5363f960	excluded	type .cjs not kept
phase2	exit-probe-setflags.cjs	986	09d97b33dc5d7297c0e743fcd9f31cc60d7ec3dc8e6584c23eb9a56e7c87e58a	excluded	type .cjs not kept
phase2	exit-probe-timeout0.cjs	952	b6bb71c571eb803b509a66887b0c1d24a9ea17e59851625eebb88bbcdf218275	excluded	type .cjs not kept
phase2	exit-verify-workspace.mjs	1267	05a2a8d9ab4813e67ce4b62dd714079556c77d6c590909fe526e1bf68c323fd7	excluded	type .mjs not kept
phase2	gauntlet-1.log	63163	8953f01d46e9c996782de9f49d52579bfbaa4e597427ef1a086f01a44c3068f7	excluded	type .log not kept
phase2	generator-fee-probe.cjs	2797	bd8e3e9ecffd21019ae94aa80edc3f368ebb0e661c1f1dd556a914c8d5cf7d6d	excluded	type .cjs not kept
phase2	generator-fee-probe2.cjs	2866	23ed5bbd6874d075fb57d88a70325f745c2f9e8d08c0a6d9f1aade7f387540e1	excluded	type .cjs not kept
phase2	generator-fee-probe3.cjs	2734	acceaf6d40f2e68321d291292163a83199cb0250e35b6c4aa1ecfb8db21b91ac	excluded	type .cjs not kept
phase2	localnet-start-1.log	223	901c09efa96bbccd3a560e00bb3af1c87c641bc9d12ee3d34dc423cab30b3415	excluded	type .log not kept
phase2	p2a-build.log	60044	d0636cc58f1bb6730d06a0fb91d33ce34acd03565f9d7a65da50ad3f401c0c38	excluded	type .log not kept
phase2	p2a-build2.log	60040	e386ca041f14f9d0c85d32bfaf957872a5870e83279ceda7717e1af1d546eb32	excluded	type .log not kept
phase2	p2a-build3.log	60042	1c0fda5a65ac9729ba88548ad645a3f9eff63d058b48495cf15b38e3dea96972	excluded	type .log not kept
phase2	p2b-build1.log	60042	5124683ec0587cc4d575126b0bdbd4b2526f0db968ee3b65827f390c41c0f923	excluded	type .log not kept
phase2	pack-gate.ps1	2684	a05d9bd964fa7d08b835fe5c3fca467143b43508acd4ab6c32f809a8a842af5d	excluded	type .ps1 not kept
phase2	pack2/build.log	118962	ac63ac9ef8d7d1d22ba4d21ba2b275edf667d68478e4ad0e0f3fa0c85a96b1eb	excluded	type .log not kept
phase2	pack2/pack-gate.log	11184	3a1fc7a246ad61709ab03279f189b95601a9e5de4dc6c9808e430908eec16055	excluded	type .log not kept
phase2	pack2/tarball-sha256.txt	1331	b4811d562a5fe0bd9dfcc26a25ff7dc42d0882b67f3d31174a3ed725104a3f8f	excluded	type .txt not kept
phase2	pack2/tarballs/hardkas-accounts-0.12.0-rc.26.tgz	35255	57630ed69c82944517fa115e939110165591f037626e9cfc9e5e318882026494	excluded	type .tgz not kept
phase2	pack2/tarballs/hardkas-artifacts-0.12.0-rc.26.tgz	96961	4dcc9554788c1ddbb2a788c92c435bae68d5543373953d034923133b90a797c5	excluded	type .tgz not kept
phase2	pack2/tarballs/hardkas-bridge-local-0.12.0-rc.26.tgz	4566	fcc81223378de50b6fb6fd2c2c261d4d9afcd92c3e0dc24c1f7da0204a4cc5b8	excluded	type .tgz not kept
phase2	pack2/tarballs/hardkas-cli-0.12.0-rc.26.tgz	297461	272ceb81e96965e687c8709b371090fb393b1fb2fd6e2e0e2de5d41101300ced	excluded	type .tgz not kept
phase2	pack2/tarballs/hardkas-config-0.12.0-rc.26.tgz	5027	ed56ee693ccf07a0c5649dcb65989599316a82bc1258c9134338f5bc290d0229	excluded	type .tgz not kept
phase2	pack2/tarballs/hardkas-core-0.12.0-rc.26.tgz	61513	fb4ae6927761efadacf4a50d598f247c27de8c51c0672fab671495c948d06880	excluded	type .tgz not kept
phase2	pack2/tarballs/hardkas-dev-server-0.12.0-rc.26.tgz	128195	d1b2153c7c357cc199f2ef414fe8bbb848dc1d88fbeb796a002cd9779d08b1f6	excluded	type .tgz not kept
phase2	pack2/tarballs/hardkas-escrow-0.12.0-rc.26.tgz	4793	efdee29d70f15df53113e6343a6ad726ac49170077d8b57f27923ef1bab2d10f	excluded	type .tgz not kept
phase2	pack2/tarballs/hardkas-jobs-0.12.0-rc.26.tgz	8215	4ea8bdb3f1c15a890b63bd9e77a15dab0b888776ae8785096bb2a49f5a102838	excluded	type .tgz not kept
phase2	pack2/tarballs/hardkas-kaspa-rpc-0.12.0-rc.26.tgz	20995	b4e3cbeb2e376f3ecb2c6a20c93f3f4b90ed984361ee3ad5426ca1be1390456e	excluded	type .tgz not kept
phase2	pack2/tarballs/hardkas-l2-0.12.0-rc.26.tgz	8562	db45c8535522482e0d10af2f4265d6514864ef71ba503edc83d0cc46992d9563	excluded	type .tgz not kept
phase2	pack2/tarballs/hardkas-localnet-0.12.0-rc.26.tgz	19523	d9e22b7a445fcaf780993672eb40e72254294997320f3bf792182c07087f0815	excluded	type .tgz not kept
phase2	pack2/tarballs/hardkas-node-orchestrator-0.12.0-rc.26.tgz	4114	25cc94e9768f3a40fc357e996a0872d6a691e6a572db16d581dd5a69cb65411c	excluded	type .tgz not kept
phase2	pack2/tarballs/hardkas-node-runner-0.12.0-rc.26.tgz	5967	7a74191cf7fedb592204098850ba222fd2d6e76fe1709f1654080a9469b96b77	excluded	type .tgz not kept
phase2	pack2/tarballs/hardkas-observability-0.12.0-rc.26.tgz	3693	92f02c40ed9b6d990a4ecee698fabad2d1c623bbc10aeeabdc86129499e4ab09	excluded	type .tgz not kept
phase2	pack2/tarballs/hardkas-pskt-native-0.12.0-rc.26.tgz	2120165	3df2f0a5b5f34b23f8b0c715c6b9219a030dd1e231530683aecb060479637736	excluded	type .tgz not kept
phase2	pack2/tarballs/hardkas-query-0.12.0-rc.26.tgz	24604	c6e581dcc825ee381dbd39034fb4a5e41d69056c3a92bcf2b2649cd930464e45	excluded	type .tgz not kept
phase2	pack2/tarballs/hardkas-query-store-0.12.0-rc.26.tgz	30830	c1a4c6cd3c2449bb1f5a985990e58e66a23be1e6a259702612a3fdb5a37e1056	excluded	type .tgz not kept
phase2	pack2/tarballs/hardkas-rpc-events-0.12.0-rc.26.tgz	14628	d6abf2b3ad2f2fa709ecd93f904b11c0fedf1f4c34993ed196c732b3936b798b	excluded	type .tgz not kept
phase2	pack2/tarballs/hardkas-sdk-0.12.0-rc.26.tgz	76865	da6abfbafda4d1cb0ca1ec84c6ce1b82e9da4a072c244d0ce931f8f1c136e33e	excluded	type .tgz not kept
phase2	pack2/tarballs/hardkas-sessions-0.12.0-rc.26.tgz	2660	f273fd5f574b655d773aab29120603e83be6450aa41e506e136a0fa48f7a85d7	excluded	type .tgz not kept
phase2	pack2/tarballs/hardkas-simulator-0.12.0-rc.26.tgz	15400	b54d5268c7fff6d7035a32f472498c75687dde06284247ef33daab278a97e2cd	excluded	type .tgz not kept
phase2	pack2/tarballs/hardkas-testing-0.12.0-rc.26.tgz	37856	bb36b3d6d44a650b1e69885aee5eb7eae2cfc5b9a1c16515bdeda2f96f0b6899	excluded	type .tgz not kept
phase2	pack2/tarballs/hardkas-toolkit-0.12.0-rc.26.tgz	45190	13f1c647c5e540d4ae8e02461f3b63e6551fa6bd85f17ff8e1758677cb4ae6ed	excluded	type .tgz not kept
phase2	pack2/tarballs/hardkas-tx-builder-0.12.0-rc.26.tgz	22094	7cf883f2080c578b4edb69638c30493a68f44942a2abe5466ffc2edeafea22ca	excluded	type .tgz not kept
phase2	pack2/tree-after.json	415011	9cc03744c595255d678f79627a72a9bd026ceb2d5322fc171ec8f9a8ddb4f79b	excluded	type .json not kept
phase2	pack2/tree-before.json	415011	9cc03744c595255d678f79627a72a9bd026ceb2d5322fc171ec8f9a8ddb4f79b	excluded	type .json not kept
phase2	pack2/tree-final.json	415011	9cc03744c595255d678f79627a72a9bd026ceb2d5322fc171ec8f9a8ddb4f79b	excluded	type .json not kept
phase2	PHASE2-LEDGER.md	13600	9f354f58288e87910efb93f2a547c21879350991b2bbe18737615a3f19b3e4bf	copied	
phase2	planner-differential-1.json	17396	6cd34591d3d846678c8329986119e91d9e7453bc76084bfab06551024af80aa6	excluded	type .json not kept
phase2	planner-differential-2.json	21777	d211f84b490a6a2668d16eb1aef582b438342ff9b904855f9095ce9f31331bdf	excluded	type .json not kept
phase2	planner-differential-4.json	23495	4786f8bec7f3660e2699826a5e502bec5e06bdf3584b27b290325c95bd4ab754	excluded	type .json not kept
phase2	planner-differential.mjs	17600	968d9028d9035b3a54bbc752f697e9d3c87ca321f84bf722fccfe01b38a48767	excluded	type .mjs not kept
phase2	qual-1.out	157	8294a51f59b8146f413ecf70e814ecddcb6f6f66fcd28c0bd5bdf5e79198f388	excluded	type .out not kept
phase3	deletion/historical/.hardkas/artifacts/misc/snapshot-bcba6f174c6d2caac0df005dc9cfa94cd29928ede8ec9c8c63cc09e3be9c9bcc.json	2614	44e6089830f3c1056f52c75db92c630cdbcae89705492b9f64a5e1fa7906092f	excluded	type .json not kept
phase3	deletion/historical/.hardkas/localnet.json	2349	9eadb944426ac6a046cf592254a8df48d26da58055cd8639f14cfa2e594a7953	excluded	type .json not kept
phase3	deletion/historical/silverdeploysim.cli-after.json	1265	56ae38fada84d63adb64cf1048227820a3c615a0fab325f24e61cdecce9219e9	excluded	type .json not kept
phase3	deletion/historical/silverdeploysim.cli-before.json	1265	56ae38fada84d63adb64cf1048227820a3c615a0fab325f24e61cdecce9219e9	excluded	type .json not kept
phase3	deletion/historical/silverdeploysim.json	1540	9f1db9a57db1c02fecfd947b7dd1110498b33a8512a32e5879089b3a73f7037a	excluded	type .json not kept
phase3	deletion/historical/silverspendsim.cli-after.json	1264	0636d6a4a4ed1d2a314d6ffe7262a16414c1c9156af86aa713841d1dfcf56ee7	excluded	type .json not kept
phase3	deletion/historical/silverspendsim.cli-before.json	1264	0636d6a4a4ed1d2a314d6ffe7262a16414c1c9156af86aa713841d1dfcf56ee7	excluded	type .json not kept
phase3	deletion/historical/silverspendsim.json	1730	143963be34bd8d524b196f42412c5687814b0ade448f93f7b5811cb6ca64d528	excluded	type .json not kept
phase3	deletion/historical/verify-make-1790673661673.json	540	c877c9a9e2dc88adfaf1468973e95f8e607c0f620486c6501677c9b9b169f7a0	excluded	type .json not kept
phase3	deletion/historical/verify-verify-1790673898994.json	540	c877c9a9e2dc88adfaf1468973e95f8e607c0f620486c6501677c9b9b169f7a0	excluded	type .json not kept
phase3	deletion/historical.mjs	4421	cc61372a46b665a7cf68f99ece3d4e92ef9cbe9255728af07285c36bb9f57e77	excluded	type .mjs not kept
phase3	diferencial-silver.html	13099	e8b3b087562b680f7a99845b673e98f7dda2049ab4e054f2d59573e70c74c23f	excluded	type .html not kept
phase3	integration/integracion-runner.html	13503	5feec3cd5745912d9f37423a184408de96b611aedd14ef5dd513e00e46c8829c	excluded	type .html not kept
phase3	integration/qualify-adapter-2.json	20898	ada6b7f65623f000dda1228ce6f5de3cc2bb71c8976c9e7ab9fe16bd2af1989b	excluded	type .json not kept
phase3	integration/qualify-adapter-3.json	20709	3bf4bd68d5d9fcbef38d0df0e2d950eb682161f2ee82a94dca5bbe1409e5982d	excluded	type .json not kept
phase3	integration/qualify-adapter-4.json	20709	e33e88d8b9e5dd530ac907bba202142856af43d0f6eca494b7cb9ac20363e69f	excluded	type .json not kept
phase3	integration/qualify-adapter-5.json	20709	2be5d52c0ad55359b5a449d370640f1ae66cbb8ceefa4ada75884baa3a57de16	excluded	type .json not kept
phase3	integration/qualify-adapter.mjs	20280	0af539a4c5b4c67cfa9786960aa855a90a5cefd887eb8242b8815fe67360a53a	excluded	type .mjs not kept
phase3	integration/upstream-issue-draft.md	1132	604565a4c50707c77b3e86630cbcccb356e834e3d82bbfca3ccb053f7f39a74b	copied	
phase3	inventory/inventario.html	15199	405c79c8e7ab5a56566edd9d9e86e1839abc57940a5b12dd55439bddbfc4ec26	excluded	type .html not kept
phase3	inventory/INVENTORY-NOTES.md	7840	aa9e93e478f0fabb51b164c9c26d4dfe8343ccee80dfc2dddb64b5828344eb46	copied	
phase3	localnet-start-1.log	223	901c09efa96bbccd3a560e00bb3af1c87c641bc9d12ee3d34dc423cab30b3415	excluded	type .log not kept
phase3	PHASE3-LEDGER.md	16047	10e91842d4cd1b400402f121af812f75e1d6b3ceb9b84ed69b060b2fad10662f	copied	
phase3	probe-explicit-sigscript/Dash.test.json	103	c6109c2087585ab760b80c02e18b5a3704c7d7963d3d203f10a55e07090b17ed	excluded	type .json not kept
phase3	probe-explicit-sigscript/Guess.sil	128	f5d5a7b1e339be01f452d059bfe2d6fad3a65d8d5d624702a5e184ba4901b04e	excluded	type .sil not kept
phase3	probe-explicit-sigscript/Guess.test.json	6271	34adaf8f62ab605c720c5e5cab87b24143e863fdcc69b2192cedd880c2f87133	excluded	type .json not kept
phase3	probe-explicit-sigscript/out.txt	976	6a675cd8aa23036f011581e3413c498aff6f96ee1577a2199188877e65498077	excluded	type .txt not kept
phase3	probe-explicit-sigscript/sig-binding.mjs	3906	eba7bcc9acda3cee83834177647919a2447425fc4668e97858ccbcf310ac6a09	excluded	type .mjs not kept
phase3	probe-explicit-sigscript/sig-work/sig-binding.json	508	02dc57d8c129f1ce8a9e4d79670550394f6b93c85558e145fdf440605881eafb	excluded	type .json not kept
phase3	probe-explicit-sigscript/sig-work/SignedRelease.sil	154	b0ea5f3e9452c72f9369d25512c4bcf9ff885c48b84b61377d1a70905fb7dc0a	excluded	type .sil not kept
phase3	probe-explicit-sigscript/sig-work/SignedRelease.test.json	3237	8f22eb913d737f78c89e2d10863a5f80b90b236f1a06068c9da51797c90f0a03	excluded	type .json not kept
phase3	rpc-shape.mjs	1178	b5927dc490b13eb54023e6c8f111b9791b6b99069008b73d2ec15958456c773a	excluded	type .mjs not kept
phase3	silver-differential-1.json	19613	dfa10d46e94fa17a4efc2d6d8d55c9508dc86ac05d4f8ef43e7272d5d505b033	excluded	type .json not kept
phase3	silver-differential-2.json	20804	4ece66ae9be8e20da7a48f1c7a1339ccfb506189149922d03df3e57ce96c21ab	excluded	type .json not kept
phase3	silver-differential-3.json	19386	e456779c0a9c35b19205beca7b774d7946133ec7eb5887330f05978d388e6e07	excluded	type .json not kept
phase3	silver-differential.mjs	20897	94aa3b99d5c9bec59afb61c93b3b528fa193d8cd42516072c764d4e953fbcf82	excluded	type .mjs not kept
phase3	silver-node-check-1.json	1654	eae5e7d77c52741ee07641f9df212438318b5ee5ec03de72592c4c8d28893ef7	excluded	type .json not kept
phase3	silver-node-check-2.json	2066	defd36f816f1ecc482fe9b1db5c6265912659ad713fd122ecdda08dee5f33f94	excluded	type .json not kept
phase3	silver-node-check.mjs	5285	c09ff8f954ef8264e80fc06f76f199ce6919545bd5a3e356156b453572312529	excluded	type .mjs not kept
phase3	work1/Counter.out.txt	1698	976be0c752fa328e0fb4dee3cb97363709c23582f900ff8358dcc9b5cfe6a7b8	excluded	type .txt not kept
phase3	work1/Counter.sil	316	a3432f1bb81df367da5e3d16412379945fda8a51ea040296d79308377927facd	excluded	type .sil not kept
phase3	work1/Counter.test.json	3871	09c2079b175818d1221a5b4cf142a27749908766c1f11764c10d55b29a65b959	excluded	type .json not kept
phase3	work1/Escrow-hardkas-unlock.out.txt	7439	fd0cc2c495fd14f626e1c7ee0d0dc9e4c9248f4cf36897f8b86a98a1655f21d8	excluded	type .txt not kept
phase3	work1/Escrow-hardkas-unlock.sil	1128	3e499912ad084aaf0eece3bdea7e6c51f4e3ce6c0f7fd25b1c0a07676f85aaad	excluded	type .sil not kept
phase3	work1/Escrow-hardkas-unlock.test.json	19695	6e148196de669cb799011f8c8f2481028ea1aba5b947227e72c3666a8b8b5287	excluded	type .json not kept
phase3	work1/Escrow.out.txt	7439	fd0cc2c495fd14f626e1c7ee0d0dc9e4c9248f4cf36897f8b86a98a1655f21d8	excluded	type .txt not kept
phase3	work1/Escrow.sil	1128	3e499912ad084aaf0eece3bdea7e6c51f4e3ce6c0f7fd25b1c0a07676f85aaad	excluded	type .sil not kept
phase3	work1/Escrow.test.json	10687	89147fe16a5e130549041c7a7fc1c4a59667637a1c7d6ff3808840ecf17bc017	excluded	type .json not kept
phase3	work1/Guess-hardkas-unlock.out.txt	463	469e4bef11e5b348bda8f9128bce2f27cbc135a6c6469890a2c5f3eed8e34e72	excluded	type .txt not kept
phase3	work1/Guess-hardkas-unlock.sil	128	f5d5a7b1e339be01f452d059bfe2d6fad3a65d8d5d624702a5e184ba4901b04e	excluded	type .sil not kept
phase3	work1/Guess-hardkas-unlock.test.json	1407	21e3c83b446187f7956b6380dbc266ddaccb7f808933711f7b2f7bc5b594f99b	excluded	type .json not kept
phase3	work1/Guess.out.txt	463	469e4bef11e5b348bda8f9128bce2f27cbc135a6c6469890a2c5f3eed8e34e72	excluded	type .txt not kept
phase3	work1/Guess.sil	128	f5d5a7b1e339be01f452d059bfe2d6fad3a65d8d5d624702a5e184ba4901b04e	excluded	type .sil not kept
phase3	work1/Guess.test.json	1195	401387ff205da66bd52cb1bb6a3e9c9e96f09acf347f1f83ce7727d8c84933ae	excluded	type .json not kept
phase3	work1/GuessStructural.out.txt	157	f2cd96a6c50943d2a85b03b87b942b85f03d4eefd9147ada189db4e47c630c7f	excluded	type .txt not kept
phase3	work1/GuessStructural.sil	128	f5d5a7b1e339be01f452d059bfe2d6fad3a65d8d5d624702a5e184ba4901b04e	excluded	type .sil not kept
phase3	work1/GuessStructural.test.json	1385	469d117f39ab9ccf1b236e241e60d1c6e0bebc2548c761b4f9b8959240fc925f	excluded	type .json not kept
phase3	work1/SignedRelease-hardkas-unlock.out.txt	1305	be15433e58ac8d6eaae26c606eafd11979800b875c89202d9bfe4527d1f4d629	excluded	type .txt not kept
phase3	work1/SignedRelease-hardkas-unlock.sil	154	b0ea5f3e9452c72f9369d25512c4bcf9ff885c48b84b61377d1a70905fb7dc0a	excluded	type .sil not kept
phase3	work1/SignedRelease-hardkas-unlock.test.json	3278	fa1dbb2989e9ab0f973c9daecb276062ded03cbd2d2b05cb167a68e5680506bb	excluded	type .json not kept
phase3	work1/SignedRelease.out.txt	1305	be15433e58ac8d6eaae26c606eafd11979800b875c89202d9bfe4527d1f4d629	excluded	type .txt not kept
phase3	work1/SignedRelease.sil	154	b0ea5f3e9452c72f9369d25512c4bcf9ff885c48b84b61377d1a70905fb7dc0a	excluded	type .sil not kept
phase3	work1/SignedRelease.test.json	2390	7235240c4c5da8144668da0282060097c9137b9ede70f7f0fb79174d27ac7a1b	excluded	type .json not kept
phase3	work1/TransferWithTimeout-hardkas-unlock.out.txt	2558	0357d1cb79cd3b8f9863c2248e430b2ad750b02fd4e3d0190d32dac4c5d35323	excluded	type .txt not kept
phase3	work1/TransferWithTimeout-hardkas-unlock.sil	332	fabadb59dbcb4b6b5ef577b65cd21a636b9e2de695aa64178d4bff39d30d84f6	excluded	type .sil not kept
phase3	work1/TransferWithTimeout-hardkas-unlock.test.json	8148	bd590f6d75fbd299b17547c58d2071591861d6e20ef74a180c5debe30058b7ce	excluded	type .json not kept
phase3	work1/TransferWithTimeout.out.txt	2558	0357d1cb79cd3b8f9863c2248e430b2ad750b02fd4e3d0190d32dac4c5d35323	excluded	type .txt not kept
phase3	work1/TransferWithTimeout.sil	332	fabadb59dbcb4b6b5ef577b65cd21a636b9e2de695aa64178d4bff39d30d84f6	excluded	type .sil not kept
phase3	work1/TransferWithTimeout.test.json	5532	89de1986fe64b544d39112d04770160c62c8746d39a6d47cd30b15be2869bf20	excluded	type .json not kept
phase3	work2/Counter.out.txt	1698	976be0c752fa328e0fb4dee3cb97363709c23582f900ff8358dcc9b5cfe6a7b8	excluded	type .txt not kept
phase3	work2/Counter.sil	316	a3432f1bb81df367da5e3d16412379945fda8a51ea040296d79308377927facd	excluded	type .sil not kept
phase3	work2/Counter.test.json	3871	09c2079b175818d1221a5b4cf142a27749908766c1f11764c10d55b29a65b959	excluded	type .json not kept
phase3	work2/Escrow-hardkas-unlock.out.txt	7439	2f96838fb333eacd3f3a283918250926292fb4e71561131caeb9825a7073d715	excluded	type .txt not kept
phase3	work2/Escrow-hardkas-unlock.sil	1128	3e499912ad084aaf0eece3bdea7e6c51f4e3ce6c0f7fd25b1c0a07676f85aaad	excluded	type .sil not kept
phase3	work2/Escrow-hardkas-unlock.test.json	19695	3bd9fb660a7cd4ed7c574dc056cca1595ed306e87e0928c635389be96cee875e	excluded	type .json not kept
phase3	work2/Escrow.out.txt	7439	2f96838fb333eacd3f3a283918250926292fb4e71561131caeb9825a7073d715	excluded	type .txt not kept
phase3	work2/Escrow.sil	1128	3e499912ad084aaf0eece3bdea7e6c51f4e3ce6c0f7fd25b1c0a07676f85aaad	excluded	type .sil not kept
phase3	work2/Escrow.test.json	10687	54a7a781be753ec378c87ad104136ff23f5f547e769d78821e8905bad859592e	excluded	type .json not kept
phase3	work2/Guess-hardkas-unlock.out.txt	463	469e4bef11e5b348bda8f9128bce2f27cbc135a6c6469890a2c5f3eed8e34e72	excluded	type .txt not kept
phase3	work2/Guess-hardkas-unlock.sil	128	f5d5a7b1e339be01f452d059bfe2d6fad3a65d8d5d624702a5e184ba4901b04e	excluded	type .sil not kept
phase3	work2/Guess-hardkas-unlock.test.json	1407	21e3c83b446187f7956b6380dbc266ddaccb7f808933711f7b2f7bc5b594f99b	excluded	type .json not kept
phase3	work2/Guess.out.txt	463	469e4bef11e5b348bda8f9128bce2f27cbc135a6c6469890a2c5f3eed8e34e72	excluded	type .txt not kept
phase3	work2/Guess.sil	128	f5d5a7b1e339be01f452d059bfe2d6fad3a65d8d5d624702a5e184ba4901b04e	excluded	type .sil not kept
phase3	work2/Guess.test.json	1195	401387ff205da66bd52cb1bb6a3e9c9e96f09acf347f1f83ce7727d8c84933ae	excluded	type .json not kept
phase3	work2/GuessStructural.out.txt	157	f2cd96a6c50943d2a85b03b87b942b85f03d4eefd9147ada189db4e47c630c7f	excluded	type .txt not kept
phase3	work2/GuessStructural.sil	128	f5d5a7b1e339be01f452d059bfe2d6fad3a65d8d5d624702a5e184ba4901b04e	excluded	type .sil not kept
phase3	work2/GuessStructural.test.json	1385	469d117f39ab9ccf1b236e241e60d1c6e0bebc2548c761b4f9b8959240fc925f	excluded	type .json not kept
phase3	work2/SignedRelease-hardkas-unlock.out.txt	1305	f1c4de37bc888c01c35a5d21ca9284521df71ac1742f9163a73815843b4b49bc	excluded	type .txt not kept
phase3	work2/SignedRelease-hardkas-unlock.sil	154	b0ea5f3e9452c72f9369d25512c4bcf9ff885c48b84b61377d1a70905fb7dc0a	excluded	type .sil not kept
phase3	work2/SignedRelease-hardkas-unlock.test.json	3278	8f3fccd52e0f0c518f8325a456fd4561ab7b35894163e6047c31c441abdc3665	excluded	type .json not kept
phase3	work2/SignedRelease.out.txt	1305	f1c4de37bc888c01c35a5d21ca9284521df71ac1742f9163a73815843b4b49bc	excluded	type .txt not kept
phase3	work2/SignedRelease.sil	154	b0ea5f3e9452c72f9369d25512c4bcf9ff885c48b84b61377d1a70905fb7dc0a	excluded	type .sil not kept
phase3	work2/SignedRelease.test.json	2390	3dc42eff7ac1e996d0ea3cd5f825a0e8207dc9ec2082b08ce1bc9a28297bd082	excluded	type .json not kept
phase3	work2/TransferWithTimeout-hardkas-unlock.out.txt	2558	87287205b36dac8bce399a98749d683243bcdb6f0c01c5439ac9cdd98140b042	excluded	type .txt not kept
phase3	work2/TransferWithTimeout-hardkas-unlock.sil	332	fabadb59dbcb4b6b5ef577b65cd21a636b9e2de695aa64178d4bff39d30d84f6	excluded	type .sil not kept
phase3	work2/TransferWithTimeout-hardkas-unlock.test.json	8148	7f54abc81338259f3789cb15f6adadc7c20be36580b0776e82270502b7638992	excluded	type .json not kept
phase3	work2/TransferWithTimeout.out.txt	2558	87287205b36dac8bce399a98749d683243bcdb6f0c01c5439ac9cdd98140b042	excluded	type .txt not kept
phase3	work2/TransferWithTimeout.sil	332	fabadb59dbcb4b6b5ef577b65cd21a636b9e2de695aa64178d4bff39d30d84f6	excluded	type .sil not kept
phase3	work2/TransferWithTimeout.test.json	5532	7ee67eab1be43cdf2c232790e021256662094f8200f01ad06227f77387860ba3	excluded	type .json not kept
phase3	work3/AllPass.sil	128	f5d5a7b1e339be01f452d059bfe2d6fad3a65d8d5d624702a5e184ba4901b04e	excluded	type .sil not kept
phase3	work3/AllPass.test.json	195	44fa68b70b94e6c66ca45d15f062f5962174863777cfd78ee3fce3a505581ee8	excluded	type .json not kept
phase3	work3/Counter.out.txt	1698	976be0c752fa328e0fb4dee3cb97363709c23582f900ff8358dcc9b5cfe6a7b8	excluded	type .txt not kept
phase3	work3/Counter.sil	316	a3432f1bb81df367da5e3d16412379945fda8a51ea040296d79308377927facd	excluded	type .sil not kept
phase3	work3/Counter.test.json	3871	09c2079b175818d1221a5b4cf142a27749908766c1f11764c10d55b29a65b959	excluded	type .json not kept
phase3	work3/Escrow-hardkas-unlock.out.txt	7439	075a3e0939d1f319c0e8048c0e8e5d9d474d2040b9735193345268c85555f118	excluded	type .txt not kept
phase3	work3/Escrow-hardkas-unlock.sil	1128	3e499912ad084aaf0eece3bdea7e6c51f4e3ce6c0f7fd25b1c0a07676f85aaad	excluded	type .sil not kept
phase3	work3/Escrow-hardkas-unlock.test.json	19695	3a4be70e4113028ec7e2aa466e4c0ebcaeafff34a231a10986a84e1ab1c9a35f	excluded	type .json not kept
phase3	work3/Escrow.out.txt	7439	075a3e0939d1f319c0e8048c0e8e5d9d474d2040b9735193345268c85555f118	excluded	type .txt not kept
phase3	work3/Escrow.sil	1128	3e499912ad084aaf0eece3bdea7e6c51f4e3ce6c0f7fd25b1c0a07676f85aaad	excluded	type .sil not kept
phase3	work3/Escrow.test.json	10687	f518163662f119e68c1fd3813845edd3e5c088f34110526d9524ab10e4b219b8	excluded	type .json not kept
phase3	work3/Guess-hardkas-unlock.out.txt	463	469e4bef11e5b348bda8f9128bce2f27cbc135a6c6469890a2c5f3eed8e34e72	excluded	type .txt not kept
phase3	work3/Guess-hardkas-unlock.sil	128	f5d5a7b1e339be01f452d059bfe2d6fad3a65d8d5d624702a5e184ba4901b04e	excluded	type .sil not kept
phase3	work3/Guess-hardkas-unlock.test.json	1407	21e3c83b446187f7956b6380dbc266ddaccb7f808933711f7b2f7bc5b594f99b	excluded	type .json not kept
phase3	work3/Guess.out.txt	463	469e4bef11e5b348bda8f9128bce2f27cbc135a6c6469890a2c5f3eed8e34e72	excluded	type .txt not kept
phase3	work3/Guess.sil	128	f5d5a7b1e339be01f452d059bfe2d6fad3a65d8d5d624702a5e184ba4901b04e	excluded	type .sil not kept
phase3	work3/Guess.test.json	1195	401387ff205da66bd52cb1bb6a3e9c9e96f09acf347f1f83ce7727d8c84933ae	excluded	type .json not kept
phase3	work3/GuessStructural.out.txt	157	f2cd96a6c50943d2a85b03b87b942b85f03d4eefd9147ada189db4e47c630c7f	excluded	type .txt not kept
phase3	work3/GuessStructural.sil	128	f5d5a7b1e339be01f452d059bfe2d6fad3a65d8d5d624702a5e184ba4901b04e	excluded	type .sil not kept
phase3	work3/GuessStructural.test.json	1385	469d117f39ab9ccf1b236e241e60d1c6e0bebc2548c761b4f9b8959240fc925f	excluded	type .json not kept
phase3	work3/SignedRelease-hardkas-unlock.out.txt	1305	74a50fc2654da0dee2c496d5a1ec8f491f730f7378749b63846fea3d6ceb7726	excluded	type .txt not kept
phase3	work3/SignedRelease-hardkas-unlock.sil	154	b0ea5f3e9452c72f9369d25512c4bcf9ff885c48b84b61377d1a70905fb7dc0a	excluded	type .sil not kept
phase3	work3/SignedRelease-hardkas-unlock.test.json	3278	2094b214bc22c67d0a48f35cafb6c24809032c18d76b96c2b8893533215034ba	excluded	type .json not kept
phase3	work3/SignedRelease.out.txt	1305	74a50fc2654da0dee2c496d5a1ec8f491f730f7378749b63846fea3d6ceb7726	excluded	type .txt not kept
phase3	work3/SignedRelease.sil	154	b0ea5f3e9452c72f9369d25512c4bcf9ff885c48b84b61377d1a70905fb7dc0a	excluded	type .sil not kept
phase3	work3/SignedRelease.test.json	2390	e370ace381e7e7c5cff0a7378eae982fe9886ed1f8c86a6e30accc8173297f2e	excluded	type .json not kept
phase3	work3/TransferWithTimeout-hardkas-unlock.out.txt	2558	2e672dc4cd2e12fa70f29daaa4b2abf34f439aef0a5590c030cd53c697022cdd	excluded	type .txt not kept
phase3	work3/TransferWithTimeout-hardkas-unlock.sil	332	fabadb59dbcb4b6b5ef577b65cd21a636b9e2de695aa64178d4bff39d30d84f6	excluded	type .sil not kept
phase3	work3/TransferWithTimeout-hardkas-unlock.test.json	8148	df6defe8628aa653ccae390d4a5869efc782e8cc6132f89e5526c574f191d704	excluded	type .json not kept
phase3	work3/TransferWithTimeout.out.txt	2558	2e672dc4cd2e12fa70f29daaa4b2abf34f439aef0a5590c030cd53c697022cdd	excluded	type .txt not kept
phase3	work3/TransferWithTimeout.sil	332	fabadb59dbcb4b6b5ef577b65cd21a636b9e2de695aa64178d4bff39d30d84f6	excluded	type .sil not kept
phase3	work3/TransferWithTimeout.test.json	5532	ce9c92c736d40727e1af15d686e7c0708251836bc4bc5de857cc7f57e99364d2	excluded	type .json not kept
cut4-netparams	CUT-NETPARAMS-LEDGER.md	8963	4be518989f5eef5240a4c6fc6365bfe5086467a2bce6620624cb79b91cb4312e	copied	
cut4-netparams	netparams-1.json	3881	be2eeb53cb4e8be60159608a74e92f24fb311e592325f8fbcd52b6e3b6ce4512	excluded	type .json not kept
cut4-netparams	netparams-differential.mjs	2439	262d39a8914383eadb93d99f13de0433c1dd689a485bd520e2465f73f4d6dc4e	excluded	type .mjs not kept
cut4-netparams	parametros-red.html	11149	65778a0e98a3f9f470ee0caaeb29c76e158bba998f8ba8aae17acba661a110e6	excluded	type .html not kept
hygiene-tmp-pskt	LEDGER.md	2066	3970364aed9e29edb3eda585513300ba1e646ffa5c7b9188953c3e8b06dff808	copied	
cut5-deadcode	bare-imports.mjs	1731	c6f3d3930b045f7b6af3ab40eeb6353eff448a0f05f0957d7c7a0efcf32622dc	excluded	type .mjs not kept
cut5-deadcode	codigo-muerto.html	9813	1c399a3691ca19b71bfc93ffd18348909b4ea560587379839feaae10ba95de9e	excluded	type .html not kept
cut5-deadcode	CUT-DEADCODE-LEDGER.md	30258	c3dd0b38328d0945b885688885d210b3640a5a11a043c5d4ec3f1481ba0a575f	copied	
cut5-deadcode	delete-list.txt	1438	09bdab2c02516844eb9bff8adb364d9483427dd13f477704c97e78413efc9578	excluded	type .txt not kept
cut5-deadcode	dep-text-refs.mjs	1587	928c19e19847e52a9b6fee701c148a1df19e6394353ebe1bb0fb18d73a7b0a39	excluded	type .mjs not kept
cut5-deadcode	deps-2b/2b1-applied-run2.patch	17414	2ca881aae0b3d67ba9c0f56a0fa2b716a1a97ef5d38dd8f79df214426a7c329d	excluded	type .patch not kept
cut5-deadcode	deps-2b/2b1-applied.patch	17414	2ca881aae0b3d67ba9c0f56a0fa2b716a1a97ef5d38dd8f79df214426a7c329d	excluded	type .patch not kept
cut5-deadcode	deps-2b/apply-2b1.mjs	2331	84489d3252e836cf1368b656bc663df9a728d3dea57f64aa8e01a19902989f80	excluded	type .mjs not kept
cut5-deadcode	deps-2b/apply-2b2-manifests.mjs	1117	533546eea4097bc2e9edaa924e6e8d5a0fd1d1f5ac3646d75ced31fc2e1a1bc3	excluded	type .mjs not kept
cut5-deadcode	deps-2b/apply-2b2.mjs	1056	7acaaa111d1b5ad21579fe390f875d2471884e8afbeb43a9fa020ef79ecb033c	excluded	type .mjs not kept
cut5-deadcode	deps-2b/apply-testing-peer.mjs	1295	2ffcbf1d0f7be81645fdd803ea3a2d2d063cc7f9af0370abcde8d284c6bb6980	excluded	type .mjs not kept
cut5-deadcode	deps-2b/build-before.log	47497	5749f1e7a85a2b369f16cf0d857385561d933b86e8943a71ca6bfaec669206eb	excluded	type .log not kept
cut5-deadcode	deps-2b/init.ts.2b2	13743	eeba5cd05a4491156cf9b0510e061143c60cf64c4a61f48b26d7411b94621f13	excluded	type .2b2 not kept
cut5-deadcode	deps-2b/packed-smoke.mjs	11583	8acd98b8bf356ac08aa0ffc239929942dc5bc3bb1450994f2c6db1a57d04b6e3	excluded	type .mjs not kept
cut5-deadcode	deps-2b/pnpm-install-2b1-run2.log	2228	0f075792029840422614034f56cbc3ee1ab1cee097d818849907cee600f58fdc	excluded	type .log not kept
cut5-deadcode	deps-2b/pnpm-install-2b1.log	2577	51a6932c408a6777fc6aa9ff9b5d439f683767eb159ea11daecf6cd019414254	excluded	type .log not kept
cut5-deadcode	deps-2b/pnpm-install-2b2.log	1925	713019fc5a8adb966c0a33cc05f5b7119d250b90bf9d2ca1faed6caae192b0bd	excluded	type .log not kept
cut5-deadcode	deps-2b/pnpm-install-testing-peer.log	862	217be4a7737401e5cb6344072e6ce9282d952e873828fbe785465185a93fc55c	excluded	type .log not kept
cut5-deadcode	deps-2b/pnpm-lockfile-only-HEAD.log	51	7afb745a07e0bdee44601a56bd0430dacdc55caba0d8de092308cf114cb23669	excluded	type .log not kept
cut5-deadcode	deps-2b/scaffold-2b2-run1.log	1465	81748394f6ad02dd7869f09ac83830491aaccb60deff4d7033b8589bc490ec80	excluded	type .log not kept
cut5-deadcode	deps-2b/scaffold-regression-run1.log	1253	d0d0983def33dc9b7da192fcc1473d69376a5dcc33a266b01202399b03a33f01	excluded	type .log not kept
cut5-deadcode	deps-2b/scaffold-regression-run2.log	1464	483e3691cd32e0765dc91a3c5cfcad6f99fcb34ecfb9165a3395f89686afcc73	excluded	type .log not kept
cut5-deadcode	deps-2b/scaffold-regression-run3.log	1465	2965d1af92c5b0899a26226a311683c0d638f90341d260e40f06b95a525b7de1	excluded	type .log not kept
cut5-deadcode	deps-2b/scaffold-regression.mjs	6436	698b1b1d9906707197e968c31fe68db7af6151c6860dd9c5f644c98128256a58	excluded	type .mjs not kept
cut5-deadcode	deps-2b/scaffold-testing-peer-run1.log	1465	21660bb61a04c45e3505040e3ba0d4eab16fdb13ee051f2518c7e35e129c8b92	excluded	type .log not kept
cut5-deadcode	deps-2b/smoke-2b2-run1.log	2971	c632c6530188b68174573cc92026d56f1f635663a77aa245f0e1a02d7238d704	excluded	type .log not kept
cut5-deadcode	deps-2b/smoke-after-run1.log	2977	d5f3e37bb1bdef13ebeae125f71f79ce0fc6dd38825ab63b6b4012678f000fca	excluded	type .log not kept
cut5-deadcode	deps-2b/smoke-before-run1.log	1860	f16756249ef2f738ba254359a0a454919d9c4f523e806f10ab3093216ea5f7bb	excluded	type .log not kept
cut5-deadcode	deps-2b/smoke-before-run2.log	2978	c05c205eea5bb2d2436bb04ebec5fb1de0f673b32f67d2ff1e5a71c32bec8c71	excluded	type .log not kept
cut5-deadcode	deps-2b/smoke-before-run3.log	2979	49c132432232f8d1c07c5376673ba5c489161f4b280ea30a032861c7405ca044	excluded	type .log not kept
cut5-deadcode	deps-2b/smoke-no-core-lib-run1.log	2993	3cdf8d203530d7d069576c260d17c2f3a8452f124c1438378100d5dd43dd0175	excluded	type .log not kept
cut5-deadcode	deps-2b/smoke-testing-peer-run1.log	2996	6a7f994b6d70ece9d34939d1801f4485db596f70d50a6c3eb15a5be1f8da51f8	excluded	type .log not kept
cut5-deadcode	deps-2b/testing-peer-after-run1.log	828	3b038f825c931946d8ce1a945fa5b9404837384deff63d1fee853ab33f1932c5	excluded	type .log not kept
cut5-deadcode	deps-2b/testing-peer-after-run2.log	831	dd23d204a71f0e4e6543073ecc181d99c399b0ed8a6675e31134205b6b03fa55	excluded	type .log not kept
cut5-deadcode	deps-2b/testing-peer-before-run1.log	847	623ce2028a751b3696f597b91c24b9ee3850810bdac8f5bf5d748cb455bd5d3f	excluded	type .log not kept
cut5-deadcode	deps-2b/testing-peer-before-run2.log	829	37ce9c9ddc7e14c48fb4faf1527199217b8cfca47b6fd444a4486de52c30cd96	excluded	type .log not kept
cut5-deadcode	deps-2b/testing-peer-before-run3.log	832	8f78a7033a3301d407619b2562c4f4c57062edb4ad2f371ad8dd229fc0da8f95	excluded	type .log not kept
cut5-deadcode	deps-2b/testing-peer-check.mjs	5979	2206a6eb95e4042788b9a005af172b32a59da38446c941a7d189c11f0472e565	excluded	type .mjs not kept
cut5-deadcode	deps-2b/testing-peer-real-run1.log	832	14b722b9869c854970f338bdf5d47f4478543a00beb0304cb5aa969510c0f795	excluded	type .log not kept
cut5-deadcode	deps-2b/walk-debug.mjs	2883	495805879d2906dd1c1fcbb0c8cade04971003e4f30f9c3e6dce558606dc2dc8	excluded	type .mjs not kept
cut5-deadcode	importers.mjs	1567	5c8971ee115b0d00a576b7a53e62cd7bac93fa53f1d3b63a52ab015940474249	excluded	type .mjs not kept
cut5-deadcode	knip-1.err	548	883291dcfa34a512a7283292fa4cdc14ef5cc428835d4f0c424bb466b03b3f3f	excluded	type .err not kept
cut5-deadcode	knip-1.json	36033	9c8d9ef0bf0218af78ba2150d447e8cf52d556182304f1fad06ef5f8b2c9377b	excluded	type .json not kept
cut5-deadcode	knip-2.json	10963	d7d7be21f21a9b69ab97899f5c1931bd77cecf46b57539daae5ddc2dd540ffce	excluded	type .json not kept
cut5-deadcode	name-refs.mjs	1621	9c8fa6c2739b36e888f64215778fb47bfded02819d3de7863108341eede48574	excluded	type .mjs not kept
